ts,long_quantity,short_quantity,api_version,scope,interval,symbol,endpoint,path,fetched_at
2025-10-25 00:00:00+00:00,82828.87,2082.23,v4,symbol_interval,12h,ETH,bitfinex_margin,bitfinex-margin-long-short,2026-04-22T21:30:15.415109+00:00
2025-10-25 12:00:00+00:00,82706.5,2062.98,v4,symbol_interval,12h,ETH,bitfinex_margin,bitfinex-margin-long-short,2026-04-23T01:05:43.290403+00:00
2025-10-26 00:00:00+00:00,82705.63,2255.53,v4,symbol_interval,12h,ETH,bitfinex_margin,bitfinex-margin-long-short,2026-04-23T01:05:43.290403+00:00
2025-10-26 12:00:00+00:00,82648.76,2260.1,v4,symbol_interval,12h,ETH,bitfinex_margin,bitfinex-margin-long-short,2026-04-24T04:24:38.244433+00:00
2025-10-27 00:00:00+00:00,82679.56,2212.65,v4,symbol_interval,12h,ETH,bitfinex_margin,bitfinex-margin-long-short,2026-04-24T04:24:38.244433+00:00
2025-10-27 12:00:00+00:00,82385.14,2120.72,v4,symbol_interval,12h,ETH,bitfinex_margin,bitfinex-margin-long-short,2026-04-24T04:24:38.244433+00:00
2025-10-28 00:00:00+00:00,82538.84,2080.24,v4,symbol_interval,12h,ETH,bitfinex_margin,bitfinex-margin-long-short,2026-04-24T04:24:38.244433+00:00
2025-10-28 12:00:00+00:00,82545.19,2013.56,v4,symbol_interval,12h,ETH,bitfinex_margin,bitfinex-margin-long-short,2026-04-24T04:24:38.244433+00:00
2025-10-29 00:00:00+00:00,82811.49,2130.41,v4,symbol_interval,12h,ETH,bitfinex_margin,bitfinex-margin-long-short,2026-04-24T04:24:38.244433+00:00
2025-10-29 12:00:00+00:00,82685.37,2100.34,v4,symbol_interval,12h,ETH,bitfinex_margin,bitfinex-margin-long-short,2026-04-24T04:24:38.244433+00:00
2025-10-30 00:00:00+00:00,82513.83,2267.58,v4,symbol_interval,12h,ETH,bitfinex_margin,bitfinex-margin-long-short,2026-04-24T04:24:38.244433+00:00
2025-10-30 12:00:00+00:00,82623.64,2240.83,v4,symbol_interval,12h,ETH,bitfinex_margin,bitfinex-margin-long-short,2026-04-24T04:24:38.244433+00:00
2025-10-31 00:00:00+00:00,82218.78,2002.12,v4,symbol_interval,12h,ETH,bitfinex_margin,bitfinex-margin-long-short,2026-04-24T04:24:38.244433+00:00
2025-10-31 12:00:00+00:00,82251.16,1875.48,v4,symbol_interval,12h,ETH,bitfinex_margin,bitfinex-margin-long-short,2026-04-24T04:24:38.244433+00:00
2025-11-01 00:00:00+00:00,82232.43,2055.76,v4,symbol_interval,12h,ETH,bitfinex_margin,bitfinex-margin-long-short,2026-04-24T04:24:38.244433+00:00
2025-11-01 12:00:00+00:00,82273.39,2016.66,v4,symbol_interval,12h,ETH,bitfinex_margin,bitfinex-margin-long-short,2026-04-24T04:24:38.244433+00:00
2025-11-02 00:00:00+00:00,82084.19,2004.45,v4,symbol_interval,12h,ETH,bitfinex_margin,bitfinex-margin-long-short,2026-04-24T04:24:38.244433+00:00
2025-11-02 12:00:00+00:00,82020.88,2228.34,v4,symbol_interval,12h,ETH,bitfinex_margin,bitfinex-margin-long-short,2026-04-24T04:24:38.244433+00:00
2025-11-03 00:00:00+00:00,81983.8,2098.26,v4,symbol_interval,12h,ETH,bitfinex_margin,bitfinex-margin-long-short,2026-04-24T04:24:38.244433+00:00
2025-11-03 12:00:00+00:00,83738.44,1186.59,v4,symbol_interval,12h,ETH,bitfinex_margin,bitfinex-margin-long-short,2026-04-24T04:24:38.244433+00:00
2025-11-04 00:00:00+00:00,81864.35,2101.28,v4,symbol_interval,12h,ETH,bitfinex_margin,bitfinex-margin-long-short,2026-04-24T04:24:38.244433+00:00
2025-11-04 12:00:00+00:00,81905.57,2403.24,v4,symbol_interval,12h,ETH,bitfinex_margin,bitfinex-margin-long-short,2026-04-24T04:24:38.244433+00:00
2025-11-05 00:00:00+00:00,81777.73,2537.94,v4,symbol_interval,12h,ETH,bitfinex_margin,bitfinex-margin-long-short,2026-04-24T04:24:38.244433+00:00
2025-11-05 12:00:00+00:00,81519.6,2928.24,v4,symbol_interval,12h,ETH,bitfinex_margin,bitfinex-margin-long-short,2026-04-24T04:24:38.244433+00:00
2025-11-06 00:00:00+00:00,81401.72,2724.8,v4,symbol_interval,12h,ETH,bitfinex_margin,bitfinex-margin-long-short,2026-04-24T04:24:38.244433+00:00
2025-11-06 12:00:00+00:00,81265.68,2712.87,v4,symbol_interval,12h,ETH,bitfinex_margin,bitfinex-margin-long-short,2026-04-24T04:24:38.244433+00:00
2025-11-07 00:00:00+00:00,81387.82,2767.78,v4,symbol_interval,12h,ETH,bitfinex_margin,bitfinex-margin-long-short,2026-04-24T04:24:38.244433+00:00
2025-11-07 12:00:00+00:00,81436.63,2777.86,v4,symbol_interval,12h,ETH,bitfinex_margin,bitfinex-margin-long-short,2026-04-24T04:24:38.244433+00:00
2025-11-08 00:00:00+00:00,81849.3,2743.85,v4,symbol_interval,12h,ETH,bitfinex_margin,bitfinex-margin-long-short,2026-04-24T04:24:38.244433+00:00
2025-11-08 12:00:00+00:00,81828.27,2775.28,v4,symbol_interval,12h,ETH,bitfinex_margin,bitfinex-margin-long-short,2026-04-24T04:24:38.244433+00:00
2025-11-09 00:00:00+00:00,82357.16,2790.77,v4,symbol_interval,12h,ETH,bitfinex_margin,bitfinex-margin-long-short,2026-04-24T04:24:38.244433+00:00
2025-11-09 12:00:00+00:00,82309.39,2809.5,v4,symbol_interval,12h,ETH,bitfinex_margin,bitfinex-margin-long-short,2026-04-24T04:24:38.244433+00:00
2025-11-10 00:00:00+00:00,82124.28,2556.8,v4,symbol_interval,12h,ETH,bitfinex_margin,bitfinex-margin-long-short,2026-04-24T04:24:38.244433+00:00
2025-11-10 12:00:00+00:00,82181.78,2479.4,v4,symbol_interval,12h,ETH,bitfinex_margin,bitfinex-margin-long-short,2026-04-24T04:24:38.244433+00:00
2025-11-11 00:00:00+00:00,85092.09,4655.91,v4,symbol_interval,12h,ETH,bitfinex_margin,bitfinex-margin-long-short,2026-04-24T04:24:38.244433+00:00
2025-11-11 12:00:00+00:00,84371.29,4554.12,v4,symbol_interval,12h,ETH,bitfinex_margin,bitfinex-margin-long-short,2026-04-24T04:24:38.244433+00:00
2025-11-12 00:00:00+00:00,86156.66,4879.64,v4,symbol_interval,12h,ETH,bitfinex_margin,bitfinex-margin-long-short,2026-04-24T04:24:38.244433+00:00
2025-11-12 12:00:00+00:00,86144.65,4779.49,v4,symbol_interval,12h,ETH,bitfinex_margin,bitfinex-margin-long-short,2026-04-24T04:24:38.244433+00:00
2025-11-13 00:00:00+00:00,84176.24,4554.95,v4,symbol_interval,12h,ETH,bitfinex_margin,bitfinex-margin-long-short,2026-04-24T04:24:38.244433+00:00
2025-11-13 12:00:00+00:00,83928.37,4581.32,v4,symbol_interval,12h,ETH,bitfinex_margin,bitfinex-margin-long-short,2026-04-24T04:24:38.244433+00:00
2025-11-14 00:00:00+00:00,84312.8,4853.19,v4,symbol_interval,12h,ETH,bitfinex_margin,bitfinex-margin-long-short,2026-04-24T04:24:38.244433+00:00
2025-11-14 12:00:00+00:00,84251.73,5443.95,v4,symbol_interval,12h,ETH,bitfinex_margin,bitfinex-margin-long-short,2026-04-24T04:24:38.244433+00:00
2025-11-15 00:00:00+00:00,84800.59,1455.49,v4,symbol_interval,12h,ETH,bitfinex_margin,bitfinex-margin-long-short,2026-04-24T04:24:38.244433+00:00
2025-11-15 12:00:00+00:00,84744.81,1370.93,v4,symbol_interval,12h,ETH,bitfinex_margin,bitfinex-margin-long-short,2026-04-24T04:24:38.244433+00:00
2025-11-16 00:00:00+00:00,84711.71,1327.46,v4,symbol_interval,12h,ETH,bitfinex_margin,bitfinex-margin-long-short,2026-04-24T04:24:38.244433+00:00
2025-11-16 12:00:00+00:00,84621.35,1267.17,v4,symbol_interval,12h,ETH,bitfinex_margin,bitfinex-margin-long-short,2026-04-24T04:24:38.244433+00:00
2025-11-17 00:00:00+00:00,84357.43,1706.56,v4,symbol_interval,12h,ETH,bitfinex_margin,bitfinex-margin-long-short,2026-04-24T04:24:38.244433+00:00
2025-11-17 12:00:00+00:00,84376.31,1452.51,v4,symbol_interval,12h,ETH,bitfinex_margin,bitfinex-margin-long-short,2026-04-24T04:24:38.244433+00:00
2025-11-18 00:00:00+00:00,82124.84,1418.87,v4,symbol_interval,12h,ETH,bitfinex_margin,bitfinex-margin-long-short,2026-04-24T04:24:38.244433+00:00
2025-11-18 12:00:00+00:00,82099.75,1675.65,v4,symbol_interval,12h,ETH,bitfinex_margin,bitfinex-margin-long-short,2026-04-24T04:24:38.244433+00:00
2025-11-19 00:00:00+00:00,82331.66,1811.21,v4,symbol_interval,12h,ETH,bitfinex_margin,bitfinex-margin-long-short,2026-04-24T04:24:38.244433+00:00
2025-11-19 12:00:00+00:00,82443.79,2015.31,v4,symbol_interval,12h,ETH,bitfinex_margin,bitfinex-margin-long-short,2026-04-24T04:24:38.244433+00:00
2025-11-20 00:00:00+00:00,83649.97,1131.85,v4,symbol_interval,12h,ETH,bitfinex_margin,bitfinex-margin-long-short,2026-04-24T04:24:38.244433+00:00
2025-11-20 12:00:00+00:00,82729.15,1382.88,v4,symbol_interval,12h,ETH,bitfinex_margin,bitfinex-margin-long-short,2026-04-24T04:24:38.244433+00:00
2025-11-21 00:00:00+00:00,82262.17,1419.06,v4,symbol_interval,12h,ETH,bitfinex_margin,bitfinex-margin-long-short,2026-04-24T04:24:38.244433+00:00
2025-11-21 12:00:00+00:00,81946.6,1578.79,v4,symbol_interval,12h,ETH,bitfinex_margin,bitfinex-margin-long-short,2026-04-24T04:24:38.244433+00:00
2025-11-22 00:00:00+00:00,81843.12,1383.46,v4,symbol_interval,12h,ETH,bitfinex_margin,bitfinex-margin-long-short,2026-04-24T04:24:38.244433+00:00
2025-11-22 12:00:00+00:00,81846.71,1389.95,v4,symbol_interval,12h,ETH,bitfinex_margin,bitfinex-margin-long-short,2026-04-24T04:24:38.244433+00:00
2025-11-23 00:00:00+00:00,81868.37,1276.61,v4,symbol_interval,12h,ETH,bitfinex_margin,bitfinex-margin-long-short,2026-04-24T04:24:38.244433+00:00
2025-11-23 12:00:00+00:00,82025.36,1192.63,v4,symbol_interval,12h,ETH,bitfinex_margin,bitfinex-margin-long-short,2026-04-24T04:24:38.244433+00:00
2025-11-24 00:00:00+00:00,81867.26,1203.86,v4,symbol_interval,12h,ETH,bitfinex_margin,bitfinex-margin-long-short,2026-04-24T04:24:38.244433+00:00
2025-11-24 12:00:00+00:00,81742.54,1246.8,v4,symbol_interval,12h,ETH,bitfinex_margin,bitfinex-margin-long-short,2026-04-24T04:24:38.244433+00:00
2025-11-25 00:00:00+00:00,81720.82,1152.01,v4,symbol_interval,12h,ETH,bitfinex_margin,bitfinex-margin-long-short,2026-04-24T04:24:38.244433+00:00
2025-11-25 12:00:00+00:00,81740.76,1129.36,v4,symbol_interval,12h,ETH,bitfinex_margin,bitfinex-margin-long-short,2026-04-24T04:24:38.244433+00:00
2025-11-26 00:00:00+00:00,81892.76,1184.82,v4,symbol_interval,12h,ETH,bitfinex_margin,bitfinex-margin-long-short,2026-04-24T04:24:38.244433+00:00
2025-11-26 12:00:00+00:00,81846.6,1189.4,v4,symbol_interval,12h,ETH,bitfinex_margin,bitfinex-margin-long-short,2026-04-24T04:24:38.244433+00:00
2025-11-27 00:00:00+00:00,81839.15,1201.5,v4,symbol_interval,12h,ETH,bitfinex_margin,bitfinex-margin-long-short,2026-04-24T04:24:38.244433+00:00
2025-11-27 12:00:00+00:00,81977.99,1140.84,v4,symbol_interval,12h,ETH,bitfinex_margin,bitfinex-margin-long-short,2026-04-24T04:24:38.244433+00:00
2025-11-28 00:00:00+00:00,81674.83,1099.17,v4,symbol_interval,12h,ETH,bitfinex_margin,bitfinex-margin-long-short,2026-04-24T04:24:38.244433+00:00
2025-11-28 12:00:00+00:00,81653.04,1122.15,v4,symbol_interval,12h,ETH,bitfinex_margin,bitfinex-margin-long-short,2026-04-24T04:24:38.244433+00:00
2025-11-29 00:00:00+00:00,82311.14,1195.91,v4,symbol_interval,12h,ETH,bitfinex_margin,bitfinex-margin-long-short,2026-04-24T04:24:38.244433+00:00
2025-11-29 12:00:00+00:00,82305.54,1170.24,v4,symbol_interval,12h,ETH,bitfinex_margin,bitfinex-margin-long-short,2026-04-24T04:24:38.244433+00:00
2025-11-30 00:00:00+00:00,82034.7,1088.0,v4,symbol_interval,12h,ETH,bitfinex_margin,bitfinex-margin-long-short,2026-04-24T04:24:38.244433+00:00
2025-11-30 12:00:00+00:00,82012.29,1090.02,v4,symbol_interval,12h,ETH,bitfinex_margin,bitfinex-margin-long-short,2026-04-24T04:24:38.244433+00:00
2025-12-01 00:00:00+00:00,82018.3,1096.63,v4,symbol_interval,12h,ETH,bitfinex_margin,bitfinex-margin-long-short,2026-04-24T04:24:38.244433+00:00
2025-12-01 12:00:00+00:00,82088.98,1282.24,v4,symbol_interval,12h,ETH,bitfinex_margin,bitfinex-margin-long-short,2026-04-24T04:24:38.244433+00:00
2025-12-02 00:00:00+00:00,81345.87,1742.16,v4,symbol_interval,12h,ETH,bitfinex_margin,bitfinex-margin-long-short,2026-04-24T04:24:38.244433+00:00
2025-12-02 12:00:00+00:00,81353.58,1788.56,v4,symbol_interval,12h,ETH,bitfinex_margin,bitfinex-margin-long-short,2026-04-24T04:24:38.244433+00:00
2025-12-03 00:00:00+00:00,81581.37,1176.97,v4,symbol_interval,12h,ETH,bitfinex_margin,bitfinex-margin-long-short,2026-04-24T04:24:38.244433+00:00
2025-12-03 12:00:00+00:00,82605.47,1065.75,v4,symbol_interval,12h,ETH,bitfinex_margin,bitfinex-margin-long-short,2026-04-24T04:24:38.244433+00:00
2025-12-04 00:00:00+00:00,82641.43,1118.77,v4,symbol_interval,12h,ETH,bitfinex_margin,bitfinex-margin-long-short,2026-04-24T04:24:38.244433+00:00
2025-12-04 12:00:00+00:00,82671.52,1127.15,v4,symbol_interval,12h,ETH,bitfinex_margin,bitfinex-margin-long-short,2026-04-24T04:24:38.244433+00:00
2025-12-05 00:00:00+00:00,82246.0,1158.0,v4,symbol_interval,12h,ETH,bitfinex_margin,bitfinex-margin-long-short,2026-04-24T04:24:38.244433+00:00
2025-12-05 12:00:00+00:00,82949.67,1128.7,v4,symbol_interval,12h,ETH,bitfinex_margin,bitfinex-margin-long-short,2026-04-24T04:24:38.244433+00:00
2025-12-06 00:00:00+00:00,82929.44,1211.75,v4,symbol_interval,12h,ETH,bitfinex_margin,bitfinex-margin-long-short,2026-04-24T04:24:38.244433+00:00
2025-12-06 12:00:00+00:00,82642.47,1099.68,v4,symbol_interval,12h,ETH,bitfinex_margin,bitfinex-margin-long-short,2026-04-24T04:24:38.244433+00:00
2025-12-07 00:00:00+00:00,82600.48,1084.6,v4,symbol_interval,12h,ETH,bitfinex_margin,bitfinex-margin-long-short,2026-04-24T04:24:38.244433+00:00
2025-12-07 12:00:00+00:00,82566.0,1081.12,v4,symbol_interval,12h,ETH,bitfinex_margin,bitfinex-margin-long-short,2026-04-24T04:24:38.244433+00:00
2025-12-08 00:00:00+00:00,82346.59,1134.72,v4,symbol_interval,12h,ETH,bitfinex_margin,bitfinex-margin-long-short,2026-04-24T04:24:38.244433+00:00
2025-12-08 12:00:00+00:00,81955.37,1189.12,v4,symbol_interval,12h,ETH,bitfinex_margin,bitfinex-margin-long-short,2026-04-24T04:24:38.244433+00:00
2025-12-09 00:00:00+00:00,81598.29,1211.98,v4,symbol_interval,12h,ETH,bitfinex_margin,bitfinex-margin-long-short,2026-04-24T04:24:38.244433+00:00
2025-12-09 12:00:00+00:00,81467.63,1222.73,v4,symbol_interval,12h,ETH,bitfinex_margin,bitfinex-margin-long-short,2026-04-24T04:24:38.244433+00:00
2025-12-10 00:00:00+00:00,81753.12,1216.4,v4,symbol_interval,12h,ETH,bitfinex_margin,bitfinex-margin-long-short,2026-04-24T04:24:38.244433+00:00
2025-12-10 12:00:00+00:00,82134.82,1209.33,v4,symbol_interval,12h,ETH,bitfinex_margin,bitfinex-margin-long-short,2026-04-24T04:24:38.244433+00:00
2025-12-11 00:00:00+00:00,82261.21,1237.33,v4,symbol_interval,12h,ETH,bitfinex_margin,bitfinex-margin-long-short,2026-04-24T04:24:38.244433+00:00
2025-12-11 12:00:00+00:00,82250.69,1231.73,v4,symbol_interval,12h,ETH,bitfinex_margin,bitfinex-margin-long-short,2026-04-24T04:24:38.244433+00:00
2025-12-12 00:00:00+00:00,82502.63,1437.78,v4,symbol_interval,12h,ETH,bitfinex_margin,bitfinex-margin-long-short,2026-04-24T04:24:38.244433+00:00
2025-12-12 12:00:00+00:00,82519.33,1480.42,v4,symbol_interval,12h,ETH,bitfinex_margin,bitfinex-margin-long-short,2026-04-24T04:24:38.244433+00:00
2025-12-13 00:00:00+00:00,82674.93,1496.03,v4,symbol_interval,12h,ETH,bitfinex_margin,bitfinex-margin-long-short,2026-04-24T04:24:38.244433+00:00
2025-12-13 12:00:00+00:00,82845.54,1573.5,v4,symbol_interval,12h,ETH,bitfinex_margin,bitfinex-margin-long-short,2026-04-24T04:24:38.244433+00:00
2025-12-14 00:00:00+00:00,81662.96,1521.28,v4,symbol_interval,12h,ETH,bitfinex_margin,bitfinex-margin-long-short,2026-04-24T04:24:38.244433+00:00
2025-12-14 12:00:00+00:00,81553.41,1534.44,v4,symbol_interval,12h,ETH,bitfinex_margin,bitfinex-margin-long-short,2026-04-24T04:24:38.244433+00:00
2025-12-15 00:00:00+00:00,81533.76,1615.95,v4,symbol_interval,12h,ETH,bitfinex_margin,bitfinex-margin-long-short,2026-04-24T04:24:38.244433+00:00
2025-12-15 12:00:00+00:00,81479.1,1678.55,v4,symbol_interval,12h,ETH,bitfinex_margin,bitfinex-margin-long-short,2026-04-24T04:24:38.244433+00:00
2025-12-16 00:00:00+00:00,82290.53,1900.12,v4,symbol_interval,12h,ETH,bitfinex_margin,bitfinex-margin-long-short,2026-04-24T04:24:38.244433+00:00
2025-12-16 12:00:00+00:00,82319.76,1867.34,v4,symbol_interval,12h,ETH,bitfinex_margin,bitfinex-margin-long-short,2026-04-24T04:24:38.244433+00:00
2025-12-17 00:00:00+00:00,82310.38,1868.17,v4,symbol_interval,12h,ETH,bitfinex_margin,bitfinex-margin-long-short,2026-04-24T04:24:38.244433+00:00
2025-12-17 12:00:00+00:00,82317.92,1896.57,v4,symbol_interval,12h,ETH,bitfinex_margin,bitfinex-margin-long-short,2026-04-24T04:24:38.244433+00:00
2025-12-18 00:00:00+00:00,82459.06,2276.32,v4,symbol_interval,12h,ETH,bitfinex_margin,bitfinex-margin-long-short,2026-04-24T04:24:38.244433+00:00
2025-12-18 12:00:00+00:00,82397.87,2243.02,v4,symbol_interval,12h,ETH,bitfinex_margin,bitfinex-margin-long-short,2026-04-24T04:24:38.244433+00:00
2025-12-19 00:00:00+00:00,82806.95,2536.06,v4,symbol_interval,12h,ETH,bitfinex_margin,bitfinex-margin-long-short,2026-04-24T04:24:38.244433+00:00
2025-12-19 12:00:00+00:00,82609.16,2331.54,v4,symbol_interval,12h,ETH,bitfinex_margin,bitfinex-margin-long-short,2026-04-24T04:24:38.244433+00:00
2025-12-20 00:00:00+00:00,82722.15,2446.43,v4,symbol_interval,12h,ETH,bitfinex_margin,bitfinex-margin-long-short,2026-04-24T04:24:38.244433+00:00
2025-12-20 12:00:00+00:00,82687.19,2417.22,v4,symbol_interval,12h,ETH,bitfinex_margin,bitfinex-margin-long-short,2026-04-24T04:24:38.244433+00:00
2025-12-21 00:00:00+00:00,82771.85,2430.71,v4,symbol_interval,12h,ETH,bitfinex_margin,bitfinex-margin-long-short,2026-04-24T04:24:38.244433+00:00
2025-12-21 12:00:00+00:00,82658.97,2445.52,v4,symbol_interval,12h,ETH,bitfinex_margin,bitfinex-margin-long-short,2026-04-24T04:24:38.244433+00:00
2025-12-22 00:00:00+00:00,82671.79,2470.5,v4,symbol_interval,12h,ETH,bitfinex_margin,bitfinex-margin-long-short,2026-04-24T04:24:38.244433+00:00
2025-12-22 12:00:00+00:00,82621.63,2440.85,v4,symbol_interval,12h,ETH,bitfinex_margin,bitfinex-margin-long-short,2026-04-24T04:24:38.244433+00:00
2025-12-23 00:00:00+00:00,82521.65,2526.7,v4,symbol_interval,12h,ETH,bitfinex_margin,bitfinex-margin-long-short,2026-04-24T04:24:38.244433+00:00
2025-12-23 12:00:00+00:00,82471.29,2621.67,v4,symbol_interval,12h,ETH,bitfinex_margin,bitfinex-margin-long-short,2026-04-24T04:24:38.244433+00:00
2025-12-24 00:00:00+00:00,82346.61,2619.29,v4,symbol_interval,12h,ETH,bitfinex_margin,bitfinex-margin-long-short,2026-04-24T04:24:38.244433+00:00
2025-12-24 12:00:00+00:00,82276.52,2662.9,v4,symbol_interval,12h,ETH,bitfinex_margin,bitfinex-margin-long-short,2026-04-24T04:24:38.244433+00:00
2025-12-25 00:00:00+00:00,82237.0,2689.24,v4,symbol_interval,12h,ETH,bitfinex_margin,bitfinex-margin-long-short,2026-04-24T04:24:38.244433+00:00
2025-12-25 12:00:00+00:00,82255.92,2635.7,v4,symbol_interval,12h,ETH,bitfinex_margin,bitfinex-margin-long-short,2026-04-24T04:24:38.244433+00:00
2025-12-26 00:00:00+00:00,82282.94,2616.36,v4,symbol_interval,12h,ETH,bitfinex_margin,bitfinex-margin-long-short,2026-04-24T04:24:38.244433+00:00
2025-12-26 12:00:00+00:00,82408.95,2590.2,v4,symbol_interval,12h,ETH,bitfinex_margin,bitfinex-margin-long-short,2026-04-24T04:24:38.244433+00:00
2025-12-27 00:00:00+00:00,82221.28,2798.17,v4,symbol_interval,12h,ETH,bitfinex_margin,bitfinex-margin-long-short,2026-04-24T04:24:38.244433+00:00
2025-12-27 12:00:00+00:00,82216.69,2668.39,v4,symbol_interval,12h,ETH,bitfinex_margin,bitfinex-margin-long-short,2026-04-24T04:24:38.244433+00:00
2025-12-28 00:00:00+00:00,82216.55,2667.72,v4,symbol_interval,12h,ETH,bitfinex_margin,bitfinex-margin-long-short,2026-04-24T04:24:38.244433+00:00
2025-12-28 12:00:00+00:00,82239.69,2666.18,v4,symbol_interval,12h,ETH,bitfinex_margin,bitfinex-margin-long-short,2026-04-24T04:24:38.244433+00:00
2025-12-29 00:00:00+00:00,82659.44,2661.04,v4,symbol_interval,12h,ETH,bitfinex_margin,bitfinex-margin-long-short,2026-04-24T04:24:38.244433+00:00
2025-12-29 12:00:00+00:00,82693.99,2635.66,v4,symbol_interval,12h,ETH,bitfinex_margin,bitfinex-margin-long-short,2026-04-24T04:24:38.244433+00:00
2025-12-30 00:00:00+00:00,82772.42,2688.18,v4,symbol_interval,12h,ETH,bitfinex_margin,bitfinex-margin-long-short,2026-04-24T04:24:38.244433+00:00
2025-12-30 12:00:00+00:00,82297.15,2722.34,v4,symbol_interval,12h,ETH,bitfinex_margin,bitfinex-margin-long-short,2026-04-24T04:24:38.244433+00:00
2025-12-31 00:00:00+00:00,82217.01,2914.98,v4,symbol_interval,12h,ETH,bitfinex_margin,bitfinex-margin-long-short,2026-04-24T04:24:38.244433+00:00
2025-12-31 12:00:00+00:00,82210.04,2792.63,v4,symbol_interval,12h,ETH,bitfinex_margin,bitfinex-margin-long-short,2026-04-24T04:24:38.244433+00:00
2026-01-01 00:00:00+00:00,82198.76,2903.29,v4,symbol_interval,12h,ETH,bitfinex_margin,bitfinex-margin-long-short,2026-04-24T04:24:38.244433+00:00
2026-01-01 12:00:00+00:00,82240.14,2750.72,v4,symbol_interval,12h,ETH,bitfinex_margin,bitfinex-margin-long-short,2026-04-24T04:24:38.244433+00:00
2026-01-02 00:00:00+00:00,82685.47,2816.64,v4,symbol_interval,12h,ETH,bitfinex_margin,bitfinex-margin-long-short,2026-04-24T04:24:38.244433+00:00
2026-01-02 12:00:00+00:00,82799.65,2740.84,v4,symbol_interval,12h,ETH,bitfinex_margin,bitfinex-margin-long-short,2026-04-24T04:24:38.244433+00:00
2026-01-03 00:00:00+00:00,82930.93,2612.08,v4,symbol_interval,12h,ETH,bitfinex_margin,bitfinex-margin-long-short,2026-04-24T04:24:38.244433+00:00
2026-01-03 12:00:00+00:00,82918.82,2619.41,v4,symbol_interval,12h,ETH,bitfinex_margin,bitfinex-margin-long-short,2026-04-24T04:24:38.244433+00:00
2026-01-04 00:00:00+00:00,82837.8,2626.2,v4,symbol_interval,12h,ETH,bitfinex_margin,bitfinex-margin-long-short,2026-04-24T04:24:38.244433+00:00
2026-01-04 12:00:00+00:00,82915.69,2629.51,v4,symbol_interval,12h,ETH,bitfinex_margin,bitfinex-margin-long-short,2026-04-24T04:24:38.244433+00:00
2026-01-05 00:00:00+00:00,83073.52,2641.4,v4,symbol_interval,12h,ETH,bitfinex_margin,bitfinex-margin-long-short,2026-04-24T04:24:38.244433+00:00
2026-01-05 12:00:00+00:00,82891.99,2652.21,v4,symbol_interval,12h,ETH,bitfinex_margin,bitfinex-margin-long-short,2026-04-24T04:24:38.244433+00:00
2026-01-06 00:00:00+00:00,82624.62,2625.56,v4,symbol_interval,12h,ETH,bitfinex_margin,bitfinex-margin-long-short,2026-04-24T04:24:38.244433+00:00
2026-01-06 12:00:00+00:00,82650.47,2610.93,v4,symbol_interval,12h,ETH,bitfinex_margin,bitfinex-margin-long-short,2026-04-24T04:24:38.244433+00:00
2026-01-07 00:00:00+00:00,82859.14,2451.76,v4,symbol_interval,12h,ETH,bitfinex_margin,bitfinex-margin-long-short,2026-04-24T04:24:38.244433+00:00
2026-01-07 12:00:00+00:00,82863.22,4714.63,v4,symbol_interval,12h,ETH,bitfinex_margin,bitfinex-margin-long-short,2026-04-24T04:24:38.244433+00:00
2026-01-08 00:00:00+00:00,82799.49,5998.6,v4,symbol_interval,12h,ETH,bitfinex_margin,bitfinex-margin-long-short,2026-04-24T04:24:38.244433+00:00
2026-01-08 12:00:00+00:00,82633.63,5222.11,v4,symbol_interval,12h,ETH,bitfinex_margin,bitfinex-margin-long-short,2026-04-24T04:24:38.244433+00:00
2026-01-09 00:00:00+00:00,82507.22,5124.49,v4,symbol_interval,12h,ETH,bitfinex_margin,bitfinex-margin-long-short,2026-04-24T04:24:38.244433+00:00
2026-01-09 12:00:00+00:00,82564.09,5284.33,v4,symbol_interval,12h,ETH,bitfinex_margin,bitfinex-margin-long-short,2026-04-24T04:24:38.244433+00:00
2026-01-10 00:00:00+00:00,82902.96,5340.85,v4,symbol_interval,12h,ETH,bitfinex_margin,bitfinex-margin-long-short,2026-04-24T04:24:38.244433+00:00
2026-01-10 12:00:00+00:00,82862.44,5349.3,v4,symbol_interval,12h,ETH,bitfinex_margin,bitfinex-margin-long-short,2026-04-24T04:24:38.244433+00:00
2026-01-11 00:00:00+00:00,82800.9,5303.84,v4,symbol_interval,12h,ETH,bitfinex_margin,bitfinex-margin-long-short,2026-04-24T04:24:38.244433+00:00
2026-01-11 12:00:00+00:00,82801.71,5319.7,v4,symbol_interval,12h,ETH,bitfinex_margin,bitfinex-margin-long-short,2026-04-24T04:24:38.244433+00:00
2026-01-12 00:00:00+00:00,82949.97,5208.97,v4,symbol_interval,12h,ETH,bitfinex_margin,bitfinex-margin-long-short,2026-04-24T04:24:38.244433+00:00
2026-01-12 12:00:00+00:00,83085.41,5195.58,v4,symbol_interval,12h,ETH,bitfinex_margin,bitfinex-margin-long-short,2026-04-24T04:24:38.244433+00:00
2026-01-13 00:00:00+00:00,83198.7,5165.15,v4,symbol_interval,12h,ETH,bitfinex_margin,bitfinex-margin-long-short,2026-04-24T04:24:38.244433+00:00
2026-01-13 12:00:00+00:00,82787.7,5306.82,v4,symbol_interval,12h,ETH,bitfinex_margin,bitfinex-margin-long-short,2026-04-24T04:24:38.244433+00:00
2026-01-14 00:00:00+00:00,82843.68,4688.9,v4,symbol_interval,12h,ETH,bitfinex_margin,bitfinex-margin-long-short,2026-04-24T04:24:38.244433+00:00
2026-01-14 12:00:00+00:00,83438.35,4508.73,v4,symbol_interval,12h,ETH,bitfinex_margin,bitfinex-margin-long-short,2026-04-24T04:24:38.244433+00:00
2026-01-15 00:00:00+00:00,82816.66,4157.88,v4,symbol_interval,12h,ETH,bitfinex_margin,bitfinex-margin-long-short,2026-04-24T04:24:38.244433+00:00
2026-01-15 12:00:00+00:00,82494.39,4098.19,v4,symbol_interval,12h,ETH,bitfinex_margin,bitfinex-margin-long-short,2026-04-24T04:24:38.244433+00:00
2026-01-16 00:00:00+00:00,82615.9,4284.96,v4,symbol_interval,12h,ETH,bitfinex_margin,bitfinex-margin-long-short,2026-04-24T04:24:38.244433+00:00
2026-01-16 12:00:00+00:00,82743.31,4184.34,v4,symbol_interval,12h,ETH,bitfinex_margin,bitfinex-margin-long-short,2026-04-24T04:24:38.244433+00:00
2026-01-17 00:00:00+00:00,82391.68,4373.77,v4,symbol_interval,12h,ETH,bitfinex_margin,bitfinex-margin-long-short,2026-04-24T04:24:38.244433+00:00
2026-01-17 12:00:00+00:00,82456.92,4370.36,v4,symbol_interval,12h,ETH,bitfinex_margin,bitfinex-margin-long-short,2026-04-24T04:24:38.244433+00:00
2026-01-18 00:00:00+00:00,82401.09,4409.54,v4,symbol_interval,12h,ETH,bitfinex_margin,bitfinex-margin-long-short,2026-04-24T04:24:38.244433+00:00
2026-01-18 12:00:00+00:00,82408.45,4370.88,v4,symbol_interval,12h,ETH,bitfinex_margin,bitfinex-margin-long-short,2026-04-24T04:24:38.244433+00:00
2026-01-19 00:00:00+00:00,82555.2,4390.54,v4,symbol_interval,12h,ETH,bitfinex_margin,bitfinex-margin-long-short,2026-04-24T04:24:38.244433+00:00
2026-01-19 12:00:00+00:00,82467.5,4547.03,v4,symbol_interval,12h,ETH,bitfinex_margin,bitfinex-margin-long-short,2026-04-24T04:24:38.244433+00:00
2026-01-20 00:00:00+00:00,82483.26,4626.88,v4,symbol_interval,12h,ETH,bitfinex_margin,bitfinex-margin-long-short,2026-04-24T04:24:38.244433+00:00
2026-01-20 12:00:00+00:00,82590.19,4732.77,v4,symbol_interval,12h,ETH,bitfinex_margin,bitfinex-margin-long-short,2026-04-24T04:24:38.244433+00:00
2026-01-21 00:00:00+00:00,82272.21,4867.2,v4,symbol_interval,12h,ETH,bitfinex_margin,bitfinex-margin-long-short,2026-04-24T04:24:38.244433+00:00
2026-01-21 12:00:00+00:00,82159.19,5174.51,v4,symbol_interval,12h,ETH,bitfinex_margin,bitfinex-margin-long-short,2026-04-24T04:24:38.244433+00:00
2026-01-22 00:00:00+00:00,82550.46,4722.87,v4,symbol_interval,12h,ETH,bitfinex_margin,bitfinex-margin-long-short,2026-04-24T04:24:38.244433+00:00
2026-01-22 12:00:00+00:00,82526.77,4731.0,v4,symbol_interval,12h,ETH,bitfinex_margin,bitfinex-margin-long-short,2026-04-24T04:24:38.244433+00:00
2026-01-23 00:00:00+00:00,82655.76,4937.56,v4,symbol_interval,12h,ETH,bitfinex_margin,bitfinex-margin-long-short,2026-04-24T04:24:38.244433+00:00
2026-01-23 12:00:00+00:00,82462.84,5186.31,v4,symbol_interval,12h,ETH,bitfinex_margin,bitfinex-margin-long-short,2026-04-24T04:24:38.244433+00:00
2026-01-24 00:00:00+00:00,82477.23,5131.3,v4,symbol_interval,12h,ETH,bitfinex_margin,bitfinex-margin-long-short,2026-04-24T04:24:38.244433+00:00
2026-01-24 12:00:00+00:00,82453.57,5324.01,v4,symbol_interval,12h,ETH,bitfinex_margin,bitfinex-margin-long-short,2026-04-24T04:24:38.244433+00:00
2026-01-25 00:00:00+00:00,82468.64,4934.49,v4,symbol_interval,12h,ETH,bitfinex_margin,bitfinex-margin-long-short,2026-04-24T04:24:38.244433+00:00
2026-01-25 12:00:00+00:00,82463.24,4929.65,v4,symbol_interval,12h,ETH,bitfinex_margin,bitfinex-margin-long-short,2026-04-24T04:24:38.244433+00:00
2026-01-26 00:00:00+00:00,82577.67,5346.58,v4,symbol_interval,12h,ETH,bitfinex_margin,bitfinex-margin-long-short,2026-04-24T04:24:38.244433+00:00
2026-01-26 12:00:00+00:00,82483.41,5463.34,v4,symbol_interval,12h,ETH,bitfinex_margin,bitfinex-margin-long-short,2026-04-24T04:24:38.244433+00:00
2026-01-27 00:00:00+00:00,93235.92,7125.02,v4,symbol_interval,12h,ETH,bitfinex_margin,bitfinex-margin-long-short,2026-04-24T04:24:38.244433+00:00
2026-01-27 12:00:00+00:00,99296.88,7281.51,v4,symbol_interval,12h,ETH,bitfinex_margin,bitfinex-margin-long-short,2026-04-24T04:24:38.244433+00:00
2026-01-28 00:00:00+00:00,99450.52,6319.01,v4,symbol_interval,12h,ETH,bitfinex_margin,bitfinex-margin-long-short,2026-04-24T04:24:38.244433+00:00
2026-01-28 12:00:00+00:00,99751.67,6022.82,v4,symbol_interval,12h,ETH,bitfinex_margin,bitfinex-margin-long-short,2026-04-24T04:24:38.244433+00:00
2026-01-29 00:00:00+00:00,99904.73,6021.19,v4,symbol_interval,12h,ETH,bitfinex_margin,bitfinex-margin-long-short,2026-04-24T04:24:38.244433+00:00
2026-01-29 12:00:00+00:00,82693.86,6470.16,v4,symbol_interval,12h,ETH,bitfinex_margin,bitfinex-margin-long-short,2026-04-24T04:24:38.244433+00:00
2026-01-30 00:00:00+00:00,82652.35,6492.79,v4,symbol_interval,12h,ETH,bitfinex_margin,bitfinex-margin-long-short,2026-04-24T04:24:38.244433+00:00
2026-01-30 12:00:00+00:00,90172.72,8689.0,v4,symbol_interval,12h,ETH,bitfinex_margin,bitfinex-margin-long-short,2026-04-24T04:24:38.244433+00:00
2026-01-31 00:00:00+00:00,89876.11,6128.16,v4,symbol_interval,12h,ETH,bitfinex_margin,bitfinex-margin-long-short,2026-04-24T04:24:38.244433+00:00
2026-01-31 12:00:00+00:00,89773.78,11040.99,v4,symbol_interval,12h,ETH,bitfinex_margin,bitfinex-margin-long-short,2026-04-24T04:24:38.244433+00:00
2026-02-01 00:00:00+00:00,90005.7,8781.32,v4,symbol_interval,12h,ETH,bitfinex_margin,bitfinex-margin-long-short,2026-04-24T04:24:38.244433+00:00
2026-02-01 12:00:00+00:00,89968.75,7171.32,v4,symbol_interval,12h,ETH,bitfinex_margin,bitfinex-margin-long-short,2026-04-24T04:24:38.244433+00:00
2026-02-02 00:00:00+00:00,89961.53,7684.27,v4,symbol_interval,12h,ETH,bitfinex_margin,bitfinex-margin-long-short,2026-04-24T04:24:38.244433+00:00
2026-02-02 12:00:00+00:00,89885.44,7485.08,v4,symbol_interval,12h,ETH,bitfinex_margin,bitfinex-margin-long-short,2026-04-24T04:24:38.244433+00:00
2026-02-03 00:00:00+00:00,89896.09,6952.61,v4,symbol_interval,12h,ETH,bitfinex_margin,bitfinex-margin-long-short,2026-04-24T04:24:38.244433+00:00
2026-02-03 12:00:00+00:00,90058.54,7088.78,v4,symbol_interval,12h,ETH,bitfinex_margin,bitfinex-margin-long-short,2026-04-24T04:24:38.244433+00:00
2026-02-04 00:00:00+00:00,89904.82,6575.44,v4,symbol_interval,12h,ETH,bitfinex_margin,bitfinex-margin-long-short,2026-04-24T04:24:38.244433+00:00
2026-02-04 12:00:00+00:00,89977.63,6525.84,v4,symbol_interval,12h,ETH,bitfinex_margin,bitfinex-margin-long-short,2026-04-24T04:24:38.244433+00:00
2026-02-05 00:00:00+00:00,90061.43,6290.72,v4,symbol_interval,12h,ETH,bitfinex_margin,bitfinex-margin-long-short,2026-04-24T04:24:38.244433+00:00
2026-02-05 12:00:00+00:00,90154.1,6378.24,v4,symbol_interval,12h,ETH,bitfinex_margin,bitfinex-margin-long-short,2026-04-24T04:24:38.244433+00:00
2026-02-06 00:00:00+00:00,93089.01,8715.27,v4,symbol_interval,12h,ETH,bitfinex_margin,bitfinex-margin-long-short,2026-04-24T04:24:38.244433+00:00
2026-02-06 12:00:00+00:00,93052.59,8464.22,v4,symbol_interval,12h,ETH,bitfinex_margin,bitfinex-margin-long-short,2026-04-24T04:24:38.244433+00:00
2026-02-07 00:00:00+00:00,90065.56,4057.82,v4,symbol_interval,12h,ETH,bitfinex_margin,bitfinex-margin-long-short,2026-04-24T04:24:38.244433+00:00
2026-02-07 12:00:00+00:00,90153.23,4156.06,v4,symbol_interval,12h,ETH,bitfinex_margin,bitfinex-margin-long-short,2026-04-24T04:24:38.244433+00:00
2026-02-08 00:00:00+00:00,90253.65,4622.46,v4,symbol_interval,12h,ETH,bitfinex_margin,bitfinex-margin-long-short,2026-04-24T04:24:38.244433+00:00
2026-02-08 12:00:00+00:00,90205.32,4643.42,v4,symbol_interval,12h,ETH,bitfinex_margin,bitfinex-margin-long-short,2026-04-24T04:24:38.244433+00:00
2026-02-09 00:00:00+00:00,90496.09,4578.62,v4,symbol_interval,12h,ETH,bitfinex_margin,bitfinex-margin-long-short,2026-04-24T04:24:38.244433+00:00
2026-02-09 12:00:00+00:00,90519.74,4675.65,v4,symbol_interval,12h,ETH,bitfinex_margin,bitfinex-margin-long-short,2026-04-24T04:24:38.244433+00:00
2026-02-10 00:00:00+00:00,90890.08,3853.77,v4,symbol_interval,12h,ETH,bitfinex_margin,bitfinex-margin-long-short,2026-04-24T04:24:38.244433+00:00
2026-02-10 12:00:00+00:00,88360.08,4094.6,v4,symbol_interval,12h,ETH,bitfinex_margin,bitfinex-margin-long-short,2026-04-24T04:24:38.244433+00:00
2026-02-11 00:00:00+00:00,88269.19,3857.87,v4,symbol_interval,12h,ETH,bitfinex_margin,bitfinex-margin-long-short,2026-04-24T04:24:38.244433+00:00
2026-02-11 12:00:00+00:00,88379.28,4309.44,v4,symbol_interval,12h,ETH,bitfinex_margin,bitfinex-margin-long-short,2026-04-24T04:24:38.244433+00:00
2026-02-12 00:00:00+00:00,87999.58,4721.93,v4,symbol_interval,12h,ETH,bitfinex_margin,bitfinex-margin-long-short,2026-04-24T04:24:38.244433+00:00
2026-02-12 12:00:00+00:00,88153.09,4677.58,v4,symbol_interval,12h,ETH,bitfinex_margin,bitfinex-margin-long-short,2026-04-24T04:24:38.244433+00:00
2026-02-13 00:00:00+00:00,87410.42,5049.95,v4,symbol_interval,12h,ETH,bitfinex_margin,bitfinex-margin-long-short,2026-04-24T04:24:38.244433+00:00
2026-02-13 12:00:00+00:00,87386.1,5079.73,v4,symbol_interval,12h,ETH,bitfinex_margin,bitfinex-margin-long-short,2026-04-24T04:24:38.244433+00:00
2026-02-14 00:00:00+00:00,87169.84,3377.01,v4,symbol_interval,12h,ETH,bitfinex_margin,bitfinex-margin-long-short,2026-04-24T04:24:38.244433+00:00
2026-02-14 12:00:00+00:00,87104.45,3362.03,v4,symbol_interval,12h,ETH,bitfinex_margin,bitfinex-margin-long-short,2026-04-24T04:24:38.244433+00:00
2026-02-15 00:00:00+00:00,86917.37,3417.23,v4,symbol_interval,12h,ETH,bitfinex_margin,bitfinex-margin-long-short,2026-04-24T04:24:38.244433+00:00
2026-02-15 12:00:00+00:00,86829.35,2389.02,v4,symbol_interval,12h,ETH,bitfinex_margin,bitfinex-margin-long-short,2026-04-24T04:24:38.244433+00:00
2026-02-16 00:00:00+00:00,86869.65,2330.63,v4,symbol_interval,12h,ETH,bitfinex_margin,bitfinex-margin-long-short,2026-04-24T04:24:38.244433+00:00
2026-02-16 12:00:00+00:00,86874.66,2473.83,v4,symbol_interval,12h,ETH,bitfinex_margin,bitfinex-margin-long-short,2026-04-24T04:24:38.244433+00:00
2026-02-17 00:00:00+00:00,86919.54,2909.91,v4,symbol_interval,12h,ETH,bitfinex_margin,bitfinex-margin-long-short,2026-04-24T04:24:38.244433+00:00
2026-02-17 12:00:00+00:00,86854.49,2919.15,v4,symbol_interval,12h,ETH,bitfinex_margin,bitfinex-margin-long-short,2026-04-24T04:24:38.244433+00:00
2026-02-18 00:00:00+00:00,86890.73,3001.31,v4,symbol_interval,12h,ETH,bitfinex_margin,bitfinex-margin-long-short,2026-04-24T04:24:38.244433+00:00
2026-02-18 12:00:00+00:00,86891.97,3055.99,v4,symbol_interval,12h,ETH,bitfinex_margin,bitfinex-margin-long-short,2026-04-24T04:24:38.244433+00:00
2026-02-19 00:00:00+00:00,88103.06,3859.72,v4,symbol_interval,12h,ETH,bitfinex_margin,bitfinex-margin-long-short,2026-04-24T04:24:38.244433+00:00
2026-02-19 12:00:00+00:00,87640.0,3791.42,v4,symbol_interval,12h,ETH,bitfinex_margin,bitfinex-margin-long-short,2026-04-24T04:24:38.244433+00:00
2026-02-20 00:00:00+00:00,87718.87,3811.91,v4,symbol_interval,12h,ETH,bitfinex_margin,bitfinex-margin-long-short,2026-04-24T04:24:38.244433+00:00
2026-02-20 12:00:00+00:00,87771.05,3012.52,v4,symbol_interval,12h,ETH,bitfinex_margin,bitfinex-margin-long-short,2026-04-24T04:24:38.244433+00:00
2026-02-21 00:00:00+00:00,87877.43,2290.34,v4,symbol_interval,12h,ETH,bitfinex_margin,bitfinex-margin-long-short,2026-04-24T04:24:38.244433+00:00
2026-02-21 12:00:00+00:00,87915.85,2224.82,v4,symbol_interval,12h,ETH,bitfinex_margin,bitfinex-margin-long-short,2026-04-24T04:24:38.244433+00:00
2026-02-22 00:00:00+00:00,87946.54,2156.09,v4,symbol_interval,12h,ETH,bitfinex_margin,bitfinex-margin-long-short,2026-04-24T04:24:38.244433+00:00
2026-02-22 12:00:00+00:00,87905.23,2124.05,v4,symbol_interval,12h,ETH,bitfinex_margin,bitfinex-margin-long-short,2026-04-24T04:24:38.244433+00:00
2026-02-23 00:00:00+00:00,87823.64,2349.84,v4,symbol_interval,12h,ETH,bitfinex_margin,bitfinex-margin-long-short,2026-04-24T04:24:38.244433+00:00
2026-02-23 12:00:00+00:00,87985.19,2482.96,v4,symbol_interval,12h,ETH,bitfinex_margin,bitfinex-margin-long-short,2026-04-24T04:24:38.244433+00:00
2026-02-24 00:00:00+00:00,87905.01,1533.76,v4,symbol_interval,12h,ETH,bitfinex_margin,bitfinex-margin-long-short,2026-04-24T04:24:38.244433+00:00
2026-02-24 12:00:00+00:00,87924.43,1281.81,v4,symbol_interval,12h,ETH,bitfinex_margin,bitfinex-margin-long-short,2026-04-24T04:24:38.244433+00:00
2026-02-25 00:00:00+00:00,88062.45,1253.5,v4,symbol_interval,12h,ETH,bitfinex_margin,bitfinex-margin-long-short,2026-04-24T04:24:38.244433+00:00
2026-02-25 12:00:00+00:00,85057.84,1086.98,v4,symbol_interval,12h,ETH,bitfinex_margin,bitfinex-margin-long-short,2026-04-24T04:24:38.244433+00:00
2026-02-26 00:00:00+00:00,83567.42,937.66,v4,symbol_interval,12h,ETH,bitfinex_margin,bitfinex-margin-long-short,2026-04-24T04:24:38.244433+00:00
2026-02-26 12:00:00+00:00,83650.86,875.27,v4,symbol_interval,12h,ETH,bitfinex_margin,bitfinex-margin-long-short,2026-04-24T04:24:38.244433+00:00
2026-02-27 00:00:00+00:00,83589.24,798.64,v4,symbol_interval,12h,ETH,bitfinex_margin,bitfinex-margin-long-short,2026-04-24T04:24:38.244433+00:00
2026-02-27 12:00:00+00:00,83237.89,921.55,v4,symbol_interval,12h,ETH,bitfinex_margin,bitfinex-margin-long-short,2026-04-24T04:24:38.244433+00:00
2026-02-28 00:00:00+00:00,83457.55,952.89,v4,symbol_interval,12h,ETH,bitfinex_margin,bitfinex-margin-long-short,2026-04-24T04:24:38.244433+00:00
2026-02-28 12:00:00+00:00,85892.2,956.8,v4,symbol_interval,12h,ETH,bitfinex_margin,bitfinex-margin-long-short,2026-04-24T04:24:38.244433+00:00
2026-03-01 00:00:00+00:00,85892.2,956.8,v4,symbol_interval,12h,ETH,bitfinex_margin,bitfinex-margin-long-short,2026-04-24T04:24:38.244433+00:00
2026-03-01 12:00:00+00:00,85515.43,1093.08,v4,symbol_interval,12h,ETH,bitfinex_margin,bitfinex-margin-long-short,2026-04-24T04:24:38.244433+00:00
2026-03-02 00:00:00+00:00,87048.96,898.06,v4,symbol_interval,12h,ETH,bitfinex_margin,bitfinex-margin-long-short,2026-04-24T04:24:38.244433+00:00
2026-03-02 12:00:00+00:00,85016.77,957.45,v4,symbol_interval,12h,ETH,bitfinex_margin,bitfinex-margin-long-short,2026-04-24T04:24:38.244433+00:00
2026-03-03 00:00:00+00:00,86452.22,953.01,v4,symbol_interval,12h,ETH,bitfinex_margin,bitfinex-margin-long-short,2026-04-24T04:24:38.244433+00:00
2026-03-03 12:00:00+00:00,84482.03,964.74,v4,symbol_interval,12h,ETH,bitfinex_margin,bitfinex-margin-long-short,2026-04-24T04:24:38.244433+00:00
2026-03-04 00:00:00+00:00,84424.3,892.2,v4,symbol_interval,12h,ETH,bitfinex_margin,bitfinex-margin-long-short,2026-04-24T04:24:38.244433+00:00
2026-03-04 12:00:00+00:00,85393.71,924.21,v4,symbol_interval,12h,ETH,bitfinex_margin,bitfinex-margin-long-short,2026-04-24T04:24:38.244433+00:00
2026-03-05 00:00:00+00:00,86558.32,856.08,v4,symbol_interval,12h,ETH,bitfinex_margin,bitfinex-margin-long-short,2026-04-24T04:24:38.244433+00:00
2026-03-05 12:00:00+00:00,86598.73,940.0,v4,symbol_interval,12h,ETH,bitfinex_margin,bitfinex-margin-long-short,2026-04-24T04:24:38.244433+00:00
2026-03-06 00:00:00+00:00,86758.59,961.38,v4,symbol_interval,12h,ETH,bitfinex_margin,bitfinex-margin-long-short,2026-04-24T04:24:38.244433+00:00
2026-03-06 12:00:00+00:00,86309.23,1087.58,v4,symbol_interval,12h,ETH,bitfinex_margin,bitfinex-margin-long-short,2026-04-24T04:24:38.244433+00:00
2026-03-07 00:00:00+00:00,86285.62,1000.11,v4,symbol_interval,12h,ETH,bitfinex_margin,bitfinex-margin-long-short,2026-04-24T04:24:38.244433+00:00
2026-03-07 12:00:00+00:00,86213.74,961.98,v4,symbol_interval,12h,ETH,bitfinex_margin,bitfinex-margin-long-short,2026-04-24T04:24:38.244433+00:00
2026-03-08 00:00:00+00:00,86861.34,1135.88,v4,symbol_interval,12h,ETH,bitfinex_margin,bitfinex-margin-long-short,2026-04-24T04:24:38.244433+00:00
2026-03-08 12:00:00+00:00,86779.55,943.71,v4,symbol_interval,12h,ETH,bitfinex_margin,bitfinex-margin-long-short,2026-04-24T04:24:38.244433+00:00
2026-03-09 00:00:00+00:00,86411.05,1186.79,v4,symbol_interval,12h,ETH,bitfinex_margin,bitfinex-margin-long-short,2026-04-24T04:24:38.244433+00:00
2026-03-09 12:00:00+00:00,86165.74,1141.17,v4,symbol_interval,12h,ETH,bitfinex_margin,bitfinex-margin-long-short,2026-04-24T04:24:38.244433+00:00
2026-03-10 00:00:00+00:00,86133.1,1182.25,v4,symbol_interval,12h,ETH,bitfinex_margin,bitfinex-margin-long-short,2026-04-24T04:24:38.244433+00:00
2026-03-10 12:00:00+00:00,85768.97,956.81,v4,symbol_interval,12h,ETH,bitfinex_margin,bitfinex-margin-long-short,2026-04-24T04:24:38.244433+00:00
2026-03-11 00:00:00+00:00,86038.72,859.86,v4,symbol_interval,12h,ETH,bitfinex_margin,bitfinex-margin-long-short,2026-04-24T04:24:38.244433+00:00
2026-03-11 12:00:00+00:00,85934.34,863.3,v4,symbol_interval,12h,ETH,bitfinex_margin,bitfinex-margin-long-short,2026-04-24T04:24:38.244433+00:00
2026-03-12 00:00:00+00:00,86094.51,832.13,v4,symbol_interval,12h,ETH,bitfinex_margin,bitfinex-margin-long-short,2026-04-24T04:24:38.244433+00:00
2026-03-12 12:00:00+00:00,85950.69,984.89,v4,symbol_interval,12h,ETH,bitfinex_margin,bitfinex-margin-long-short,2026-04-24T04:24:38.244433+00:00
2026-03-13 00:00:00+00:00,86044.11,884.78,v4,symbol_interval,12h,ETH,bitfinex_margin,bitfinex-margin-long-short,2026-04-24T04:24:38.244433+00:00
2026-03-13 12:00:00+00:00,87571.32,812.56,v4,symbol_interval,12h,ETH,bitfinex_margin,bitfinex-margin-long-short,2026-04-24T04:24:38.244433+00:00
2026-03-14 00:00:00+00:00,88528.25,857.59,v4,symbol_interval,12h,ETH,bitfinex_margin,bitfinex-margin-long-short,2026-04-24T04:24:38.244433+00:00
2026-03-14 12:00:00+00:00,86742.47,939.77,v4,symbol_interval,12h,ETH,bitfinex_margin,bitfinex-margin-long-short,2026-04-24T04:24:38.244433+00:00
2026-03-15 00:00:00+00:00,86309.5,817.46,v4,symbol_interval,12h,ETH,bitfinex_margin,bitfinex-margin-long-short,2026-04-24T04:24:38.244433+00:00
2026-03-15 12:00:00+00:00,86251.23,821.74,v4,symbol_interval,12h,ETH,bitfinex_margin,bitfinex-margin-long-short,2026-04-24T04:24:38.244433+00:00
2026-03-16 00:00:00+00:00,86725.78,904.57,v4,symbol_interval,12h,ETH,bitfinex_margin,bitfinex-margin-long-short,2026-04-24T04:24:38.244433+00:00
2026-03-16 12:00:00+00:00,87028.62,929.1,v4,symbol_interval,12h,ETH,bitfinex_margin,bitfinex-margin-long-short,2026-04-24T04:24:38.244433+00:00
2026-03-17 00:00:00+00:00,86767.25,916.34,v4,symbol_interval,12h,ETH,bitfinex_margin,bitfinex-margin-long-short,2026-04-24T04:24:38.244433+00:00
2026-03-17 12:00:00+00:00,86528.86,885.8,v4,symbol_interval,12h,ETH,bitfinex_margin,bitfinex-margin-long-short,2026-04-24T04:24:38.244433+00:00
2026-03-18 00:00:00+00:00,85847.25,889.04,v4,symbol_interval,12h,ETH,bitfinex_margin,bitfinex-margin-long-short,2026-04-24T04:24:38.244433+00:00
2026-03-18 12:00:00+00:00,84924.56,886.43,v4,symbol_interval,12h,ETH,bitfinex_margin,bitfinex-margin-long-short,2026-04-24T04:24:38.244433+00:00
2026-03-19 00:00:00+00:00,85235.83,2528.36,v4,symbol_interval,12h,ETH,bitfinex_margin,bitfinex-margin-long-short,2026-04-24T04:24:38.244433+00:00
2026-03-19 12:00:00+00:00,85201.39,1572.19,v4,symbol_interval,12h,ETH,bitfinex_margin,bitfinex-margin-long-short,2026-04-24T04:24:38.244433+00:00
2026-03-20 00:00:00+00:00,85375.91,2591.71,v4,symbol_interval,12h,ETH,bitfinex_margin,bitfinex-margin-long-short,2026-04-24T04:24:38.244433+00:00
2026-03-20 12:00:00+00:00,85387.38,2505.8,v4,symbol_interval,12h,ETH,bitfinex_margin,bitfinex-margin-long-short,2026-04-24T04:24:38.244433+00:00
2026-03-21 00:00:00+00:00,85352.63,2656.33,v4,symbol_interval,12h,ETH,bitfinex_margin,bitfinex-margin-long-short,2026-04-24T04:24:38.244433+00:00
2026-03-21 12:00:00+00:00,85342.19,2590.99,v4,symbol_interval,12h,ETH,bitfinex_margin,bitfinex-margin-long-short,2026-04-24T04:24:38.244433+00:00
2026-03-22 00:00:00+00:00,85431.55,2725.09,v4,symbol_interval,12h,ETH,bitfinex_margin,bitfinex-margin-long-short,2026-04-24T04:24:38.244433+00:00
2026-03-22 12:00:00+00:00,85891.94,1661.07,v4,symbol_interval,12h,ETH,bitfinex_margin,bitfinex-margin-long-short,2026-04-24T04:24:38.244433+00:00
2026-03-23 00:00:00+00:00,85430.37,2451.95,v4,symbol_interval,12h,ETH,bitfinex_margin,bitfinex-margin-long-short,2026-04-24T04:24:38.244433+00:00
2026-03-23 12:00:00+00:00,85339.63,2356.06,v4,symbol_interval,12h,ETH,bitfinex_margin,bitfinex-margin-long-short,2026-04-24T04:24:38.244433+00:00
2026-03-24 00:00:00+00:00,85381.3,2729.8,v4,symbol_interval,12h,ETH,bitfinex_margin,bitfinex-margin-long-short,2026-04-24T04:24:38.244433+00:00
2026-03-24 12:00:00+00:00,85379.85,2571.74,v4,symbol_interval,12h,ETH,bitfinex_margin,bitfinex-margin-long-short,2026-04-24T04:24:38.244433+00:00
2026-03-25 00:00:00+00:00,85370.14,2513.94,v4,symbol_interval,12h,ETH,bitfinex_margin,bitfinex-margin-long-short,2026-04-24T04:24:38.244433+00:00
2026-03-25 12:00:00+00:00,85370.14,2513.94,v4,symbol_interval,12h,ETH,bitfinex_margin,bitfinex-margin-long-short,2026-04-24T04:24:38.244433+00:00
2026-03-26 00:00:00+00:00,85351.89,2672.89,v4,symbol_interval,12h,ETH,bitfinex_margin,bitfinex-margin-long-short,2026-04-24T04:24:38.244433+00:00
2026-03-26 12:00:00+00:00,85367.73,2404.52,v4,symbol_interval,12h,ETH,bitfinex_margin,bitfinex-margin-long-short,2026-04-24T04:24:38.244433+00:00
2026-03-27 00:00:00+00:00,85322.75,2969.09,v4,symbol_interval,12h,ETH,bitfinex_margin,bitfinex-margin-long-short,2026-04-24T04:24:38.244433+00:00
2026-03-27 12:00:00+00:00,85351.17,3256.06,v4,symbol_interval,12h,ETH,bitfinex_margin,bitfinex-margin-long-short,2026-04-24T04:24:38.244433+00:00
2026-03-28 00:00:00+00:00,85305.55,3095.09,v4,symbol_interval,12h,ETH,bitfinex_margin,bitfinex-margin-long-short,2026-04-24T04:24:38.244433+00:00
2026-03-28 12:00:00+00:00,85276.5,2966.31,v4,symbol_interval,12h,ETH,bitfinex_margin,bitfinex-margin-long-short,2026-04-24T04:24:38.244433+00:00
2026-03-29 00:00:00+00:00,85295.75,3060.9,v4,symbol_interval,12h,ETH,bitfinex_margin,bitfinex-margin-long-short,2026-04-24T04:24:38.244433+00:00
2026-03-29 12:00:00+00:00,85298.06,3142.94,v4,symbol_interval,12h,ETH,bitfinex_margin,bitfinex-margin-long-short,2026-04-24T04:24:38.244433+00:00
2026-03-30 00:00:00+00:00,85310.95,3322.46,v4,symbol_interval,12h,ETH,bitfinex_margin,bitfinex-margin-long-short,2026-04-24T04:24:38.244433+00:00
2026-03-30 12:00:00+00:00,85221.53,3157.54,v4,symbol_interval,12h,ETH,bitfinex_margin,bitfinex-margin-long-short,2026-04-24T04:24:38.244433+00:00
2026-03-31 00:00:00+00:00,85013.46,2455.89,v4,symbol_interval,12h,ETH,bitfinex_margin,bitfinex-margin-long-short,2026-04-24T04:24:38.244433+00:00
2026-03-31 12:00:00+00:00,85028.86,2145.55,v4,symbol_interval,12h,ETH,bitfinex_margin,bitfinex-margin-long-short,2026-04-24T04:24:38.244433+00:00
2026-04-01 00:00:00+00:00,85015.05,2100.19,v4,symbol_interval,12h,ETH,bitfinex_margin,bitfinex-margin-long-short,2026-04-24T04:24:38.244433+00:00
2026-04-01 12:00:00+00:00,85087.52,1927.02,v4,symbol_interval,12h,ETH,bitfinex_margin,bitfinex-margin-long-short,2026-04-24T04:24:38.244433+00:00
2026-04-02 00:00:00+00:00,85035.13,1643.92,v4,symbol_interval,12h,ETH,bitfinex_margin,bitfinex-margin-long-short,2026-04-24T04:24:38.244433+00:00
2026-04-02 12:00:00+00:00,85083.53,959.76,v4,symbol_interval,12h,ETH,bitfinex_margin,bitfinex-margin-long-short,2026-04-24T04:24:38.244433+00:00
2026-04-03 00:00:00+00:00,85138.2,992.69,v4,symbol_interval,12h,ETH,bitfinex_margin,bitfinex-margin-long-short,2026-04-24T04:24:38.244433+00:00
2026-04-03 12:00:00+00:00,85296.24,1005.42,v4,symbol_interval,12h,ETH,bitfinex_margin,bitfinex-margin-long-short,2026-04-24T04:24:38.244433+00:00
2026-04-04 00:00:00+00:00,86067.16,972.43,v4,symbol_interval,12h,ETH,bitfinex_margin,bitfinex-margin-long-short,2026-04-24T04:24:38.244433+00:00
2026-04-04 12:00:00+00:00,85900.59,984.64,v4,symbol_interval,12h,ETH,bitfinex_margin,bitfinex-margin-long-short,2026-04-24T04:24:38.244433+00:00
2026-04-05 00:00:00+00:00,85730.69,1125.42,v4,symbol_interval,12h,ETH,bitfinex_margin,bitfinex-margin-long-short,2026-04-24T04:24:38.244433+00:00
2026-04-05 12:00:00+00:00,85707.79,941.8,v4,symbol_interval,12h,ETH,bitfinex_margin,bitfinex-margin-long-short,2026-04-24T04:24:38.244433+00:00
2026-04-06 00:00:00+00:00,85898.45,970.2,v4,symbol_interval,12h,ETH,bitfinex_margin,bitfinex-margin-long-short,2026-04-24T04:24:38.244433+00:00
2026-04-06 12:00:00+00:00,86223.9,954.02,v4,symbol_interval,12h,ETH,bitfinex_margin,bitfinex-margin-long-short,2026-04-24T04:24:38.244433+00:00
2026-04-07 00:00:00+00:00,86395.03,999.48,v4,symbol_interval,12h,ETH,bitfinex_margin,bitfinex-margin-long-short,2026-04-24T04:24:38.244433+00:00
2026-04-07 12:00:00+00:00,86288.16,1036.82,v4,symbol_interval,12h,ETH,bitfinex_margin,bitfinex-margin-long-short,2026-04-24T04:24:38.244433+00:00
2026-04-08 00:00:00+00:00,85820.23,1023.37,v4,symbol_interval,12h,ETH,bitfinex_margin,bitfinex-margin-long-short,2026-04-24T04:24:38.244433+00:00
2026-04-08 12:00:00+00:00,86075.16,910.05,v4,symbol_interval,12h,ETH,bitfinex_margin,bitfinex-margin-long-short,2026-04-24T04:24:38.244433+00:00
2026-04-09 00:00:00+00:00,86108.21,928.01,v4,symbol_interval,12h,ETH,bitfinex_margin,bitfinex-margin-long-short,2026-04-24T04:24:38.244433+00:00
2026-04-09 12:00:00+00:00,86103.81,879.56,v4,symbol_interval,12h,ETH,bitfinex_margin,bitfinex-margin-long-short,2026-04-24T04:24:38.244433+00:00
2026-04-10 00:00:00+00:00,86632.11,909.49,v4,symbol_interval,12h,ETH,bitfinex_margin,bitfinex-margin-long-short,2026-04-24T04:24:38.244433+00:00
2026-04-10 12:00:00+00:00,86631.65,876.2,v4,symbol_interval,12h,ETH,bitfinex_margin,bitfinex-margin-long-short,2026-04-24T04:24:38.244433+00:00
2026-04-11 00:00:00+00:00,86640.14,942.37,v4,symbol_interval,12h,ETH,bitfinex_margin,bitfinex-margin-long-short,2026-04-24T04:24:38.244433+00:00
2026-04-11 12:00:00+00:00,86635.26,896.5,v4,symbol_interval,12h,ETH,bitfinex_margin,bitfinex-margin-long-short,2026-04-24T04:24:38.244433+00:00
2026-04-12 00:00:00+00:00,86570.81,910.58,v4,symbol_interval,12h,ETH,bitfinex_margin,bitfinex-margin-long-short,2026-04-24T04:24:38.244433+00:00
2026-04-12 12:00:00+00:00,86563.59,851.21,v4,symbol_interval,12h,ETH,bitfinex_margin,bitfinex-margin-long-short,2026-04-24T04:24:38.244433+00:00
2026-04-13 00:00:00+00:00,86533.83,869.56,v4,symbol_interval,12h,ETH,bitfinex_margin,bitfinex-margin-long-short,2026-04-24T04:24:38.244433+00:00
2026-04-13 12:00:00+00:00,87723.67,872.72,v4,symbol_interval,12h,ETH,bitfinex_margin,bitfinex-margin-long-short,2026-04-24T04:24:38.244433+00:00
2026-04-14 00:00:00+00:00,86562.94,897.67,v4,symbol_interval,12h,ETH,bitfinex_margin,bitfinex-margin-long-short,2026-04-24T04:24:38.244433+00:00
2026-04-14 12:00:00+00:00,86255.47,950.54,v4,symbol_interval,12h,ETH,bitfinex_margin,bitfinex-margin-long-short,2026-04-24T04:24:38.244433+00:00
2026-04-15 00:00:00+00:00,83669.5,909.19,v4,symbol_interval,12h,ETH,bitfinex_margin,bitfinex-margin-long-short,2026-04-24T04:24:38.244433+00:00
2026-04-15 12:00:00+00:00,83391.78,1179.21,v4,symbol_interval,12h,ETH,bitfinex_margin,bitfinex-margin-long-short,2026-04-24T04:24:38.244433+00:00
2026-04-16 00:00:00+00:00,83060.52,1173.13,v4,symbol_interval,12h,ETH,bitfinex_margin,bitfinex-margin-long-short,2026-04-24T04:24:38.244433+00:00
2026-04-16 12:00:00+00:00,82803.96,1204.46,v4,symbol_interval,12h,ETH,bitfinex_margin,bitfinex-margin-long-short,2026-04-24T04:24:38.244433+00:00
2026-04-17 00:00:00+00:00,82766.98,1203.48,v4,symbol_interval,12h,ETH,bitfinex_margin,bitfinex-margin-long-short,2026-04-24T04:24:38.244433+00:00
2026-04-17 12:00:00+00:00,82780.43,1188.61,v4,symbol_interval,12h,ETH,bitfinex_margin,bitfinex-margin-long-short,2026-04-24T04:24:38.244433+00:00
2026-04-18 00:00:00+00:00,84360.7,1477.14,v4,symbol_interval,12h,ETH,bitfinex_margin,bitfinex-margin-long-short,2026-04-24T04:24:38.244433+00:00
2026-04-18 12:00:00+00:00,84408.1,1316.13,v4,symbol_interval,12h,ETH,bitfinex_margin,bitfinex-margin-long-short,2026-04-24T04:24:38.244433+00:00
2026-04-19 00:00:00+00:00,84229.64,1380.25,v4,symbol_interval,12h,ETH,bitfinex_margin,bitfinex-margin-long-short,2026-04-24T04:24:38.244433+00:00
2026-04-19 12:00:00+00:00,83294.5,1303.75,v4,symbol_interval,12h,ETH,bitfinex_margin,bitfinex-margin-long-short,2026-04-24T04:24:38.244433+00:00
2026-04-20 00:00:00+00:00,83162.51,862.7,v4,symbol_interval,12h,ETH,bitfinex_margin,bitfinex-margin-long-short,2026-04-24T04:24:38.244433+00:00
2026-04-20 12:00:00+00:00,83082.26,925.64,v4,symbol_interval,12h,ETH,bitfinex_margin,bitfinex-margin-long-short,2026-04-24T04:24:38.244433+00:00
2026-04-21 00:00:00+00:00,83148.27,1035.28,v4,symbol_interval,12h,ETH,bitfinex_margin,bitfinex-margin-long-short,2026-04-24T04:24:38.244433+00:00
2026-04-21 12:00:00+00:00,83208.89,1104.5,v4,symbol_interval,12h,ETH,bitfinex_margin,bitfinex-margin-long-short,2026-04-24T04:24:38.244433+00:00
2026-04-22 00:00:00+00:00,83175.23,1057.48,v4,symbol_interval,12h,ETH,bitfinex_margin,bitfinex-margin-long-short,2026-04-24T04:24:38.244433+00:00
2026-04-22 12:00:00+00:00,83094.05,1119.85,v4,symbol_interval,12h,ETH,bitfinex_margin,bitfinex-margin-long-short,2026-04-24T04:24:38.244433+00:00
2026-04-23 00:00:00+00:00,82992.41,1243.32,v4,symbol_interval,12h,ETH,bitfinex_margin,bitfinex-margin-long-short,2026-04-24T04:24:38.244433+00:00
2026-04-23 12:00:00+00:00,82992.41,1243.32,v4,symbol_interval,12h,ETH,bitfinex_margin,bitfinex-margin-long-short,2026-04-24T04:24:38.244433+00:00
2026-04-24 00:00:00+00:00,82992.41,1243.32,v4,symbol_interval,12h,ETH,bitfinex_margin,bitfinex-margin-long-short,2026-04-24T04:24:38.244433+00:00
