ts,top_acct_ls_ratio,top_acct_long_pct,api_version,interval,symbol,endpoint,path,fetched_at
2025-04-28 12:00:00+00:00,3.4,77.26,v3,12h,DOGE,top_acct,/futures/topLongShortAccountRatio/history,2026-04-23T00:34:23.016699+00:00
2025-04-29 00:00:00+00:00,2.75,73.35,v3,12h,DOGE,top_acct,/futures/topLongShortAccountRatio/history,2026-04-23T00:34:23.016699+00:00
2025-04-29 12:00:00+00:00,3.44,77.48,v3,12h,DOGE,top_acct,/futures/topLongShortAccountRatio/history,2026-04-24T04:03:24.776106+00:00
2025-04-30 00:00:00+00:00,2.84,73.98,v3,12h,DOGE,top_acct,/futures/topLongShortAccountRatio/history,2026-04-24T04:03:24.776106+00:00
2025-04-30 12:00:00+00:00,3.01,75.06,v3,12h,DOGE,top_acct,/futures/topLongShortAccountRatio/history,2026-04-24T04:03:24.776106+00:00
2025-05-01 00:00:00+00:00,3.14,75.82,v3,12h,DOGE,top_acct,/futures/topLongShortAccountRatio/history,2026-04-24T04:03:24.776106+00:00
2025-05-01 12:00:00+00:00,2.69,72.91,v3,12h,DOGE,top_acct,/futures/topLongShortAccountRatio/history,2026-04-24T04:03:24.776106+00:00
2025-05-02 00:00:00+00:00,2.85,74.05,v3,12h,DOGE,top_acct,/futures/topLongShortAccountRatio/history,2026-04-24T04:03:24.776106+00:00
2025-05-02 12:00:00+00:00,3.16,75.97,v3,12h,DOGE,top_acct,/futures/topLongShortAccountRatio/history,2026-04-24T04:03:24.776106+00:00
2025-05-03 00:00:00+00:00,3.19,76.13,v3,12h,DOGE,top_acct,/futures/topLongShortAccountRatio/history,2026-04-24T04:03:24.776106+00:00
2025-05-03 12:00:00+00:00,3.36,77.08,v3,12h,DOGE,top_acct,/futures/topLongShortAccountRatio/history,2026-04-24T04:03:24.776106+00:00
2025-05-04 00:00:00+00:00,3.26,76.5,v3,12h,DOGE,top_acct,/futures/topLongShortAccountRatio/history,2026-04-24T04:03:24.776106+00:00
2025-05-04 12:00:00+00:00,3.2,76.18,v3,12h,DOGE,top_acct,/futures/topLongShortAccountRatio/history,2026-04-24T04:03:24.776106+00:00
2025-05-05 00:00:00+00:00,3.22,76.28,v3,12h,DOGE,top_acct,/futures/topLongShortAccountRatio/history,2026-04-24T04:03:24.776106+00:00
2025-05-05 12:00:00+00:00,2.68,72.79,v3,12h,DOGE,top_acct,/futures/topLongShortAccountRatio/history,2026-04-24T04:03:24.776106+00:00
2025-05-06 00:00:00+00:00,3.1,75.63,v3,12h,DOGE,top_acct,/futures/topLongShortAccountRatio/history,2026-04-24T04:03:24.776106+00:00
2025-05-06 12:00:00+00:00,3.08,75.51,v3,12h,DOGE,top_acct,/futures/topLongShortAccountRatio/history,2026-04-24T04:03:24.776106+00:00
2025-05-07 00:00:00+00:00,2.84,73.96,v3,12h,DOGE,top_acct,/futures/topLongShortAccountRatio/history,2026-04-24T04:03:24.776106+00:00
2025-05-07 12:00:00+00:00,2.61,72.26,v3,12h,DOGE,top_acct,/futures/topLongShortAccountRatio/history,2026-04-24T04:03:24.776106+00:00
2025-05-08 00:00:00+00:00,2.61,72.26,v3,12h,DOGE,top_acct,/futures/topLongShortAccountRatio/history,2026-04-24T04:03:24.776106+00:00
2025-05-08 12:00:00+00:00,2.55,71.83,v3,12h,DOGE,top_acct,/futures/topLongShortAccountRatio/history,2026-04-24T04:03:24.776106+00:00
2025-05-09 00:00:00+00:00,2.57,72.02,v3,12h,DOGE,top_acct,/futures/topLongShortAccountRatio/history,2026-04-24T04:03:24.776106+00:00
2025-05-09 12:00:00+00:00,3.09,75.53,v3,12h,DOGE,top_acct,/futures/topLongShortAccountRatio/history,2026-04-24T04:03:24.776106+00:00
2025-05-10 00:00:00+00:00,3.89,79.55,v3,12h,DOGE,top_acct,/futures/topLongShortAccountRatio/history,2026-04-24T04:03:24.776106+00:00
2025-05-10 12:00:00+00:00,3.38,77.17,v3,12h,DOGE,top_acct,/futures/topLongShortAccountRatio/history,2026-04-24T04:03:24.776106+00:00
2025-05-11 00:00:00+00:00,2.89,74.31,v3,12h,DOGE,top_acct,/futures/topLongShortAccountRatio/history,2026-04-24T04:03:24.776106+00:00
2025-05-11 12:00:00+00:00,4.54,81.95,v3,12h,DOGE,top_acct,/futures/topLongShortAccountRatio/history,2026-04-24T04:03:24.776106+00:00
2025-05-12 00:00:00+00:00,4.5,81.8,v3,12h,DOGE,top_acct,/futures/topLongShortAccountRatio/history,2026-04-24T04:03:24.776106+00:00
2025-05-12 12:00:00+00:00,3.9,79.61,v3,12h,DOGE,top_acct,/futures/topLongShortAccountRatio/history,2026-04-24T04:03:24.776106+00:00
2025-05-13 00:00:00+00:00,3.25,76.45,v3,12h,DOGE,top_acct,/futures/topLongShortAccountRatio/history,2026-04-24T04:03:24.776106+00:00
2025-05-13 12:00:00+00:00,3.67,78.58,v3,12h,DOGE,top_acct,/futures/topLongShortAccountRatio/history,2026-04-24T04:03:24.776106+00:00
2025-05-14 00:00:00+00:00,3.02,75.11,v3,12h,DOGE,top_acct,/futures/topLongShortAccountRatio/history,2026-04-24T04:03:24.776106+00:00
2025-05-14 12:00:00+00:00,3.43,77.43,v3,12h,DOGE,top_acct,/futures/topLongShortAccountRatio/history,2026-04-24T04:03:24.776106+00:00
2025-05-15 00:00:00+00:00,4.06,80.24,v3,12h,DOGE,top_acct,/futures/topLongShortAccountRatio/history,2026-04-24T04:03:24.776106+00:00
2025-05-15 12:00:00+00:00,4.47,81.72,v3,12h,DOGE,top_acct,/futures/topLongShortAccountRatio/history,2026-04-24T04:03:24.776106+00:00
2025-05-16 00:00:00+00:00,4.71,82.5,v3,12h,DOGE,top_acct,/futures/topLongShortAccountRatio/history,2026-04-24T04:03:24.776106+00:00
2025-05-16 12:00:00+00:00,3.93,79.7,v3,12h,DOGE,top_acct,/futures/topLongShortAccountRatio/history,2026-04-24T04:03:24.776106+00:00
2025-05-17 00:00:00+00:00,4.17,80.64,v3,12h,DOGE,top_acct,/futures/topLongShortAccountRatio/history,2026-04-24T04:03:24.776106+00:00
2025-05-17 12:00:00+00:00,4.09,80.34,v3,12h,DOGE,top_acct,/futures/topLongShortAccountRatio/history,2026-04-24T04:03:24.776106+00:00
2025-05-18 00:00:00+00:00,4.13,80.5,v3,12h,DOGE,top_acct,/futures/topLongShortAccountRatio/history,2026-04-24T04:03:24.776106+00:00
2025-05-18 12:00:00+00:00,3.63,78.41,v3,12h,DOGE,top_acct,/futures/topLongShortAccountRatio/history,2026-04-24T04:03:24.776106+00:00
2025-05-19 00:00:00+00:00,3.4,77.25,v3,12h,DOGE,top_acct,/futures/topLongShortAccountRatio/history,2026-04-24T04:03:24.776106+00:00
2025-05-19 12:00:00+00:00,4.95,83.19,v3,12h,DOGE,top_acct,/futures/topLongShortAccountRatio/history,2026-04-24T04:03:24.776106+00:00
2025-05-20 00:00:00+00:00,3.59,78.2,v3,12h,DOGE,top_acct,/futures/topLongShortAccountRatio/history,2026-04-24T04:03:24.776106+00:00
2025-05-20 12:00:00+00:00,3.66,78.55,v3,12h,DOGE,top_acct,/futures/topLongShortAccountRatio/history,2026-04-24T04:03:24.776106+00:00
2025-05-21 00:00:00+00:00,3.16,75.96,v3,12h,DOGE,top_acct,/futures/topLongShortAccountRatio/history,2026-04-24T04:03:24.776106+00:00
2025-05-21 12:00:00+00:00,4.08,80.32,v3,12h,DOGE,top_acct,/futures/topLongShortAccountRatio/history,2026-04-24T04:03:24.776106+00:00
2025-05-22 00:00:00+00:00,3.89,79.54,v3,12h,DOGE,top_acct,/futures/topLongShortAccountRatio/history,2026-04-24T04:03:24.776106+00:00
2025-05-22 12:00:00+00:00,3.67,78.59,v3,12h,DOGE,top_acct,/futures/topLongShortAccountRatio/history,2026-04-24T04:03:24.776106+00:00
2025-05-23 00:00:00+00:00,3.62,78.33,v3,12h,DOGE,top_acct,/futures/topLongShortAccountRatio/history,2026-04-24T04:03:24.776106+00:00
2025-05-23 12:00:00+00:00,4.83,82.84,v3,12h,DOGE,top_acct,/futures/topLongShortAccountRatio/history,2026-04-24T04:03:24.776106+00:00
2025-05-24 00:00:00+00:00,4.97,83.25,v3,12h,DOGE,top_acct,/futures/topLongShortAccountRatio/history,2026-04-24T04:03:24.776106+00:00
2025-05-24 12:00:00+00:00,3.9,79.59,v3,12h,DOGE,top_acct,/futures/topLongShortAccountRatio/history,2026-04-24T04:03:24.776106+00:00
2025-05-25 00:00:00+00:00,3.82,79.23,v3,12h,DOGE,top_acct,/futures/topLongShortAccountRatio/history,2026-04-24T04:03:24.776106+00:00
2025-05-25 12:00:00+00:00,3.85,79.4,v3,12h,DOGE,top_acct,/futures/topLongShortAccountRatio/history,2026-04-24T04:03:24.776106+00:00
2025-05-26 00:00:00+00:00,3.6,78.27,v3,12h,DOGE,top_acct,/futures/topLongShortAccountRatio/history,2026-04-24T04:03:24.776106+00:00
2025-05-26 12:00:00+00:00,3.06,75.35,v3,12h,DOGE,top_acct,/futures/topLongShortAccountRatio/history,2026-04-24T04:03:24.776106+00:00
2025-05-27 00:00:00+00:00,2.97,74.8,v3,12h,DOGE,top_acct,/futures/topLongShortAccountRatio/history,2026-04-24T04:03:24.776106+00:00
2025-05-27 12:00:00+00:00,3.73,78.85,v3,12h,DOGE,top_acct,/futures/topLongShortAccountRatio/history,2026-04-24T04:03:24.776106+00:00
2025-05-28 00:00:00+00:00,3.01,75.09,v3,12h,DOGE,top_acct,/futures/topLongShortAccountRatio/history,2026-04-24T04:03:24.776106+00:00
2025-05-28 12:00:00+00:00,3.2,76.2,v3,12h,DOGE,top_acct,/futures/topLongShortAccountRatio/history,2026-04-24T04:03:24.776106+00:00
2025-05-29 00:00:00+00:00,3.23,76.37,v3,12h,DOGE,top_acct,/futures/topLongShortAccountRatio/history,2026-04-24T04:03:24.776106+00:00
2025-05-29 12:00:00+00:00,3.35,76.99,v3,12h,DOGE,top_acct,/futures/topLongShortAccountRatio/history,2026-04-24T04:03:24.776106+00:00
2025-05-30 00:00:00+00:00,3.2,76.16,v3,12h,DOGE,top_acct,/futures/topLongShortAccountRatio/history,2026-04-24T04:03:24.776106+00:00
2025-05-30 12:00:00+00:00,3.74,78.89,v3,12h,DOGE,top_acct,/futures/topLongShortAccountRatio/history,2026-04-24T04:03:24.776106+00:00
2025-05-31 00:00:00+00:00,3.57,78.1,v3,12h,DOGE,top_acct,/futures/topLongShortAccountRatio/history,2026-04-24T04:03:24.776106+00:00
2025-05-31 12:00:00+00:00,2.63,72.48,v3,12h,DOGE,top_acct,/futures/topLongShortAccountRatio/history,2026-04-24T04:03:24.776106+00:00
2025-06-01 00:00:00+00:00,2.41,70.66,v3,12h,DOGE,top_acct,/futures/topLongShortAccountRatio/history,2026-04-24T04:03:24.776106+00:00
2025-06-01 12:00:00+00:00,2.4,70.61,v3,12h,DOGE,top_acct,/futures/topLongShortAccountRatio/history,2026-04-24T04:03:24.776106+00:00
2025-06-02 00:00:00+00:00,2.45,70.99,v3,12h,DOGE,top_acct,/futures/topLongShortAccountRatio/history,2026-04-24T04:03:24.776106+00:00
2025-06-02 12:00:00+00:00,2.63,72.45,v3,12h,DOGE,top_acct,/futures/topLongShortAccountRatio/history,2026-04-24T04:03:24.776106+00:00
2025-06-03 00:00:00+00:00,2.99,74.95,v3,12h,DOGE,top_acct,/futures/topLongShortAccountRatio/history,2026-04-24T04:03:24.776106+00:00
2025-06-03 12:00:00+00:00,3.0,74.99,v3,12h,DOGE,top_acct,/futures/topLongShortAccountRatio/history,2026-04-24T04:03:24.776106+00:00
2025-06-04 00:00:00+00:00,2.58,72.09,v3,12h,DOGE,top_acct,/futures/topLongShortAccountRatio/history,2026-04-24T04:03:24.776106+00:00
2025-06-04 12:00:00+00:00,2.61,72.33,v3,12h,DOGE,top_acct,/futures/topLongShortAccountRatio/history,2026-04-24T04:03:24.776106+00:00
2025-06-05 00:00:00+00:00,2.67,72.73,v3,12h,DOGE,top_acct,/futures/topLongShortAccountRatio/history,2026-04-24T04:03:24.776106+00:00
2025-06-05 12:00:00+00:00,2.56,71.91,v3,12h,DOGE,top_acct,/futures/topLongShortAccountRatio/history,2026-04-24T04:03:24.776106+00:00
2025-06-06 00:00:00+00:00,2.86,74.06,v3,12h,DOGE,top_acct,/futures/topLongShortAccountRatio/history,2026-04-24T04:03:24.776106+00:00
2025-06-06 12:00:00+00:00,2.35,70.14,v3,12h,DOGE,top_acct,/futures/topLongShortAccountRatio/history,2026-04-24T04:03:24.776106+00:00
2025-06-07 00:00:00+00:00,2.48,71.26,v3,12h,DOGE,top_acct,/futures/topLongShortAccountRatio/history,2026-04-24T04:03:24.776106+00:00
2025-06-07 12:00:00+00:00,2.32,69.91,v3,12h,DOGE,top_acct,/futures/topLongShortAccountRatio/history,2026-04-24T04:03:24.776106+00:00
2025-06-08 00:00:00+00:00,2.21,68.87,v3,12h,DOGE,top_acct,/futures/topLongShortAccountRatio/history,2026-04-24T04:03:24.776106+00:00
2025-06-08 12:00:00+00:00,2.63,72.44,v3,12h,DOGE,top_acct,/futures/topLongShortAccountRatio/history,2026-04-24T04:03:24.776106+00:00
2025-06-09 00:00:00+00:00,2.24,69.16,v3,12h,DOGE,top_acct,/futures/topLongShortAccountRatio/history,2026-04-24T04:03:24.776106+00:00
2025-06-09 12:00:00+00:00,2.63,72.44,v3,12h,DOGE,top_acct,/futures/topLongShortAccountRatio/history,2026-04-24T04:03:24.776106+00:00
2025-06-10 00:00:00+00:00,2.62,72.39,v3,12h,DOGE,top_acct,/futures/topLongShortAccountRatio/history,2026-04-24T04:03:24.776106+00:00
2025-06-10 12:00:00+00:00,2.65,72.58,v3,12h,DOGE,top_acct,/futures/topLongShortAccountRatio/history,2026-04-24T04:03:24.776106+00:00
2025-06-11 00:00:00+00:00,2.7,72.98,v3,12h,DOGE,top_acct,/futures/topLongShortAccountRatio/history,2026-04-24T04:03:24.776106+00:00
2025-06-11 12:00:00+00:00,2.66,72.7,v3,12h,DOGE,top_acct,/futures/topLongShortAccountRatio/history,2026-04-24T04:03:24.776106+00:00
2025-06-12 00:00:00+00:00,3.5,77.78,v3,12h,DOGE,top_acct,/futures/topLongShortAccountRatio/history,2026-04-24T04:03:24.776106+00:00
2025-06-12 12:00:00+00:00,3.28,76.65,v3,12h,DOGE,top_acct,/futures/topLongShortAccountRatio/history,2026-04-24T04:03:24.776106+00:00
2025-06-13 00:00:00+00:00,2.93,74.52,v3,12h,DOGE,top_acct,/futures/topLongShortAccountRatio/history,2026-04-24T04:03:24.776106+00:00
2025-06-13 12:00:00+00:00,2.82,73.8,v3,12h,DOGE,top_acct,/futures/topLongShortAccountRatio/history,2026-04-24T04:03:24.776106+00:00
2025-06-14 00:00:00+00:00,2.64,72.52,v3,12h,DOGE,top_acct,/futures/topLongShortAccountRatio/history,2026-04-24T04:03:24.776106+00:00
2025-06-14 12:00:00+00:00,2.6,72.24,v3,12h,DOGE,top_acct,/futures/topLongShortAccountRatio/history,2026-04-24T04:03:24.776106+00:00
2025-06-15 00:00:00+00:00,2.59,72.17,v3,12h,DOGE,top_acct,/futures/topLongShortAccountRatio/history,2026-04-24T04:03:24.776106+00:00
2025-06-15 12:00:00+00:00,2.59,72.12,v3,12h,DOGE,top_acct,/futures/topLongShortAccountRatio/history,2026-04-24T04:03:24.776106+00:00
2025-06-16 00:00:00+00:00,2.81,73.78,v3,12h,DOGE,top_acct,/futures/topLongShortAccountRatio/history,2026-04-24T04:03:24.776106+00:00
2025-06-16 12:00:00+00:00,3.36,77.06,v3,12h,DOGE,top_acct,/futures/topLongShortAccountRatio/history,2026-04-24T04:03:24.776106+00:00
2025-06-17 00:00:00+00:00,2.61,72.32,v3,12h,DOGE,top_acct,/futures/topLongShortAccountRatio/history,2026-04-24T04:03:24.776106+00:00
2025-06-17 12:00:00+00:00,2.55,71.8,v3,12h,DOGE,top_acct,/futures/topLongShortAccountRatio/history,2026-04-24T04:03:24.776106+00:00
2025-06-18 00:00:00+00:00,2.82,73.85,v3,12h,DOGE,top_acct,/futures/topLongShortAccountRatio/history,2026-04-24T04:03:24.776106+00:00
2025-06-18 12:00:00+00:00,2.76,73.38,v3,12h,DOGE,top_acct,/futures/topLongShortAccountRatio/history,2026-04-24T04:03:24.776106+00:00
2025-06-19 00:00:00+00:00,3.36,77.04,v3,12h,DOGE,top_acct,/futures/topLongShortAccountRatio/history,2026-04-24T04:03:24.776106+00:00
2025-06-19 12:00:00+00:00,3.45,77.53,v3,12h,DOGE,top_acct,/futures/topLongShortAccountRatio/history,2026-04-24T04:03:24.776106+00:00
2025-06-20 00:00:00+00:00,2.95,74.7,v3,12h,DOGE,top_acct,/futures/topLongShortAccountRatio/history,2026-04-24T04:03:24.776106+00:00
2025-06-20 12:00:00+00:00,2.93,74.55,v3,12h,DOGE,top_acct,/futures/topLongShortAccountRatio/history,2026-04-24T04:03:24.776106+00:00
2025-06-21 00:00:00+00:00,2.82,73.81,v3,12h,DOGE,top_acct,/futures/topLongShortAccountRatio/history,2026-04-24T04:03:24.776106+00:00
2025-06-21 12:00:00+00:00,2.5,71.43,v3,12h,DOGE,top_acct,/futures/topLongShortAccountRatio/history,2026-04-24T04:03:24.776106+00:00
2025-06-22 00:00:00+00:00,2.75,73.34,v3,12h,DOGE,top_acct,/futures/topLongShortAccountRatio/history,2026-04-24T04:03:24.776106+00:00
2025-06-22 12:00:00+00:00,2.84,73.94,v3,12h,DOGE,top_acct,/futures/topLongShortAccountRatio/history,2026-04-24T04:03:24.776106+00:00
2025-06-23 00:00:00+00:00,3.36,77.07,v3,12h,DOGE,top_acct,/futures/topLongShortAccountRatio/history,2026-04-24T04:03:24.776106+00:00
2025-06-23 12:00:00+00:00,3.29,76.69,v3,12h,DOGE,top_acct,/futures/topLongShortAccountRatio/history,2026-04-24T04:03:24.776106+00:00
2025-06-24 00:00:00+00:00,2.6,72.23,v3,12h,DOGE,top_acct,/futures/topLongShortAccountRatio/history,2026-04-24T04:03:24.776106+00:00
2025-06-24 12:00:00+00:00,3.03,75.16,v3,12h,DOGE,top_acct,/futures/topLongShortAccountRatio/history,2026-04-24T04:03:24.776106+00:00
2025-06-25 00:00:00+00:00,2.57,72.0,v3,12h,DOGE,top_acct,/futures/topLongShortAccountRatio/history,2026-04-24T04:03:24.776106+00:00
2025-06-25 12:00:00+00:00,2.8,73.71,v3,12h,DOGE,top_acct,/futures/topLongShortAccountRatio/history,2026-04-24T04:03:24.776106+00:00
2025-06-26 00:00:00+00:00,2.7,72.96,v3,12h,DOGE,top_acct,/futures/topLongShortAccountRatio/history,2026-04-24T04:03:24.776106+00:00
2025-06-26 12:00:00+00:00,3.0,75.0,v3,12h,DOGE,top_acct,/futures/topLongShortAccountRatio/history,2026-04-24T04:03:24.776106+00:00
2025-06-27 00:00:00+00:00,3.63,78.38,v3,12h,DOGE,top_acct,/futures/topLongShortAccountRatio/history,2026-04-24T04:03:24.776106+00:00
2025-06-27 12:00:00+00:00,3.42,77.36,v3,12h,DOGE,top_acct,/futures/topLongShortAccountRatio/history,2026-04-24T04:03:24.776106+00:00
2025-06-28 00:00:00+00:00,3.33,76.9,v3,12h,DOGE,top_acct,/futures/topLongShortAccountRatio/history,2026-04-24T04:03:24.776106+00:00
2025-06-28 12:00:00+00:00,3.25,76.45,v3,12h,DOGE,top_acct,/futures/topLongShortAccountRatio/history,2026-04-24T04:03:24.776106+00:00
2025-06-29 00:00:00+00:00,3.21,76.22,v3,12h,DOGE,top_acct,/futures/topLongShortAccountRatio/history,2026-04-24T04:03:24.776106+00:00
2025-06-29 12:00:00+00:00,3.18,76.08,v3,12h,DOGE,top_acct,/futures/topLongShortAccountRatio/history,2026-04-24T04:03:24.776106+00:00
2025-06-30 00:00:00+00:00,3.36,77.04,v3,12h,DOGE,top_acct,/futures/topLongShortAccountRatio/history,2026-04-24T04:03:24.776106+00:00
2025-06-30 12:00:00+00:00,2.63,72.48,v3,12h,DOGE,top_acct,/futures/topLongShortAccountRatio/history,2026-04-24T04:03:24.776106+00:00
2025-07-01 00:00:00+00:00,2.45,71.0,v3,12h,DOGE,top_acct,/futures/topLongShortAccountRatio/history,2026-04-24T04:03:24.776106+00:00
2025-07-01 12:00:00+00:00,2.33,69.97,v3,12h,DOGE,top_acct,/futures/topLongShortAccountRatio/history,2026-04-24T04:03:24.776106+00:00
2025-07-02 00:00:00+00:00,2.32,69.83,v3,12h,DOGE,top_acct,/futures/topLongShortAccountRatio/history,2026-04-24T04:03:24.776106+00:00
2025-07-02 12:00:00+00:00,2.08,67.55,v3,12h,DOGE,top_acct,/futures/topLongShortAccountRatio/history,2026-04-24T04:03:24.776106+00:00
2025-07-03 00:00:00+00:00,2.88,74.24,v3,12h,DOGE,top_acct,/futures/topLongShortAccountRatio/history,2026-04-24T04:03:24.776106+00:00
2025-07-03 12:00:00+00:00,2.22,68.95,v3,12h,DOGE,top_acct,/futures/topLongShortAccountRatio/history,2026-04-24T04:03:24.776106+00:00
2025-07-04 00:00:00+00:00,3.26,76.51,v3,12h,DOGE,top_acct,/futures/topLongShortAccountRatio/history,2026-04-24T04:03:24.776106+00:00
2025-07-04 12:00:00+00:00,3.77,79.02,v3,12h,DOGE,top_acct,/futures/topLongShortAccountRatio/history,2026-04-24T04:03:24.776106+00:00
2025-07-05 00:00:00+00:00,2.52,71.55,v3,12h,DOGE,top_acct,/futures/topLongShortAccountRatio/history,2026-04-24T04:03:24.776106+00:00
2025-07-05 12:00:00+00:00,2.38,70.37,v3,12h,DOGE,top_acct,/futures/topLongShortAccountRatio/history,2026-04-24T04:03:24.776106+00:00
2025-07-06 00:00:00+00:00,2.35,70.11,v3,12h,DOGE,top_acct,/futures/topLongShortAccountRatio/history,2026-04-24T04:03:24.776106+00:00
2025-07-06 12:00:00+00:00,2.45,70.97,v3,12h,DOGE,top_acct,/futures/topLongShortAccountRatio/history,2026-04-24T04:03:24.776106+00:00
2025-07-07 00:00:00+00:00,3.25,76.48,v3,12h,DOGE,top_acct,/futures/topLongShortAccountRatio/history,2026-04-24T04:03:24.776106+00:00
2025-07-07 12:00:00+00:00,2.83,73.91,v3,12h,DOGE,top_acct,/futures/topLongShortAccountRatio/history,2026-04-24T04:03:24.776106+00:00
2025-07-08 00:00:00+00:00,2.97,74.83,v3,12h,DOGE,top_acct,/futures/topLongShortAccountRatio/history,2026-04-24T04:03:24.776106+00:00
2025-07-08 12:00:00+00:00,2.74,73.24,v3,12h,DOGE,top_acct,/futures/topLongShortAccountRatio/history,2026-04-24T04:03:24.776106+00:00
2025-07-09 00:00:00+00:00,2.72,73.13,v3,12h,DOGE,top_acct,/futures/topLongShortAccountRatio/history,2026-04-24T04:03:24.776106+00:00
2025-07-09 12:00:00+00:00,2.82,73.81,v3,12h,DOGE,top_acct,/futures/topLongShortAccountRatio/history,2026-04-24T04:03:24.776106+00:00
2025-07-10 00:00:00+00:00,3.18,76.09,v3,12h,DOGE,top_acct,/futures/topLongShortAccountRatio/history,2026-04-24T04:03:24.776106+00:00
2025-07-10 12:00:00+00:00,3.64,78.45,v3,12h,DOGE,top_acct,/futures/topLongShortAccountRatio/history,2026-04-24T04:03:24.776106+00:00
2025-07-11 00:00:00+00:00,2.9,74.38,v3,12h,DOGE,top_acct,/futures/topLongShortAccountRatio/history,2026-04-24T04:03:24.776106+00:00
2025-07-11 12:00:00+00:00,3.67,78.59,v3,12h,DOGE,top_acct,/futures/topLongShortAccountRatio/history,2026-04-24T04:03:24.776106+00:00
2025-07-12 00:00:00+00:00,3.93,79.71,v3,12h,DOGE,top_acct,/futures/topLongShortAccountRatio/history,2026-04-24T04:03:24.776106+00:00
2025-07-12 12:00:00+00:00,3.66,78.55,v3,12h,DOGE,top_acct,/futures/topLongShortAccountRatio/history,2026-04-24T04:03:24.776106+00:00
2025-07-13 00:00:00+00:00,3.67,78.59,v3,12h,DOGE,top_acct,/futures/topLongShortAccountRatio/history,2026-04-24T04:03:24.776106+00:00
2025-07-13 12:00:00+00:00,3.32,76.84,v3,12h,DOGE,top_acct,/futures/topLongShortAccountRatio/history,2026-04-24T04:03:24.776106+00:00
2025-07-14 00:00:00+00:00,3.38,77.15,v3,12h,DOGE,top_acct,/futures/topLongShortAccountRatio/history,2026-04-24T04:03:24.776106+00:00
2025-07-14 12:00:00+00:00,3.26,76.53,v3,12h,DOGE,top_acct,/futures/topLongShortAccountRatio/history,2026-04-24T04:03:24.776106+00:00
2025-07-15 00:00:00+00:00,4.0,80.01,v3,12h,DOGE,top_acct,/futures/topLongShortAccountRatio/history,2026-04-24T04:03:24.776106+00:00
2025-07-15 12:00:00+00:00,3.59,78.23,v3,12h,DOGE,top_acct,/futures/topLongShortAccountRatio/history,2026-04-24T04:03:24.776106+00:00
2025-07-16 00:00:00+00:00,2.9,74.36,v3,12h,DOGE,top_acct,/futures/topLongShortAccountRatio/history,2026-04-24T04:03:24.776106+00:00
2025-07-16 12:00:00+00:00,2.99,74.92,v3,12h,DOGE,top_acct,/futures/topLongShortAccountRatio/history,2026-04-24T04:03:24.776106+00:00
2025-07-17 00:00:00+00:00,3.62,78.36,v3,12h,DOGE,top_acct,/futures/topLongShortAccountRatio/history,2026-04-24T04:03:24.776106+00:00
2025-07-17 12:00:00+00:00,2.96,74.72,v3,12h,DOGE,top_acct,/futures/topLongShortAccountRatio/history,2026-04-24T04:03:24.776106+00:00
2025-07-18 00:00:00+00:00,3.24,76.39,v3,12h,DOGE,top_acct,/futures/topLongShortAccountRatio/history,2026-04-24T04:03:24.776106+00:00
2025-07-18 12:00:00+00:00,4.0,79.99,v3,12h,DOGE,top_acct,/futures/topLongShortAccountRatio/history,2026-04-24T04:03:24.776106+00:00
2025-07-19 00:00:00+00:00,4.25,80.95,v3,12h,DOGE,top_acct,/futures/topLongShortAccountRatio/history,2026-04-24T04:03:24.776106+00:00
2025-07-19 12:00:00+00:00,3.86,79.42,v3,12h,DOGE,top_acct,/futures/topLongShortAccountRatio/history,2026-04-24T04:03:24.776106+00:00
2025-07-20 00:00:00+00:00,4.21,80.8,v3,12h,DOGE,top_acct,/futures/topLongShortAccountRatio/history,2026-04-24T04:03:24.776106+00:00
2025-07-20 12:00:00+00:00,4.0,79.98,v3,12h,DOGE,top_acct,/futures/topLongShortAccountRatio/history,2026-04-24T04:03:24.776106+00:00
2025-07-21 00:00:00+00:00,3.59,78.2,v3,12h,DOGE,top_acct,/futures/topLongShortAccountRatio/history,2026-04-24T04:03:24.776106+00:00
2025-07-21 12:00:00+00:00,3.12,75.7,v3,12h,DOGE,top_acct,/futures/topLongShortAccountRatio/history,2026-04-24T04:03:24.776106+00:00
2025-07-22 00:00:00+00:00,3.85,79.37,v3,12h,DOGE,top_acct,/futures/topLongShortAccountRatio/history,2026-04-24T04:03:24.776106+00:00
2025-07-22 12:00:00+00:00,4.33,81.25,v3,12h,DOGE,top_acct,/futures/topLongShortAccountRatio/history,2026-04-24T04:03:24.776106+00:00
2025-07-23 00:00:00+00:00,4.21,80.82,v3,12h,DOGE,top_acct,/futures/topLongShortAccountRatio/history,2026-04-24T04:03:24.776106+00:00
2025-07-23 12:00:00+00:00,4.19,80.74,v3,12h,DOGE,top_acct,/futures/topLongShortAccountRatio/history,2026-04-24T04:03:24.776106+00:00
2025-07-24 00:00:00+00:00,5.25,84.01,v3,12h,DOGE,top_acct,/futures/topLongShortAccountRatio/history,2026-04-24T04:03:24.776106+00:00
2025-07-24 12:00:00+00:00,4.66,82.33,v3,12h,DOGE,top_acct,/futures/topLongShortAccountRatio/history,2026-04-24T04:03:24.776106+00:00
2025-07-25 00:00:00+00:00,4.74,82.57,v3,12h,DOGE,top_acct,/futures/topLongShortAccountRatio/history,2026-04-24T04:03:24.776106+00:00
2025-07-25 12:00:00+00:00,4.7,82.44,v3,12h,DOGE,top_acct,/futures/topLongShortAccountRatio/history,2026-04-24T04:03:24.776106+00:00
2025-07-26 00:00:00+00:00,4.45,81.64,v3,12h,DOGE,top_acct,/futures/topLongShortAccountRatio/history,2026-04-24T04:03:24.776106+00:00
2025-07-26 12:00:00+00:00,4.39,81.46,v3,12h,DOGE,top_acct,/futures/topLongShortAccountRatio/history,2026-04-24T04:03:24.776106+00:00
2025-07-27 00:00:00+00:00,4.03,80.13,v3,12h,DOGE,top_acct,/futures/topLongShortAccountRatio/history,2026-04-24T04:03:24.776106+00:00
2025-07-27 12:00:00+00:00,3.68,78.65,v3,12h,DOGE,top_acct,/futures/topLongShortAccountRatio/history,2026-04-24T04:03:24.776106+00:00
2025-07-28 00:00:00+00:00,3.57,78.13,v3,12h,DOGE,top_acct,/futures/topLongShortAccountRatio/history,2026-04-24T04:03:24.776106+00:00
2025-07-28 12:00:00+00:00,3.77,79.04,v3,12h,DOGE,top_acct,/futures/topLongShortAccountRatio/history,2026-04-24T04:03:24.776106+00:00
2025-07-29 00:00:00+00:00,3.73,78.87,v3,12h,DOGE,top_acct,/futures/topLongShortAccountRatio/history,2026-04-24T04:03:24.776106+00:00
2025-07-29 12:00:00+00:00,3.68,78.62,v3,12h,DOGE,top_acct,/futures/topLongShortAccountRatio/history,2026-04-24T04:03:24.776106+00:00
2025-07-30 00:00:00+00:00,3.94,79.74,v3,12h,DOGE,top_acct,/futures/topLongShortAccountRatio/history,2026-04-24T04:03:24.776106+00:00
2025-07-30 12:00:00+00:00,4.54,81.96,v3,12h,DOGE,top_acct,/futures/topLongShortAccountRatio/history,2026-04-24T04:03:24.776106+00:00
2025-07-31 00:00:00+00:00,4.61,82.17,v3,12h,DOGE,top_acct,/futures/topLongShortAccountRatio/history,2026-04-24T04:03:24.776106+00:00
2025-07-31 12:00:00+00:00,4.21,80.82,v3,12h,DOGE,top_acct,/futures/topLongShortAccountRatio/history,2026-04-24T04:03:24.776106+00:00
2025-08-01 00:00:00+00:00,3.3,76.76,v3,12h,DOGE,top_acct,/futures/topLongShortAccountRatio/history,2026-04-24T04:03:24.776106+00:00
2025-08-01 12:00:00+00:00,3.63,78.38,v3,12h,DOGE,top_acct,/futures/topLongShortAccountRatio/history,2026-04-24T04:03:24.776106+00:00
2025-08-02 00:00:00+00:00,3.74,78.91,v3,12h,DOGE,top_acct,/futures/topLongShortAccountRatio/history,2026-04-24T04:03:24.776106+00:00
2025-08-02 12:00:00+00:00,3.58,78.15,v3,12h,DOGE,top_acct,/futures/topLongShortAccountRatio/history,2026-04-24T04:03:24.776106+00:00
2025-08-03 00:00:00+00:00,3.68,78.62,v3,12h,DOGE,top_acct,/futures/topLongShortAccountRatio/history,2026-04-24T04:03:24.776106+00:00
2025-08-03 12:00:00+00:00,3.34,76.96,v3,12h,DOGE,top_acct,/futures/topLongShortAccountRatio/history,2026-04-24T04:03:24.776106+00:00
2025-08-04 00:00:00+00:00,3.28,76.66,v3,12h,DOGE,top_acct,/futures/topLongShortAccountRatio/history,2026-04-24T04:03:24.776106+00:00
2025-08-04 12:00:00+00:00,2.94,74.6,v3,12h,DOGE,top_acct,/futures/topLongShortAccountRatio/history,2026-04-24T04:03:24.776106+00:00
2025-08-05 00:00:00+00:00,3.03,75.16,v3,12h,DOGE,top_acct,/futures/topLongShortAccountRatio/history,2026-04-24T04:03:24.776106+00:00
2025-08-05 12:00:00+00:00,3.44,77.46,v3,12h,DOGE,top_acct,/futures/topLongShortAccountRatio/history,2026-04-24T04:03:24.776106+00:00
2025-08-06 00:00:00+00:00,3.47,77.64,v3,12h,DOGE,top_acct,/futures/topLongShortAccountRatio/history,2026-04-24T04:03:24.776106+00:00
2025-08-06 12:00:00+00:00,2.94,74.6,v3,12h,DOGE,top_acct,/futures/topLongShortAccountRatio/history,2026-04-24T04:03:24.776106+00:00
2025-08-07 00:00:00+00:00,2.94,74.59,v3,12h,DOGE,top_acct,/futures/topLongShortAccountRatio/history,2026-04-24T04:03:24.776106+00:00
2025-08-07 12:00:00+00:00,3.51,77.83,v3,12h,DOGE,top_acct,/futures/topLongShortAccountRatio/history,2026-04-24T04:03:24.776106+00:00
2025-08-08 00:00:00+00:00,3.23,76.37,v3,12h,DOGE,top_acct,/futures/topLongShortAccountRatio/history,2026-04-24T04:03:24.776106+00:00
2025-08-08 12:00:00+00:00,3.02,75.11,v3,12h,DOGE,top_acct,/futures/topLongShortAccountRatio/history,2026-04-24T04:03:24.776106+00:00
2025-08-09 00:00:00+00:00,2.91,74.44,v3,12h,DOGE,top_acct,/futures/topLongShortAccountRatio/history,2026-04-24T04:03:24.776106+00:00
2025-08-09 12:00:00+00:00,3.0,74.99,v3,12h,DOGE,top_acct,/futures/topLongShortAccountRatio/history,2026-04-24T04:03:24.776106+00:00
2025-08-10 00:00:00+00:00,3.32,76.85,v3,12h,DOGE,top_acct,/futures/topLongShortAccountRatio/history,2026-04-24T04:03:24.776106+00:00
2025-08-10 12:00:00+00:00,4.71,82.5,v3,12h,DOGE,top_acct,/futures/topLongShortAccountRatio/history,2026-04-24T04:03:24.776106+00:00
2025-08-11 00:00:00+00:00,4.18,80.68,v3,12h,DOGE,top_acct,/futures/topLongShortAccountRatio/history,2026-04-24T04:03:24.776106+00:00
2025-08-11 12:00:00+00:00,3.1,75.58,v3,12h,DOGE,top_acct,/futures/topLongShortAccountRatio/history,2026-04-24T04:03:24.776106+00:00
2025-08-12 00:00:00+00:00,4.23,80.87,v3,12h,DOGE,top_acct,/futures/topLongShortAccountRatio/history,2026-04-24T04:03:24.776106+00:00
2025-08-12 12:00:00+00:00,3.98,79.92,v3,12h,DOGE,top_acct,/futures/topLongShortAccountRatio/history,2026-04-24T04:03:24.776106+00:00
2025-08-13 00:00:00+00:00,3.8,79.15,v3,12h,DOGE,top_acct,/futures/topLongShortAccountRatio/history,2026-04-24T04:03:24.776106+00:00
2025-08-13 12:00:00+00:00,3.74,78.92,v3,12h,DOGE,top_acct,/futures/topLongShortAccountRatio/history,2026-04-24T04:03:24.776106+00:00
2025-08-14 00:00:00+00:00,4.61,82.18,v3,12h,DOGE,top_acct,/futures/topLongShortAccountRatio/history,2026-04-24T04:03:24.776106+00:00
2025-08-14 12:00:00+00:00,4.9,83.06,v3,12h,DOGE,top_acct,/futures/topLongShortAccountRatio/history,2026-04-24T04:03:24.776106+00:00
2025-08-15 00:00:00+00:00,5.23,83.95,v3,12h,DOGE,top_acct,/futures/topLongShortAccountRatio/history,2026-04-24T04:03:24.776106+00:00
2025-08-15 12:00:00+00:00,4.04,80.16,v3,12h,DOGE,top_acct,/futures/topLongShortAccountRatio/history,2026-04-24T04:03:24.776106+00:00
2025-08-16 00:00:00+00:00,4.22,80.85,v3,12h,DOGE,top_acct,/futures/topLongShortAccountRatio/history,2026-04-24T04:03:24.776106+00:00
2025-08-16 12:00:00+00:00,4.58,82.07,v3,12h,DOGE,top_acct,/futures/topLongShortAccountRatio/history,2026-04-24T04:03:24.776106+00:00
2025-08-17 00:00:00+00:00,3.86,79.42,v3,12h,DOGE,top_acct,/futures/topLongShortAccountRatio/history,2026-04-24T04:03:24.776106+00:00
2025-08-17 12:00:00+00:00,4.59,82.11,v3,12h,DOGE,top_acct,/futures/topLongShortAccountRatio/history,2026-04-24T04:03:24.776106+00:00
2025-08-18 00:00:00+00:00,4.5,81.82,v3,12h,DOGE,top_acct,/futures/topLongShortAccountRatio/history,2026-04-24T04:03:24.776106+00:00
2025-08-18 12:00:00+00:00,4.48,81.74,v3,12h,DOGE,top_acct,/futures/topLongShortAccountRatio/history,2026-04-24T04:03:24.776106+00:00
2025-08-19 00:00:00+00:00,4.33,81.23,v3,12h,DOGE,top_acct,/futures/topLongShortAccountRatio/history,2026-04-24T04:03:24.776106+00:00
2025-08-19 12:00:00+00:00,4.03,80.1,v3,12h,DOGE,top_acct,/futures/topLongShortAccountRatio/history,2026-04-24T04:03:24.776106+00:00
2025-08-20 00:00:00+00:00,4.34,81.28,v3,12h,DOGE,top_acct,/futures/topLongShortAccountRatio/history,2026-04-24T04:03:24.776106+00:00
2025-08-20 12:00:00+00:00,3.47,77.63,v3,12h,DOGE,top_acct,/futures/topLongShortAccountRatio/history,2026-04-24T04:03:24.776106+00:00
2025-08-21 00:00:00+00:00,3.11,75.64,v3,12h,DOGE,top_acct,/futures/topLongShortAccountRatio/history,2026-04-24T04:03:24.776106+00:00
2025-08-21 12:00:00+00:00,3.97,79.86,v3,12h,DOGE,top_acct,/futures/topLongShortAccountRatio/history,2026-04-24T04:03:24.776106+00:00
2025-08-22 00:00:00+00:00,4.24,80.9,v3,12h,DOGE,top_acct,/futures/topLongShortAccountRatio/history,2026-04-24T04:03:24.776106+00:00
2025-08-22 12:00:00+00:00,4.35,81.32,v3,12h,DOGE,top_acct,/futures/topLongShortAccountRatio/history,2026-04-24T04:03:24.776106+00:00
2025-08-23 00:00:00+00:00,3.68,78.63,v3,12h,DOGE,top_acct,/futures/topLongShortAccountRatio/history,2026-04-24T04:03:24.776106+00:00
2025-08-23 12:00:00+00:00,3.85,79.4,v3,12h,DOGE,top_acct,/futures/topLongShortAccountRatio/history,2026-04-24T04:03:24.776106+00:00
2025-08-24 00:00:00+00:00,4.44,81.63,v3,12h,DOGE,top_acct,/futures/topLongShortAccountRatio/history,2026-04-24T04:03:24.776106+00:00
2025-08-24 12:00:00+00:00,4.55,81.99,v3,12h,DOGE,top_acct,/futures/topLongShortAccountRatio/history,2026-04-24T04:03:24.776106+00:00
2025-08-25 00:00:00+00:00,4.76,82.65,v3,12h,DOGE,top_acct,/futures/topLongShortAccountRatio/history,2026-04-24T04:03:24.776106+00:00
2025-08-25 12:00:00+00:00,5.03,83.42,v3,12h,DOGE,top_acct,/futures/topLongShortAccountRatio/history,2026-04-24T04:03:24.776106+00:00
2025-08-26 00:00:00+00:00,4.73,82.54,v3,12h,DOGE,top_acct,/futures/topLongShortAccountRatio/history,2026-04-24T04:03:24.776106+00:00
2025-08-26 12:00:00+00:00,3.8,79.18,v3,12h,DOGE,top_acct,/futures/topLongShortAccountRatio/history,2026-04-24T04:03:24.776106+00:00
2025-08-27 00:00:00+00:00,3.24,76.4,v3,12h,DOGE,top_acct,/futures/topLongShortAccountRatio/history,2026-04-24T04:03:24.776106+00:00
2025-08-27 12:00:00+00:00,3.38,77.16,v3,12h,DOGE,top_acct,/futures/topLongShortAccountRatio/history,2026-04-24T04:03:24.776106+00:00
2025-08-28 00:00:00+00:00,3.59,78.2,v3,12h,DOGE,top_acct,/futures/topLongShortAccountRatio/history,2026-04-24T04:03:24.776106+00:00
2025-08-28 12:00:00+00:00,3.82,79.25,v3,12h,DOGE,top_acct,/futures/topLongShortAccountRatio/history,2026-04-24T04:03:24.776106+00:00
2025-08-29 00:00:00+00:00,3.67,78.59,v3,12h,DOGE,top_acct,/futures/topLongShortAccountRatio/history,2026-04-24T04:03:24.776106+00:00
2025-08-29 12:00:00+00:00,4.13,80.5,v3,12h,DOGE,top_acct,/futures/topLongShortAccountRatio/history,2026-04-24T04:03:24.776106+00:00
2025-08-30 00:00:00+00:00,3.84,79.35,v3,12h,DOGE,top_acct,/futures/topLongShortAccountRatio/history,2026-04-24T04:03:24.776106+00:00
2025-08-30 12:00:00+00:00,3.93,79.71,v3,12h,DOGE,top_acct,/futures/topLongShortAccountRatio/history,2026-04-24T04:03:24.776106+00:00
2025-08-31 00:00:00+00:00,3.7,78.74,v3,12h,DOGE,top_acct,/futures/topLongShortAccountRatio/history,2026-04-24T04:03:24.776106+00:00
2025-08-31 12:00:00+00:00,3.66,78.54,v3,12h,DOGE,top_acct,/futures/topLongShortAccountRatio/history,2026-04-24T04:03:24.776106+00:00
2025-09-01 00:00:00+00:00,4.19,80.74,v3,12h,DOGE,top_acct,/futures/topLongShortAccountRatio/history,2026-04-24T04:03:24.776106+00:00
2025-09-01 12:00:00+00:00,3.35,76.99,v3,12h,DOGE,top_acct,/futures/topLongShortAccountRatio/history,2026-04-24T04:03:24.776106+00:00
2025-09-02 00:00:00+00:00,3.86,79.43,v3,12h,DOGE,top_acct,/futures/topLongShortAccountRatio/history,2026-04-24T04:03:24.776106+00:00
2025-09-02 12:00:00+00:00,3.36,77.05,v3,12h,DOGE,top_acct,/futures/topLongShortAccountRatio/history,2026-04-24T04:03:24.776106+00:00
2025-09-03 00:00:00+00:00,3.22,76.32,v3,12h,DOGE,top_acct,/futures/topLongShortAccountRatio/history,2026-04-24T04:03:24.776106+00:00
2025-09-03 12:00:00+00:00,3.39,77.24,v3,12h,DOGE,top_acct,/futures/topLongShortAccountRatio/history,2026-04-24T04:03:24.776106+00:00
2025-09-04 00:00:00+00:00,3.41,77.31,v3,12h,DOGE,top_acct,/futures/topLongShortAccountRatio/history,2026-04-24T04:03:24.776106+00:00
2025-09-04 12:00:00+00:00,4.18,80.69,v3,12h,DOGE,top_acct,/futures/topLongShortAccountRatio/history,2026-04-24T04:03:24.776106+00:00
2025-09-05 00:00:00+00:00,4.25,80.96,v3,12h,DOGE,top_acct,/futures/topLongShortAccountRatio/history,2026-04-24T04:03:24.776106+00:00
2025-09-05 12:00:00+00:00,3.68,78.61,v3,12h,DOGE,top_acct,/futures/topLongShortAccountRatio/history,2026-04-24T04:03:24.776106+00:00
2025-09-06 00:00:00+00:00,3.66,78.55,v3,12h,DOGE,top_acct,/futures/topLongShortAccountRatio/history,2026-04-24T04:03:24.776106+00:00
2025-09-06 12:00:00+00:00,4.07,80.26,v3,12h,DOGE,top_acct,/futures/topLongShortAccountRatio/history,2026-04-24T04:03:24.776106+00:00
2025-09-07 00:00:00+00:00,3.56,78.05,v3,12h,DOGE,top_acct,/futures/topLongShortAccountRatio/history,2026-04-24T04:03:24.776106+00:00
2025-09-07 12:00:00+00:00,3.58,78.16,v3,12h,DOGE,top_acct,/futures/topLongShortAccountRatio/history,2026-04-24T04:03:24.776106+00:00
2025-09-08 00:00:00+00:00,3.4,77.27,v3,12h,DOGE,top_acct,/futures/topLongShortAccountRatio/history,2026-04-24T04:03:24.776106+00:00
2025-09-08 12:00:00+00:00,3.56,78.08,v3,12h,DOGE,top_acct,/futures/topLongShortAccountRatio/history,2026-04-24T04:03:24.776106+00:00
2025-09-09 00:00:00+00:00,3.23,76.37,v3,12h,DOGE,top_acct,/futures/topLongShortAccountRatio/history,2026-04-24T04:03:24.776106+00:00
2025-09-09 12:00:00+00:00,3.67,78.59,v3,12h,DOGE,top_acct,/futures/topLongShortAccountRatio/history,2026-04-24T04:03:24.776106+00:00
2025-09-10 00:00:00+00:00,4.05,80.21,v3,12h,DOGE,top_acct,/futures/topLongShortAccountRatio/history,2026-04-24T04:03:24.776106+00:00
2025-09-10 12:00:00+00:00,3.97,79.89,v3,12h,DOGE,top_acct,/futures/topLongShortAccountRatio/history,2026-04-24T04:03:24.776106+00:00
2025-09-11 00:00:00+00:00,3.78,79.09,v3,12h,DOGE,top_acct,/futures/topLongShortAccountRatio/history,2026-04-24T04:03:24.776106+00:00
2025-09-11 12:00:00+00:00,3.7,78.71,v3,12h,DOGE,top_acct,/futures/topLongShortAccountRatio/history,2026-04-24T04:03:24.776106+00:00
2025-09-12 00:00:00+00:00,3.53,77.92,v3,12h,DOGE,top_acct,/futures/topLongShortAccountRatio/history,2026-04-24T04:03:24.776106+00:00
2025-09-12 12:00:00+00:00,3.6,78.27,v3,12h,DOGE,top_acct,/futures/topLongShortAccountRatio/history,2026-04-24T04:03:24.776106+00:00
2025-09-13 00:00:00+00:00,3.25,76.49,v3,12h,DOGE,top_acct,/futures/topLongShortAccountRatio/history,2026-04-24T04:03:24.776106+00:00
2025-09-13 12:00:00+00:00,3.19,76.14,v3,12h,DOGE,top_acct,/futures/topLongShortAccountRatio/history,2026-04-24T04:03:24.776106+00:00
2025-09-14 00:00:00+00:00,3.66,78.52,v3,12h,DOGE,top_acct,/futures/topLongShortAccountRatio/history,2026-04-24T04:03:24.776106+00:00
2025-09-14 12:00:00+00:00,3.67,78.6,v3,12h,DOGE,top_acct,/futures/topLongShortAccountRatio/history,2026-04-24T04:03:24.776106+00:00
2025-09-15 00:00:00+00:00,4.06,80.23,v3,12h,DOGE,top_acct,/futures/topLongShortAccountRatio/history,2026-04-24T04:03:24.776106+00:00
2025-09-15 12:00:00+00:00,5.14,83.7,v3,12h,DOGE,top_acct,/futures/topLongShortAccountRatio/history,2026-04-24T04:03:24.776106+00:00
2025-09-16 00:00:00+00:00,4.34,81.28,v3,12h,DOGE,top_acct,/futures/topLongShortAccountRatio/history,2026-04-24T04:03:24.776106+00:00
2025-09-16 12:00:00+00:00,4.32,81.2,v3,12h,DOGE,top_acct,/futures/topLongShortAccountRatio/history,2026-04-24T04:03:24.776106+00:00
2025-09-17 00:00:00+00:00,4.27,81.04,v3,12h,DOGE,top_acct,/futures/topLongShortAccountRatio/history,2026-04-24T04:03:24.776106+00:00
2025-09-17 12:00:00+00:00,4.8,82.76,v3,12h,DOGE,top_acct,/futures/topLongShortAccountRatio/history,2026-04-24T04:03:24.776106+00:00
2025-09-18 00:00:00+00:00,3.95,79.8,v3,12h,DOGE,top_acct,/futures/topLongShortAccountRatio/history,2026-04-24T04:03:24.776106+00:00
2025-09-18 12:00:00+00:00,4.17,80.67,v3,12h,DOGE,top_acct,/futures/topLongShortAccountRatio/history,2026-04-24T04:03:24.776106+00:00
2025-09-19 00:00:00+00:00,4.25,80.95,v3,12h,DOGE,top_acct,/futures/topLongShortAccountRatio/history,2026-04-24T04:03:24.776106+00:00
2025-09-19 12:00:00+00:00,4.32,81.21,v3,12h,DOGE,top_acct,/futures/topLongShortAccountRatio/history,2026-04-24T04:03:24.776106+00:00
2025-09-20 00:00:00+00:00,4.33,81.24,v3,12h,DOGE,top_acct,/futures/topLongShortAccountRatio/history,2026-04-24T04:03:24.776106+00:00
2025-09-20 12:00:00+00:00,4.1,80.38,v3,12h,DOGE,top_acct,/futures/topLongShortAccountRatio/history,2026-04-24T04:03:24.776106+00:00
2025-09-21 00:00:00+00:00,4.0,79.98,v3,12h,DOGE,top_acct,/futures/topLongShortAccountRatio/history,2026-04-24T04:03:24.776106+00:00
2025-09-21 12:00:00+00:00,4.01,80.04,v3,12h,DOGE,top_acct,/futures/topLongShortAccountRatio/history,2026-04-24T04:03:24.776106+00:00
2025-09-22 00:00:00+00:00,4.12,80.47,v3,12h,DOGE,top_acct,/futures/topLongShortAccountRatio/history,2026-04-24T04:03:24.776106+00:00
2025-09-22 12:00:00+00:00,5.04,83.43,v3,12h,DOGE,top_acct,/futures/topLongShortAccountRatio/history,2026-04-24T04:03:24.776106+00:00
2025-09-23 00:00:00+00:00,4.48,81.75,v3,12h,DOGE,top_acct,/futures/topLongShortAccountRatio/history,2026-04-24T04:03:24.776106+00:00
2025-09-23 12:00:00+00:00,4.5,81.81,v3,12h,DOGE,top_acct,/futures/topLongShortAccountRatio/history,2026-04-24T04:03:24.776106+00:00
2025-09-24 00:00:00+00:00,4.37,81.36,v3,12h,DOGE,top_acct,/futures/topLongShortAccountRatio/history,2026-04-24T04:03:24.776106+00:00
2025-09-24 12:00:00+00:00,3.82,79.26,v3,12h,DOGE,top_acct,/futures/topLongShortAccountRatio/history,2026-04-24T04:03:24.776106+00:00
2025-09-25 00:00:00+00:00,4.12,80.48,v3,12h,DOGE,top_acct,/futures/topLongShortAccountRatio/history,2026-04-24T04:03:24.776106+00:00
2025-09-25 12:00:00+00:00,4.66,82.33,v3,12h,DOGE,top_acct,/futures/topLongShortAccountRatio/history,2026-04-24T04:03:24.776106+00:00
2025-09-26 00:00:00+00:00,5.0,83.34,v3,12h,DOGE,top_acct,/futures/topLongShortAccountRatio/history,2026-04-24T04:03:24.776106+00:00
2025-09-26 12:00:00+00:00,4.14,80.56,v3,12h,DOGE,top_acct,/futures/topLongShortAccountRatio/history,2026-04-24T04:03:24.776106+00:00
2025-09-27 00:00:00+00:00,4.08,80.33,v3,12h,DOGE,top_acct,/futures/topLongShortAccountRatio/history,2026-04-24T04:03:24.776106+00:00
2025-09-27 12:00:00+00:00,4.38,81.41,v3,12h,DOGE,top_acct,/futures/topLongShortAccountRatio/history,2026-04-24T04:03:24.776106+00:00
2025-09-28 00:00:00+00:00,4.32,81.2,v3,12h,DOGE,top_acct,/futures/topLongShortAccountRatio/history,2026-04-24T04:03:24.776106+00:00
2025-09-28 12:00:00+00:00,4.45,81.66,v3,12h,DOGE,top_acct,/futures/topLongShortAccountRatio/history,2026-04-24T04:03:24.776106+00:00
2025-09-29 00:00:00+00:00,4.22,80.84,v3,12h,DOGE,top_acct,/futures/topLongShortAccountRatio/history,2026-04-24T04:03:24.776106+00:00
2025-09-29 12:00:00+00:00,4.63,82.23,v3,12h,DOGE,top_acct,/futures/topLongShortAccountRatio/history,2026-04-24T04:03:24.776106+00:00
2025-09-30 00:00:00+00:00,4.61,82.16,v3,12h,DOGE,top_acct,/futures/topLongShortAccountRatio/history,2026-04-24T04:03:24.776106+00:00
2025-09-30 12:00:00+00:00,4.73,82.54,v3,12h,DOGE,top_acct,/futures/topLongShortAccountRatio/history,2026-04-24T04:03:24.776106+00:00
2025-10-01 00:00:00+00:00,4.45,81.65,v3,12h,DOGE,top_acct,/futures/topLongShortAccountRatio/history,2026-04-24T04:03:24.776106+00:00
2025-10-01 12:00:00+00:00,4.28,81.06,v3,12h,DOGE,top_acct,/futures/topLongShortAccountRatio/history,2026-04-24T04:03:24.776106+00:00
2025-10-02 00:00:00+00:00,4.33,81.22,v3,12h,DOGE,top_acct,/futures/topLongShortAccountRatio/history,2026-04-24T04:03:24.776106+00:00
2025-10-02 12:00:00+00:00,4.17,80.66,v3,12h,DOGE,top_acct,/futures/topLongShortAccountRatio/history,2026-04-24T04:03:24.776106+00:00
2025-10-03 00:00:00+00:00,4.46,81.69,v3,12h,DOGE,top_acct,/futures/topLongShortAccountRatio/history,2026-04-24T04:03:24.776106+00:00
2025-10-03 12:00:00+00:00,4.63,82.25,v3,12h,DOGE,top_acct,/futures/topLongShortAccountRatio/history,2026-04-24T04:03:24.776106+00:00
2025-10-04 00:00:00+00:00,4.31,81.18,v3,12h,DOGE,top_acct,/futures/topLongShortAccountRatio/history,2026-04-24T04:03:24.776106+00:00
2025-10-04 12:00:00+00:00,4.61,82.17,v3,12h,DOGE,top_acct,/futures/topLongShortAccountRatio/history,2026-04-24T04:03:24.776106+00:00
2025-10-05 00:00:00+00:00,4.49,81.77,v3,12h,DOGE,top_acct,/futures/topLongShortAccountRatio/history,2026-04-24T04:03:24.776106+00:00
2025-10-05 12:00:00+00:00,4.31,81.18,v3,12h,DOGE,top_acct,/futures/topLongShortAccountRatio/history,2026-04-24T04:03:24.776106+00:00
2025-10-06 00:00:00+00:00,4.53,81.92,v3,12h,DOGE,top_acct,/futures/topLongShortAccountRatio/history,2026-04-24T04:03:24.776106+00:00
2025-10-06 12:00:00+00:00,3.83,79.29,v3,12h,DOGE,top_acct,/futures/topLongShortAccountRatio/history,2026-04-24T04:03:24.776106+00:00
2025-10-07 00:00:00+00:00,3.55,78.01,v3,12h,DOGE,top_acct,/futures/topLongShortAccountRatio/history,2026-04-24T04:03:24.776106+00:00
2025-10-07 12:00:00+00:00,4.67,82.36,v3,12h,DOGE,top_acct,/futures/topLongShortAccountRatio/history,2026-04-24T04:03:24.776106+00:00
2025-10-08 00:00:00+00:00,5.49,84.59,v3,12h,DOGE,top_acct,/futures/topLongShortAccountRatio/history,2026-04-24T04:03:24.776106+00:00
2025-10-08 12:00:00+00:00,4.7,82.46,v3,12h,DOGE,top_acct,/futures/topLongShortAccountRatio/history,2026-04-24T04:03:24.776106+00:00
2025-10-09 00:00:00+00:00,3.72,78.79,v3,12h,DOGE,top_acct,/futures/topLongShortAccountRatio/history,2026-04-24T04:03:24.776106+00:00
2025-10-09 12:00:00+00:00,5.15,83.75,v3,12h,DOGE,top_acct,/futures/topLongShortAccountRatio/history,2026-04-24T04:03:24.776106+00:00
2025-10-10 00:00:00+00:00,4.78,82.71,v3,12h,DOGE,top_acct,/futures/topLongShortAccountRatio/history,2026-04-24T04:03:24.776106+00:00
2025-10-10 12:00:00+00:00,4.47,81.72,v3,12h,DOGE,top_acct,/futures/topLongShortAccountRatio/history,2026-04-24T04:03:24.776106+00:00
2025-10-11 00:00:00+00:00,3.19,76.14,v3,12h,DOGE,top_acct,/futures/topLongShortAccountRatio/history,2026-04-24T04:03:24.776106+00:00
2025-10-11 12:00:00+00:00,3.0,75.0,v3,12h,DOGE,top_acct,/futures/topLongShortAccountRatio/history,2026-04-24T04:03:24.776106+00:00
2025-10-12 00:00:00+00:00,2.99,74.96,v3,12h,DOGE,top_acct,/futures/topLongShortAccountRatio/history,2026-04-24T04:03:24.776106+00:00
2025-10-12 12:00:00+00:00,3.03,75.19,v3,12h,DOGE,top_acct,/futures/topLongShortAccountRatio/history,2026-04-24T04:03:24.776106+00:00
2025-10-13 00:00:00+00:00,2.94,74.63,v3,12h,DOGE,top_acct,/futures/topLongShortAccountRatio/history,2026-04-24T04:03:24.776106+00:00
2025-10-13 12:00:00+00:00,3.08,75.49,v3,12h,DOGE,top_acct,/futures/topLongShortAccountRatio/history,2026-04-24T04:03:24.776106+00:00
2025-10-14 00:00:00+00:00,3.03,75.2,v3,12h,DOGE,top_acct,/futures/topLongShortAccountRatio/history,2026-04-24T04:03:24.776106+00:00
2025-10-14 12:00:00+00:00,3.26,76.51,v3,12h,DOGE,top_acct,/futures/topLongShortAccountRatio/history,2026-04-24T04:03:24.776106+00:00
2025-10-15 00:00:00+00:00,3.42,77.38,v3,12h,DOGE,top_acct,/futures/topLongShortAccountRatio/history,2026-04-24T04:03:24.776106+00:00
2025-10-15 12:00:00+00:00,3.13,75.8,v3,12h,DOGE,top_acct,/futures/topLongShortAccountRatio/history,2026-04-24T04:03:24.776106+00:00
2025-10-16 00:00:00+00:00,3.21,76.27,v3,12h,DOGE,top_acct,/futures/topLongShortAccountRatio/history,2026-04-24T04:03:24.776106+00:00
2025-10-16 12:00:00+00:00,3.08,75.47,v3,12h,DOGE,top_acct,/futures/topLongShortAccountRatio/history,2026-04-24T04:03:24.776106+00:00
2025-10-17 00:00:00+00:00,3.48,77.7,v3,12h,DOGE,top_acct,/futures/topLongShortAccountRatio/history,2026-04-24T04:03:24.776106+00:00
2025-10-17 12:00:00+00:00,3.49,77.71,v3,12h,DOGE,top_acct,/futures/topLongShortAccountRatio/history,2026-04-24T04:03:24.776106+00:00
2025-10-18 00:00:00+00:00,3.32,76.85,v3,12h,DOGE,top_acct,/futures/topLongShortAccountRatio/history,2026-04-24T04:03:24.776106+00:00
2025-10-18 12:00:00+00:00,3.16,75.95,v3,12h,DOGE,top_acct,/futures/topLongShortAccountRatio/history,2026-04-24T04:03:24.776106+00:00
2025-10-19 00:00:00+00:00,3.05,75.33,v3,12h,DOGE,top_acct,/futures/topLongShortAccountRatio/history,2026-04-24T04:03:24.776106+00:00
2025-10-19 12:00:00+00:00,3.04,75.26,v3,12h,DOGE,top_acct,/futures/topLongShortAccountRatio/history,2026-04-24T04:03:24.776106+00:00
2025-10-20 00:00:00+00:00,3.1,75.58,v3,12h,DOGE,top_acct,/futures/topLongShortAccountRatio/history,2026-04-24T04:03:24.776106+00:00
2025-10-20 12:00:00+00:00,3.13,75.81,v3,12h,DOGE,top_acct,/futures/topLongShortAccountRatio/history,2026-04-24T04:03:24.776106+00:00
2025-10-21 00:00:00+00:00,3.1,75.63,v3,12h,DOGE,top_acct,/futures/topLongShortAccountRatio/history,2026-04-24T04:03:24.776106+00:00
2025-10-21 12:00:00+00:00,3.2,76.16,v3,12h,DOGE,top_acct,/futures/topLongShortAccountRatio/history,2026-04-24T04:03:24.776106+00:00
2025-10-22 00:00:00+00:00,3.18,76.09,v3,12h,DOGE,top_acct,/futures/topLongShortAccountRatio/history,2026-04-24T04:03:24.776106+00:00
2025-10-22 12:00:00+00:00,3.43,77.4,v3,12h,DOGE,top_acct,/futures/topLongShortAccountRatio/history,2026-04-24T04:03:24.776106+00:00
2025-10-23 00:00:00+00:00,3.51,77.83,v3,12h,DOGE,top_acct,/futures/topLongShortAccountRatio/history,2026-04-24T04:03:24.776106+00:00
2025-10-23 12:00:00+00:00,3.17,76.0,v3,12h,DOGE,top_acct,/futures/topLongShortAccountRatio/history,2026-04-24T04:03:24.776106+00:00
2025-10-24 00:00:00+00:00,3.23,76.35,v3,12h,DOGE,top_acct,/futures/topLongShortAccountRatio/history,2026-04-24T04:03:24.776106+00:00
2025-10-24 12:00:00+00:00,3.23,76.35,v3,12h,DOGE,top_acct,/futures/topLongShortAccountRatio/history,2026-04-24T04:03:24.776106+00:00
2025-10-25 00:00:00+00:00,3.09,75.56,v3,12h,DOGE,top_acct,/futures/topLongShortAccountRatio/history,2026-04-24T04:03:24.776106+00:00
2025-10-25 12:00:00+00:00,3.23,76.33,v3,12h,DOGE,top_acct,/futures/topLongShortAccountRatio/history,2026-04-24T04:03:24.776106+00:00
2025-10-26 00:00:00+00:00,3.25,76.46,v3,12h,DOGE,top_acct,/futures/topLongShortAccountRatio/history,2026-04-24T04:03:24.776106+00:00
2025-10-26 12:00:00+00:00,2.89,74.3,v3,12h,DOGE,top_acct,/futures/topLongShortAccountRatio/history,2026-04-24T04:03:24.776106+00:00
2025-10-27 00:00:00+00:00,2.84,73.94,v3,12h,DOGE,top_acct,/futures/topLongShortAccountRatio/history,2026-04-24T04:03:24.776106+00:00
2025-10-27 12:00:00+00:00,3.15,75.91,v3,12h,DOGE,top_acct,/futures/topLongShortAccountRatio/history,2026-04-24T04:03:24.776106+00:00
2025-10-28 00:00:00+00:00,3.16,75.94,v3,12h,DOGE,top_acct,/futures/topLongShortAccountRatio/history,2026-04-24T04:03:24.776106+00:00
2025-10-28 12:00:00+00:00,3.16,75.93,v3,12h,DOGE,top_acct,/futures/topLongShortAccountRatio/history,2026-04-24T04:03:24.776106+00:00
2025-10-29 00:00:00+00:00,3.29,76.68,v3,12h,DOGE,top_acct,/futures/topLongShortAccountRatio/history,2026-04-24T04:03:24.776106+00:00
2025-10-29 12:00:00+00:00,3.01,75.09,v3,12h,DOGE,top_acct,/futures/topLongShortAccountRatio/history,2026-04-24T04:03:24.776106+00:00
2025-10-30 00:00:00+00:00,2.95,74.69,v3,12h,DOGE,top_acct,/futures/topLongShortAccountRatio/history,2026-04-24T04:03:24.776106+00:00
2025-10-30 12:00:00+00:00,3.02,75.13,v3,12h,DOGE,top_acct,/futures/topLongShortAccountRatio/history,2026-04-24T04:03:24.776106+00:00
2025-10-31 00:00:00+00:00,3.09,75.56,v3,12h,DOGE,top_acct,/futures/topLongShortAccountRatio/history,2026-04-24T04:03:24.776106+00:00
2025-10-31 12:00:00+00:00,2.99,74.92,v3,12h,DOGE,top_acct,/futures/topLongShortAccountRatio/history,2026-04-24T04:03:24.776106+00:00
2025-11-01 00:00:00+00:00,3.01,75.04,v3,12h,DOGE,top_acct,/futures/topLongShortAccountRatio/history,2026-04-24T04:03:24.776106+00:00
2025-11-01 12:00:00+00:00,3.03,75.21,v3,12h,DOGE,top_acct,/futures/topLongShortAccountRatio/history,2026-04-24T04:03:24.776106+00:00
2025-11-02 00:00:00+00:00,3.03,75.19,v3,12h,DOGE,top_acct,/futures/topLongShortAccountRatio/history,2026-04-24T04:03:24.776106+00:00
2025-11-02 12:00:00+00:00,3.07,75.4,v3,12h,DOGE,top_acct,/futures/topLongShortAccountRatio/history,2026-04-24T04:03:24.776106+00:00
2025-11-03 00:00:00+00:00,2.96,74.77,v3,12h,DOGE,top_acct,/futures/topLongShortAccountRatio/history,2026-04-24T04:03:24.776106+00:00
2025-11-03 12:00:00+00:00,2.98,74.85,v3,12h,DOGE,top_acct,/futures/topLongShortAccountRatio/history,2026-04-24T04:03:24.776106+00:00
2025-11-04 00:00:00+00:00,2.87,74.19,v3,12h,DOGE,top_acct,/futures/topLongShortAccountRatio/history,2026-04-24T04:03:24.776106+00:00
2025-11-04 12:00:00+00:00,2.7,72.98,v3,12h,DOGE,top_acct,/futures/topLongShortAccountRatio/history,2026-04-24T04:03:24.776106+00:00
2025-11-05 00:00:00+00:00,2.6,72.18,v3,12h,DOGE,top_acct,/futures/topLongShortAccountRatio/history,2026-04-24T04:03:24.776106+00:00
2025-11-05 12:00:00+00:00,2.84,73.98,v3,12h,DOGE,top_acct,/futures/topLongShortAccountRatio/history,2026-04-24T04:03:24.776106+00:00
2025-11-06 00:00:00+00:00,2.89,74.26,v3,12h,DOGE,top_acct,/futures/topLongShortAccountRatio/history,2026-04-24T04:03:24.776106+00:00
2025-11-06 12:00:00+00:00,2.9,74.34,v3,12h,DOGE,top_acct,/futures/topLongShortAccountRatio/history,2026-04-24T04:03:24.776106+00:00
2025-11-07 00:00:00+00:00,2.93,74.57,v3,12h,DOGE,top_acct,/futures/topLongShortAccountRatio/history,2026-04-24T04:03:24.776106+00:00
2025-11-07 12:00:00+00:00,2.84,73.95,v3,12h,DOGE,top_acct,/futures/topLongShortAccountRatio/history,2026-04-24T04:03:24.776106+00:00
2025-11-08 00:00:00+00:00,2.51,71.52,v3,12h,DOGE,top_acct,/futures/topLongShortAccountRatio/history,2026-04-24T04:03:24.776106+00:00
2025-11-08 12:00:00+00:00,2.77,73.45,v3,12h,DOGE,top_acct,/futures/topLongShortAccountRatio/history,2026-04-24T04:03:24.776106+00:00
2025-11-09 00:00:00+00:00,3.01,75.05,v3,12h,DOGE,top_acct,/futures/topLongShortAccountRatio/history,2026-04-24T04:03:24.776106+00:00
2025-11-09 12:00:00+00:00,2.83,73.89,v3,12h,DOGE,top_acct,/futures/topLongShortAccountRatio/history,2026-04-24T04:03:24.776106+00:00
2025-11-10 00:00:00+00:00,2.93,74.55,v3,12h,DOGE,top_acct,/futures/topLongShortAccountRatio/history,2026-04-24T04:03:24.776106+00:00
2025-11-10 12:00:00+00:00,2.91,74.45,v3,12h,DOGE,top_acct,/futures/topLongShortAccountRatio/history,2026-04-24T04:03:24.776106+00:00
2025-11-11 00:00:00+00:00,2.92,74.5,v3,12h,DOGE,top_acct,/futures/topLongShortAccountRatio/history,2026-04-24T04:03:24.776106+00:00
2025-11-11 12:00:00+00:00,3.03,75.21,v3,12h,DOGE,top_acct,/futures/topLongShortAccountRatio/history,2026-04-24T04:03:24.776106+00:00
2025-11-12 00:00:00+00:00,3.07,75.44,v3,12h,DOGE,top_acct,/futures/topLongShortAccountRatio/history,2026-04-24T04:03:24.776106+00:00
2025-11-12 12:00:00+00:00,2.9,74.33,v3,12h,DOGE,top_acct,/futures/topLongShortAccountRatio/history,2026-04-24T04:03:24.776106+00:00
2025-11-13 00:00:00+00:00,2.84,73.94,v3,12h,DOGE,top_acct,/futures/topLongShortAccountRatio/history,2026-04-24T04:03:24.776106+00:00
2025-11-13 12:00:00+00:00,2.73,73.18,v3,12h,DOGE,top_acct,/futures/topLongShortAccountRatio/history,2026-04-24T04:03:24.776106+00:00
2025-11-14 00:00:00+00:00,3.14,75.87,v3,12h,DOGE,top_acct,/futures/topLongShortAccountRatio/history,2026-04-24T04:03:24.776106+00:00
2025-11-14 12:00:00+00:00,3.01,75.08,v3,12h,DOGE,top_acct,/futures/topLongShortAccountRatio/history,2026-04-24T04:03:24.776106+00:00
2025-11-15 00:00:00+00:00,3.12,75.73,v3,12h,DOGE,top_acct,/futures/topLongShortAccountRatio/history,2026-04-24T04:03:24.776106+00:00
2025-11-15 12:00:00+00:00,2.8,73.65,v3,12h,DOGE,top_acct,/futures/topLongShortAccountRatio/history,2026-04-24T04:03:24.776106+00:00
2025-11-16 00:00:00+00:00,2.86,74.09,v3,12h,DOGE,top_acct,/futures/topLongShortAccountRatio/history,2026-04-24T04:03:24.776106+00:00
2025-11-16 12:00:00+00:00,3.03,75.19,v3,12h,DOGE,top_acct,/futures/topLongShortAccountRatio/history,2026-04-24T04:03:24.776106+00:00
2025-11-17 00:00:00+00:00,2.9,74.34,v3,12h,DOGE,top_acct,/futures/topLongShortAccountRatio/history,2026-04-24T04:03:24.776106+00:00
2025-11-17 12:00:00+00:00,2.81,73.77,v3,12h,DOGE,top_acct,/futures/topLongShortAccountRatio/history,2026-04-24T04:03:24.776106+00:00
2025-11-18 00:00:00+00:00,3.12,75.72,v3,12h,DOGE,top_acct,/futures/topLongShortAccountRatio/history,2026-04-24T04:03:24.776106+00:00
2025-11-18 12:00:00+00:00,2.68,72.85,v3,12h,DOGE,top_acct,/futures/topLongShortAccountRatio/history,2026-04-24T04:03:24.776106+00:00
2025-11-19 00:00:00+00:00,2.64,72.56,v3,12h,DOGE,top_acct,/futures/topLongShortAccountRatio/history,2026-04-24T04:03:24.776106+00:00
2025-11-19 12:00:00+00:00,2.97,74.78,v3,12h,DOGE,top_acct,/futures/topLongShortAccountRatio/history,2026-04-24T04:03:24.776106+00:00
2025-11-20 00:00:00+00:00,3.19,76.14,v3,12h,DOGE,top_acct,/futures/topLongShortAccountRatio/history,2026-04-24T04:03:24.776106+00:00
2025-11-20 12:00:00+00:00,2.64,72.52,v3,12h,DOGE,top_acct,/futures/topLongShortAccountRatio/history,2026-04-24T04:03:24.776106+00:00
2025-11-21 00:00:00+00:00,3.18,76.06,v3,12h,DOGE,top_acct,/futures/topLongShortAccountRatio/history,2026-04-24T04:03:24.776106+00:00
2025-11-21 12:00:00+00:00,2.95,74.68,v3,12h,DOGE,top_acct,/futures/topLongShortAccountRatio/history,2026-04-24T04:03:24.776106+00:00
2025-11-22 00:00:00+00:00,3.01,75.03,v3,12h,DOGE,top_acct,/futures/topLongShortAccountRatio/history,2026-04-24T04:03:24.776106+00:00
2025-11-22 12:00:00+00:00,2.95,74.67,v3,12h,DOGE,top_acct,/futures/topLongShortAccountRatio/history,2026-04-24T04:03:24.776106+00:00
2025-11-23 00:00:00+00:00,2.91,74.45,v3,12h,DOGE,top_acct,/futures/topLongShortAccountRatio/history,2026-04-24T04:03:24.776106+00:00
2025-11-23 12:00:00+00:00,2.86,74.1,v3,12h,DOGE,top_acct,/futures/topLongShortAccountRatio/history,2026-04-24T04:03:24.776106+00:00
2025-11-24 00:00:00+00:00,2.88,74.21,v3,12h,DOGE,top_acct,/futures/topLongShortAccountRatio/history,2026-04-24T04:03:24.776106+00:00
2025-11-24 12:00:00+00:00,2.9,74.33,v3,12h,DOGE,top_acct,/futures/topLongShortAccountRatio/history,2026-04-24T04:03:24.776106+00:00
2025-11-25 00:00:00+00:00,2.92,74.49,v3,12h,DOGE,top_acct,/futures/topLongShortAccountRatio/history,2026-04-24T04:03:24.776106+00:00
2025-11-25 12:00:00+00:00,3.32,76.83,v3,12h,DOGE,top_acct,/futures/topLongShortAccountRatio/history,2026-04-24T04:03:24.776106+00:00
2025-11-26 00:00:00+00:00,3.11,75.65,v3,12h,DOGE,top_acct,/futures/topLongShortAccountRatio/history,2026-04-24T04:03:24.776106+00:00
2025-11-26 12:00:00+00:00,3.26,76.55,v3,12h,DOGE,top_acct,/futures/topLongShortAccountRatio/history,2026-04-24T04:03:24.776106+00:00
2025-11-27 00:00:00+00:00,3.07,75.42,v3,12h,DOGE,top_acct,/futures/topLongShortAccountRatio/history,2026-04-24T04:03:24.776106+00:00
2025-11-27 12:00:00+00:00,3.39,77.24,v3,12h,DOGE,top_acct,/futures/topLongShortAccountRatio/history,2026-04-24T04:03:24.776106+00:00
2025-11-28 00:00:00+00:00,3.32,76.83,v3,12h,DOGE,top_acct,/futures/topLongShortAccountRatio/history,2026-04-24T04:03:24.776106+00:00
2025-11-28 12:00:00+00:00,3.12,75.7,v3,12h,DOGE,top_acct,/futures/topLongShortAccountRatio/history,2026-04-24T04:03:24.776106+00:00
2025-11-29 00:00:00+00:00,2.97,74.82,v3,12h,DOGE,top_acct,/futures/topLongShortAccountRatio/history,2026-04-24T04:03:24.776106+00:00
2025-11-29 12:00:00+00:00,2.78,73.57,v3,12h,DOGE,top_acct,/futures/topLongShortAccountRatio/history,2026-04-24T04:03:24.776106+00:00
2025-11-30 00:00:00+00:00,2.76,73.39,v3,12h,DOGE,top_acct,/futures/topLongShortAccountRatio/history,2026-04-24T04:03:24.776106+00:00
2025-11-30 12:00:00+00:00,2.73,73.21,v3,12h,DOGE,top_acct,/futures/topLongShortAccountRatio/history,2026-04-24T04:03:24.776106+00:00
2025-12-01 00:00:00+00:00,2.87,74.14,v3,12h,DOGE,top_acct,/futures/topLongShortAccountRatio/history,2026-04-24T04:03:24.776106+00:00
2025-12-01 12:00:00+00:00,2.8,73.69,v3,12h,DOGE,top_acct,/futures/topLongShortAccountRatio/history,2026-04-24T04:03:24.776106+00:00
2025-12-02 00:00:00+00:00,2.61,72.29,v3,12h,DOGE,top_acct,/futures/topLongShortAccountRatio/history,2026-04-24T04:03:24.776106+00:00
2025-12-02 12:00:00+00:00,2.69,72.89,v3,12h,DOGE,top_acct,/futures/topLongShortAccountRatio/history,2026-04-24T04:03:24.776106+00:00
2025-12-03 00:00:00+00:00,2.38,70.43,v3,12h,DOGE,top_acct,/futures/topLongShortAccountRatio/history,2026-04-24T04:03:24.776106+00:00
2025-12-03 12:00:00+00:00,2.61,72.29,v3,12h,DOGE,top_acct,/futures/topLongShortAccountRatio/history,2026-04-24T04:03:24.776106+00:00
2025-12-04 00:00:00+00:00,3.07,75.4,v3,12h,DOGE,top_acct,/futures/topLongShortAccountRatio/history,2026-04-24T04:03:24.776106+00:00
2025-12-04 12:00:00+00:00,3.09,75.54,v3,12h,DOGE,top_acct,/futures/topLongShortAccountRatio/history,2026-04-24T04:03:24.776106+00:00
2025-12-05 00:00:00+00:00,3.05,75.32,v3,12h,DOGE,top_acct,/futures/topLongShortAccountRatio/history,2026-04-24T04:03:24.776106+00:00
2025-12-05 12:00:00+00:00,3.0,74.98,v3,12h,DOGE,top_acct,/futures/topLongShortAccountRatio/history,2026-04-24T04:03:24.776106+00:00
2025-12-06 00:00:00+00:00,3.0,75.0,v3,12h,DOGE,top_acct,/futures/topLongShortAccountRatio/history,2026-04-24T04:03:24.776106+00:00
2025-12-06 12:00:00+00:00,2.78,73.53,v3,12h,DOGE,top_acct,/futures/topLongShortAccountRatio/history,2026-04-24T04:03:24.776106+00:00
2025-12-07 00:00:00+00:00,2.85,74.0,v3,12h,DOGE,top_acct,/futures/topLongShortAccountRatio/history,2026-04-24T04:03:24.776106+00:00
2025-12-07 12:00:00+00:00,2.79,73.62,v3,12h,DOGE,top_acct,/futures/topLongShortAccountRatio/history,2026-04-24T04:03:24.776106+00:00
2025-12-08 00:00:00+00:00,2.84,73.94,v3,12h,DOGE,top_acct,/futures/topLongShortAccountRatio/history,2026-04-24T04:03:24.776106+00:00
2025-12-08 12:00:00+00:00,2.57,72.01,v3,12h,DOGE,top_acct,/futures/topLongShortAccountRatio/history,2026-04-24T04:03:24.776106+00:00
2025-12-09 00:00:00+00:00,2.68,72.83,v3,12h,DOGE,top_acct,/futures/topLongShortAccountRatio/history,2026-04-24T04:03:24.776106+00:00
2025-12-09 12:00:00+00:00,2.77,73.45,v3,12h,DOGE,top_acct,/futures/topLongShortAccountRatio/history,2026-04-24T04:03:24.776106+00:00
2025-12-10 00:00:00+00:00,2.49,71.35,v3,12h,DOGE,top_acct,/futures/topLongShortAccountRatio/history,2026-04-24T04:03:24.776106+00:00
2025-12-10 12:00:00+00:00,2.92,74.46,v3,12h,DOGE,top_acct,/futures/topLongShortAccountRatio/history,2026-04-24T04:03:24.776106+00:00
2025-12-11 00:00:00+00:00,3.5,77.76,v3,12h,DOGE,top_acct,/futures/topLongShortAccountRatio/history,2026-04-24T04:03:24.776106+00:00
2025-12-11 12:00:00+00:00,3.09,75.54,v3,12h,DOGE,top_acct,/futures/topLongShortAccountRatio/history,2026-04-24T04:03:24.776106+00:00
2025-12-12 00:00:00+00:00,2.49,71.37,v3,12h,DOGE,top_acct,/futures/topLongShortAccountRatio/history,2026-04-24T04:03:24.776106+00:00
2025-12-12 12:00:00+00:00,2.47,71.2,v3,12h,DOGE,top_acct,/futures/topLongShortAccountRatio/history,2026-04-24T04:03:24.776106+00:00
2025-12-13 00:00:00+00:00,2.63,72.48,v3,12h,DOGE,top_acct,/futures/topLongShortAccountRatio/history,2026-04-24T04:03:24.776106+00:00
2025-12-13 12:00:00+00:00,2.4,70.62,v3,12h,DOGE,top_acct,/futures/topLongShortAccountRatio/history,2026-04-24T04:03:24.776106+00:00
2025-12-14 00:00:00+00:00,2.45,70.97,v3,12h,DOGE,top_acct,/futures/topLongShortAccountRatio/history,2026-04-24T04:03:24.776106+00:00
2025-12-14 12:00:00+00:00,2.46,71.13,v3,12h,DOGE,top_acct,/futures/topLongShortAccountRatio/history,2026-04-24T04:03:24.776106+00:00
2025-12-15 00:00:00+00:00,2.48,71.29,v3,12h,DOGE,top_acct,/futures/topLongShortAccountRatio/history,2026-04-24T04:03:24.776106+00:00
2025-12-15 12:00:00+00:00,2.39,70.54,v3,12h,DOGE,top_acct,/futures/topLongShortAccountRatio/history,2026-04-24T04:03:24.776106+00:00
2025-12-16 00:00:00+00:00,2.61,72.28,v3,12h,DOGE,top_acct,/futures/topLongShortAccountRatio/history,2026-04-24T04:03:24.776106+00:00
2025-12-16 12:00:00+00:00,2.4,70.56,v3,12h,DOGE,top_acct,/futures/topLongShortAccountRatio/history,2026-04-24T04:03:24.776106+00:00
2025-12-17 00:00:00+00:00,2.33,69.96,v3,12h,DOGE,top_acct,/futures/topLongShortAccountRatio/history,2026-04-24T04:03:24.776106+00:00
2025-12-17 12:00:00+00:00,2.34,70.03,v3,12h,DOGE,top_acct,/futures/topLongShortAccountRatio/history,2026-04-24T04:03:24.776106+00:00
2025-12-18 00:00:00+00:00,2.4,70.55,v3,12h,DOGE,top_acct,/futures/topLongShortAccountRatio/history,2026-04-24T04:03:24.776106+00:00
2025-12-18 12:00:00+00:00,2.39,70.54,v3,12h,DOGE,top_acct,/futures/topLongShortAccountRatio/history,2026-04-24T04:03:24.776106+00:00
2025-12-19 00:00:00+00:00,2.29,69.62,v3,12h,DOGE,top_acct,/futures/topLongShortAccountRatio/history,2026-04-24T04:03:24.776106+00:00
2025-12-19 12:00:00+00:00,2.0,66.71,v3,12h,DOGE,top_acct,/futures/topLongShortAccountRatio/history,2026-04-24T04:03:24.776106+00:00
2025-12-20 00:00:00+00:00,2.02,66.83,v3,12h,DOGE,top_acct,/futures/topLongShortAccountRatio/history,2026-04-24T04:03:24.776106+00:00
2025-12-20 12:00:00+00:00,2.13,68.02,v3,12h,DOGE,top_acct,/futures/topLongShortAccountRatio/history,2026-04-24T04:03:24.776106+00:00
2025-12-21 00:00:00+00:00,2.19,68.64,v3,12h,DOGE,top_acct,/futures/topLongShortAccountRatio/history,2026-04-24T04:03:24.776106+00:00
2025-12-21 12:00:00+00:00,2.2,68.77,v3,12h,DOGE,top_acct,/futures/topLongShortAccountRatio/history,2026-04-24T04:03:24.776106+00:00
2025-12-22 00:00:00+00:00,2.61,72.29,v3,12h,DOGE,top_acct,/futures/topLongShortAccountRatio/history,2026-04-24T04:03:24.776106+00:00
2025-12-22 12:00:00+00:00,2.34,70.07,v3,12h,DOGE,top_acct,/futures/topLongShortAccountRatio/history,2026-04-24T04:03:24.776106+00:00
2025-12-23 00:00:00+00:00,2.38,70.45,v3,12h,DOGE,top_acct,/futures/topLongShortAccountRatio/history,2026-04-24T04:03:24.776106+00:00
2025-12-23 12:00:00+00:00,2.48,71.23,v3,12h,DOGE,top_acct,/futures/topLongShortAccountRatio/history,2026-04-24T04:03:24.776106+00:00
2025-12-24 00:00:00+00:00,2.81,73.77,v3,12h,DOGE,top_acct,/futures/topLongShortAccountRatio/history,2026-04-24T04:03:24.776106+00:00
2025-12-24 12:00:00+00:00,2.77,73.44,v3,12h,DOGE,top_acct,/futures/topLongShortAccountRatio/history,2026-04-24T04:03:24.776106+00:00
2025-12-25 00:00:00+00:00,2.7,73.0,v3,12h,DOGE,top_acct,/futures/topLongShortAccountRatio/history,2026-04-24T04:03:24.776106+00:00
2025-12-25 12:00:00+00:00,2.67,72.73,v3,12h,DOGE,top_acct,/futures/topLongShortAccountRatio/history,2026-04-24T04:03:24.776106+00:00
2025-12-26 00:00:00+00:00,2.63,72.44,v3,12h,DOGE,top_acct,/futures/topLongShortAccountRatio/history,2026-04-24T04:03:24.776106+00:00
2025-12-26 12:00:00+00:00,2.49,71.32,v3,12h,DOGE,top_acct,/futures/topLongShortAccountRatio/history,2026-04-24T04:03:24.776106+00:00
2025-12-27 00:00:00+00:00,2.7,72.97,v3,12h,DOGE,top_acct,/futures/topLongShortAccountRatio/history,2026-04-24T04:03:24.776106+00:00
2025-12-27 12:00:00+00:00,2.73,73.2,v3,12h,DOGE,top_acct,/futures/topLongShortAccountRatio/history,2026-04-24T04:03:24.776106+00:00
2025-12-28 00:00:00+00:00,2.63,72.42,v3,12h,DOGE,top_acct,/futures/topLongShortAccountRatio/history,2026-04-24T04:03:24.776106+00:00
2025-12-28 12:00:00+00:00,2.74,73.29,v3,12h,DOGE,top_acct,/futures/topLongShortAccountRatio/history,2026-04-24T04:03:24.776106+00:00
2025-12-29 00:00:00+00:00,2.68,72.85,v3,12h,DOGE,top_acct,/futures/topLongShortAccountRatio/history,2026-04-24T04:03:24.776106+00:00
2025-12-29 12:00:00+00:00,2.53,71.65,v3,12h,DOGE,top_acct,/futures/topLongShortAccountRatio/history,2026-04-24T04:03:24.776106+00:00
2025-12-30 00:00:00+00:00,2.64,72.52,v3,12h,DOGE,top_acct,/futures/topLongShortAccountRatio/history,2026-04-24T04:03:24.776106+00:00
2025-12-30 12:00:00+00:00,2.45,71.02,v3,12h,DOGE,top_acct,/futures/topLongShortAccountRatio/history,2026-04-24T04:03:24.776106+00:00
2025-12-31 00:00:00+00:00,2.62,72.36,v3,12h,DOGE,top_acct,/futures/topLongShortAccountRatio/history,2026-04-24T04:03:24.776106+00:00
2025-12-31 12:00:00+00:00,2.74,73.23,v3,12h,DOGE,top_acct,/futures/topLongShortAccountRatio/history,2026-04-24T04:03:24.776106+00:00
2026-01-01 00:00:00+00:00,2.95,74.65,v3,12h,DOGE,top_acct,/futures/topLongShortAccountRatio/history,2026-04-24T04:03:24.776106+00:00
2026-01-01 12:00:00+00:00,2.65,72.62,v3,12h,DOGE,top_acct,/futures/topLongShortAccountRatio/history,2026-04-24T04:03:24.776106+00:00
2026-01-02 00:00:00+00:00,2.33,69.98,v3,12h,DOGE,top_acct,/futures/topLongShortAccountRatio/history,2026-04-24T04:03:24.776106+00:00
2026-01-02 12:00:00+00:00,2.13,68.05,v3,12h,DOGE,top_acct,/futures/topLongShortAccountRatio/history,2026-04-24T04:03:24.776106+00:00
2026-01-03 00:00:00+00:00,1.82,64.55,v3,12h,DOGE,top_acct,/futures/topLongShortAccountRatio/history,2026-04-24T04:03:24.776106+00:00
2026-01-03 12:00:00+00:00,1.92,65.7,v3,12h,DOGE,top_acct,/futures/topLongShortAccountRatio/history,2026-04-24T04:03:24.776106+00:00
2026-01-04 00:00:00+00:00,2.19,68.64,v3,12h,DOGE,top_acct,/futures/topLongShortAccountRatio/history,2026-04-24T04:03:24.776106+00:00
2026-01-04 12:00:00+00:00,2.15,68.25,v3,12h,DOGE,top_acct,/futures/topLongShortAccountRatio/history,2026-04-24T04:03:24.776106+00:00
2026-01-05 00:00:00+00:00,2.25,69.2,v3,12h,DOGE,top_acct,/futures/topLongShortAccountRatio/history,2026-04-24T04:03:24.776106+00:00
2026-01-05 12:00:00+00:00,2.38,70.44,v3,12h,DOGE,top_acct,/futures/topLongShortAccountRatio/history,2026-04-24T04:03:24.776106+00:00
2026-01-06 00:00:00+00:00,2.39,70.51,v3,12h,DOGE,top_acct,/futures/topLongShortAccountRatio/history,2026-04-24T04:03:24.776106+00:00
2026-01-06 12:00:00+00:00,2.51,71.5,v3,12h,DOGE,top_acct,/futures/topLongShortAccountRatio/history,2026-04-24T04:03:24.776106+00:00
2026-01-07 00:00:00+00:00,2.71,73.06,v3,12h,DOGE,top_acct,/futures/topLongShortAccountRatio/history,2026-04-24T04:03:24.776106+00:00
2026-01-07 12:00:00+00:00,2.43,70.82,v3,12h,DOGE,top_acct,/futures/topLongShortAccountRatio/history,2026-04-24T04:03:24.776106+00:00
2026-01-08 00:00:00+00:00,2.72,73.12,v3,12h,DOGE,top_acct,/futures/topLongShortAccountRatio/history,2026-04-24T04:03:24.776106+00:00
2026-01-08 12:00:00+00:00,3.09,75.55,v3,12h,DOGE,top_acct,/futures/topLongShortAccountRatio/history,2026-04-24T04:03:24.776106+00:00
2026-01-09 00:00:00+00:00,3.06,75.35,v3,12h,DOGE,top_acct,/futures/topLongShortAccountRatio/history,2026-04-24T04:03:24.776106+00:00
2026-01-09 12:00:00+00:00,2.94,74.64,v3,12h,DOGE,top_acct,/futures/topLongShortAccountRatio/history,2026-04-24T04:03:24.776106+00:00
2026-01-10 00:00:00+00:00,2.96,74.74,v3,12h,DOGE,top_acct,/futures/topLongShortAccountRatio/history,2026-04-24T04:03:24.776106+00:00
2026-01-10 12:00:00+00:00,2.88,74.21,v3,12h,DOGE,top_acct,/futures/topLongShortAccountRatio/history,2026-04-24T04:03:24.776106+00:00
2026-01-11 00:00:00+00:00,2.76,73.42,v3,12h,DOGE,top_acct,/futures/topLongShortAccountRatio/history,2026-04-24T04:03:24.776106+00:00
2026-01-11 12:00:00+00:00,2.77,73.49,v3,12h,DOGE,top_acct,/futures/topLongShortAccountRatio/history,2026-04-24T04:03:24.776106+00:00
2026-01-12 00:00:00+00:00,2.83,73.88,v3,12h,DOGE,top_acct,/futures/topLongShortAccountRatio/history,2026-04-24T04:03:24.776106+00:00
2026-01-12 12:00:00+00:00,3.01,75.05,v3,12h,DOGE,top_acct,/futures/topLongShortAccountRatio/history,2026-04-24T04:03:24.776106+00:00
2026-01-13 00:00:00+00:00,2.85,74.04,v3,12h,DOGE,top_acct,/futures/topLongShortAccountRatio/history,2026-04-24T04:03:24.776106+00:00
2026-01-13 12:00:00+00:00,2.75,73.32,v3,12h,DOGE,top_acct,/futures/topLongShortAccountRatio/history,2026-04-24T04:03:24.776106+00:00
2026-01-14 00:00:00+00:00,2.42,70.77,v3,12h,DOGE,top_acct,/futures/topLongShortAccountRatio/history,2026-04-24T04:03:24.776106+00:00
2026-01-14 12:00:00+00:00,2.65,72.61,v3,12h,DOGE,top_acct,/futures/topLongShortAccountRatio/history,2026-04-24T04:03:24.776106+00:00
2026-01-15 00:00:00+00:00,2.73,73.19,v3,12h,DOGE,top_acct,/futures/topLongShortAccountRatio/history,2026-04-24T04:03:24.776106+00:00
2026-01-15 12:00:00+00:00,3.06,75.39,v3,12h,DOGE,top_acct,/futures/topLongShortAccountRatio/history,2026-04-24T04:03:24.776106+00:00
2026-01-16 00:00:00+00:00,3.27,76.59,v3,12h,DOGE,top_acct,/futures/topLongShortAccountRatio/history,2026-04-24T04:03:24.776106+00:00
2026-01-16 12:00:00+00:00,3.19,76.15,v3,12h,DOGE,top_acct,/futures/topLongShortAccountRatio/history,2026-04-24T04:03:24.776106+00:00
2026-01-17 00:00:00+00:00,3.16,75.93,v3,12h,DOGE,top_acct,/futures/topLongShortAccountRatio/history,2026-04-24T04:03:24.776106+00:00
2026-01-17 12:00:00+00:00,3.01,75.05,v3,12h,DOGE,top_acct,/futures/topLongShortAccountRatio/history,2026-04-24T04:03:24.776106+00:00
2026-01-18 00:00:00+00:00,2.91,74.4,v3,12h,DOGE,top_acct,/futures/topLongShortAccountRatio/history,2026-04-24T04:03:24.776106+00:00
2026-01-18 12:00:00+00:00,2.98,74.85,v3,12h,DOGE,top_acct,/futures/topLongShortAccountRatio/history,2026-04-24T04:03:24.776106+00:00
2026-01-19 00:00:00+00:00,3.1,75.63,v3,12h,DOGE,top_acct,/futures/topLongShortAccountRatio/history,2026-04-24T04:03:24.776106+00:00
2026-01-19 12:00:00+00:00,2.99,74.91,v3,12h,DOGE,top_acct,/futures/topLongShortAccountRatio/history,2026-04-24T04:03:24.776106+00:00
2026-01-20 00:00:00+00:00,2.95,74.67,v3,12h,DOGE,top_acct,/futures/topLongShortAccountRatio/history,2026-04-24T04:03:24.776106+00:00
2026-01-20 12:00:00+00:00,2.9,74.37,v3,12h,DOGE,top_acct,/futures/topLongShortAccountRatio/history,2026-04-24T04:03:24.776106+00:00
2026-01-21 00:00:00+00:00,2.83,73.87,v3,12h,DOGE,top_acct,/futures/topLongShortAccountRatio/history,2026-04-24T04:03:24.776106+00:00
2026-01-21 12:00:00+00:00,2.93,74.52,v3,12h,DOGE,top_acct,/futures/topLongShortAccountRatio/history,2026-04-24T04:03:24.776106+00:00
2026-01-22 00:00:00+00:00,2.82,73.81,v3,12h,DOGE,top_acct,/futures/topLongShortAccountRatio/history,2026-04-24T04:03:24.776106+00:00
2026-01-22 12:00:00+00:00,2.9,74.36,v3,12h,DOGE,top_acct,/futures/topLongShortAccountRatio/history,2026-04-24T04:03:24.776106+00:00
2026-01-23 00:00:00+00:00,3.01,75.04,v3,12h,DOGE,top_acct,/futures/topLongShortAccountRatio/history,2026-04-24T04:03:24.776106+00:00
2026-01-23 12:00:00+00:00,2.89,74.26,v3,12h,DOGE,top_acct,/futures/topLongShortAccountRatio/history,2026-04-24T04:03:24.776106+00:00
2026-01-24 00:00:00+00:00,2.87,74.17,v3,12h,DOGE,top_acct,/futures/topLongShortAccountRatio/history,2026-04-24T04:03:24.776106+00:00
2026-01-24 12:00:00+00:00,2.9,74.36,v3,12h,DOGE,top_acct,/futures/topLongShortAccountRatio/history,2026-04-24T04:03:24.776106+00:00
2026-01-25 00:00:00+00:00,2.91,74.41,v3,12h,DOGE,top_acct,/futures/topLongShortAccountRatio/history,2026-04-24T04:03:24.776106+00:00
2026-01-25 12:00:00+00:00,2.92,74.51,v3,12h,DOGE,top_acct,/futures/topLongShortAccountRatio/history,2026-04-24T04:03:24.776106+00:00
2026-01-26 00:00:00+00:00,3.18,76.05,v3,12h,DOGE,top_acct,/futures/topLongShortAccountRatio/history,2026-04-24T04:03:24.776106+00:00
2026-01-26 12:00:00+00:00,3.11,75.68,v3,12h,DOGE,top_acct,/futures/topLongShortAccountRatio/history,2026-04-24T04:03:24.776106+00:00
2026-01-27 00:00:00+00:00,3.1,75.59,v3,12h,DOGE,top_acct,/futures/topLongShortAccountRatio/history,2026-04-24T04:03:24.776106+00:00
2026-01-27 12:00:00+00:00,3.01,75.05,v3,12h,DOGE,top_acct,/futures/topLongShortAccountRatio/history,2026-04-24T04:03:24.776106+00:00
2026-01-28 00:00:00+00:00,2.86,74.11,v3,12h,DOGE,top_acct,/futures/topLongShortAccountRatio/history,2026-04-24T04:03:24.776106+00:00
2026-01-28 12:00:00+00:00,2.84,73.96,v3,12h,DOGE,top_acct,/futures/topLongShortAccountRatio/history,2026-04-24T04:03:24.776106+00:00
2026-01-29 00:00:00+00:00,3.08,75.46,v3,12h,DOGE,top_acct,/futures/topLongShortAccountRatio/history,2026-04-24T04:03:24.776106+00:00
2026-01-29 12:00:00+00:00,3.09,75.57,v3,12h,DOGE,top_acct,/futures/topLongShortAccountRatio/history,2026-04-24T04:03:24.776106+00:00
2026-01-30 00:00:00+00:00,3.23,76.35,v3,12h,DOGE,top_acct,/futures/topLongShortAccountRatio/history,2026-04-24T04:03:24.776106+00:00
2026-01-30 12:00:00+00:00,3.15,75.88,v3,12h,DOGE,top_acct,/futures/topLongShortAccountRatio/history,2026-04-24T04:03:24.776106+00:00
2026-01-31 00:00:00+00:00,2.91,74.45,v3,12h,DOGE,top_acct,/futures/topLongShortAccountRatio/history,2026-04-24T04:03:24.776106+00:00
2026-01-31 12:00:00+00:00,3.17,76.04,v3,12h,DOGE,top_acct,/futures/topLongShortAccountRatio/history,2026-04-24T04:03:24.776106+00:00
2026-02-01 00:00:00+00:00,2.94,74.59,v3,12h,DOGE,top_acct,/futures/topLongShortAccountRatio/history,2026-04-24T04:03:24.776106+00:00
2026-02-01 12:00:00+00:00,2.78,73.56,v3,12h,DOGE,top_acct,/futures/topLongShortAccountRatio/history,2026-04-24T04:03:24.776106+00:00
2026-02-02 00:00:00+00:00,2.69,72.86,v3,12h,DOGE,top_acct,/futures/topLongShortAccountRatio/history,2026-04-24T04:03:24.776106+00:00
2026-02-02 12:00:00+00:00,2.8,73.68,v3,12h,DOGE,top_acct,/futures/topLongShortAccountRatio/history,2026-04-24T04:03:24.776106+00:00
2026-02-03 00:00:00+00:00,2.94,74.59,v3,12h,DOGE,top_acct,/futures/topLongShortAccountRatio/history,2026-04-24T04:03:24.776106+00:00
2026-02-03 12:00:00+00:00,3.16,75.96,v3,12h,DOGE,top_acct,/futures/topLongShortAccountRatio/history,2026-04-24T04:03:24.776106+00:00
2026-02-04 00:00:00+00:00,3.17,76.04,v3,12h,DOGE,top_acct,/futures/topLongShortAccountRatio/history,2026-04-24T04:03:24.776106+00:00
2026-02-04 12:00:00+00:00,3.11,75.67,v3,12h,DOGE,top_acct,/futures/topLongShortAccountRatio/history,2026-04-24T04:03:24.776106+00:00
2026-02-05 00:00:00+00:00,3.06,75.34,v3,12h,DOGE,top_acct,/futures/topLongShortAccountRatio/history,2026-04-24T04:03:24.776106+00:00
2026-02-05 12:00:00+00:00,3.02,75.15,v3,12h,DOGE,top_acct,/futures/topLongShortAccountRatio/history,2026-04-24T04:03:24.776106+00:00
2026-02-06 00:00:00+00:00,2.91,74.39,v3,12h,DOGE,top_acct,/futures/topLongShortAccountRatio/history,2026-04-24T04:03:24.776106+00:00
2026-02-06 12:00:00+00:00,2.58,72.09,v3,12h,DOGE,top_acct,/futures/topLongShortAccountRatio/history,2026-04-24T04:03:24.776106+00:00
2026-02-07 00:00:00+00:00,2.52,71.56,v3,12h,DOGE,top_acct,/futures/topLongShortAccountRatio/history,2026-04-24T04:03:24.776106+00:00
2026-02-07 12:00:00+00:00,2.57,72.02,v3,12h,DOGE,top_acct,/futures/topLongShortAccountRatio/history,2026-04-24T04:03:24.776106+00:00
2026-02-08 00:00:00+00:00,2.72,73.08,v3,12h,DOGE,top_acct,/futures/topLongShortAccountRatio/history,2026-04-24T04:03:24.776106+00:00
2026-02-08 12:00:00+00:00,2.73,73.16,v3,12h,DOGE,top_acct,/futures/topLongShortAccountRatio/history,2026-04-24T04:03:24.776106+00:00
2026-02-09 00:00:00+00:00,2.71,73.02,v3,12h,DOGE,top_acct,/futures/topLongShortAccountRatio/history,2026-04-24T04:03:24.776106+00:00
2026-02-09 12:00:00+00:00,2.62,72.35,v3,12h,DOGE,top_acct,/futures/topLongShortAccountRatio/history,2026-04-24T04:03:24.776106+00:00
2026-02-10 00:00:00+00:00,2.54,71.75,v3,12h,DOGE,top_acct,/futures/topLongShortAccountRatio/history,2026-04-24T04:03:24.776106+00:00
2026-02-10 12:00:00+00:00,2.55,71.79,v3,12h,DOGE,top_acct,/futures/topLongShortAccountRatio/history,2026-04-24T04:03:24.776106+00:00
2026-02-11 00:00:00+00:00,2.51,71.5,v3,12h,DOGE,top_acct,/futures/topLongShortAccountRatio/history,2026-04-24T04:03:24.776106+00:00
2026-02-11 12:00:00+00:00,2.44,70.93,v3,12h,DOGE,top_acct,/futures/topLongShortAccountRatio/history,2026-04-24T04:03:24.776106+00:00
2026-02-12 00:00:00+00:00,2.31,69.79,v3,12h,DOGE,top_acct,/futures/topLongShortAccountRatio/history,2026-04-24T04:03:24.776106+00:00
2026-02-12 12:00:00+00:00,2.29,69.61,v3,12h,DOGE,top_acct,/futures/topLongShortAccountRatio/history,2026-04-24T04:03:24.776106+00:00
2026-02-13 00:00:00+00:00,2.3,69.67,v3,12h,DOGE,top_acct,/futures/topLongShortAccountRatio/history,2026-04-24T04:03:24.776106+00:00
2026-02-13 12:00:00+00:00,2.31,69.75,v3,12h,DOGE,top_acct,/futures/topLongShortAccountRatio/history,2026-04-24T04:03:24.776106+00:00
2026-02-14 00:00:00+00:00,2.42,70.72,v3,12h,DOGE,top_acct,/futures/topLongShortAccountRatio/history,2026-04-24T04:03:24.776106+00:00
2026-02-14 12:00:00+00:00,2.57,72.0,v3,12h,DOGE,top_acct,/futures/topLongShortAccountRatio/history,2026-04-24T04:03:24.776106+00:00
2026-02-15 00:00:00+00:00,2.58,72.04,v3,12h,DOGE,top_acct,/futures/topLongShortAccountRatio/history,2026-04-24T04:03:24.776106+00:00
2026-02-15 12:00:00+00:00,2.63,72.43,v3,12h,DOGE,top_acct,/futures/topLongShortAccountRatio/history,2026-04-24T04:03:24.776106+00:00
2026-02-16 00:00:00+00:00,3.29,76.67,v3,12h,DOGE,top_acct,/futures/topLongShortAccountRatio/history,2026-04-24T04:03:24.776106+00:00
2026-02-16 12:00:00+00:00,3.27,76.59,v3,12h,DOGE,top_acct,/futures/topLongShortAccountRatio/history,2026-04-24T04:03:24.776106+00:00
2026-02-17 00:00:00+00:00,3.09,75.54,v3,12h,DOGE,top_acct,/futures/topLongShortAccountRatio/history,2026-04-24T04:03:24.776106+00:00
2026-02-17 12:00:00+00:00,2.91,74.4,v3,12h,DOGE,top_acct,/futures/topLongShortAccountRatio/history,2026-04-24T04:03:24.776106+00:00
2026-02-18 00:00:00+00:00,2.92,74.51,v3,12h,DOGE,top_acct,/futures/topLongShortAccountRatio/history,2026-04-24T04:03:24.776106+00:00
2026-02-18 12:00:00+00:00,3.0,75.0,v3,12h,DOGE,top_acct,/futures/topLongShortAccountRatio/history,2026-04-24T04:03:24.776106+00:00
2026-02-19 00:00:00+00:00,3.06,75.38,v3,12h,DOGE,top_acct,/futures/topLongShortAccountRatio/history,2026-04-24T04:03:24.776106+00:00
2026-02-19 12:00:00+00:00,3.04,75.27,v3,12h,DOGE,top_acct,/futures/topLongShortAccountRatio/history,2026-04-24T04:03:24.776106+00:00
2026-02-20 00:00:00+00:00,2.97,74.83,v3,12h,DOGE,top_acct,/futures/topLongShortAccountRatio/history,2026-04-24T04:03:24.776106+00:00
2026-02-20 12:00:00+00:00,3.1,75.58,v3,12h,DOGE,top_acct,/futures/topLongShortAccountRatio/history,2026-04-24T04:03:24.776106+00:00
2026-02-21 00:00:00+00:00,3.02,75.11,v3,12h,DOGE,top_acct,/futures/topLongShortAccountRatio/history,2026-04-24T04:03:24.776106+00:00
2026-02-21 12:00:00+00:00,3.07,75.42,v3,12h,DOGE,top_acct,/futures/topLongShortAccountRatio/history,2026-04-24T04:03:24.776106+00:00
2026-02-22 00:00:00+00:00,3.01,75.05,v3,12h,DOGE,top_acct,/futures/topLongShortAccountRatio/history,2026-04-24T04:03:24.776106+00:00
2026-02-22 12:00:00+00:00,2.71,73.06,v3,12h,DOGE,top_acct,/futures/topLongShortAccountRatio/history,2026-04-24T04:03:24.776106+00:00
2026-02-23 00:00:00+00:00,2.58,72.07,v3,12h,DOGE,top_acct,/futures/topLongShortAccountRatio/history,2026-04-24T04:03:24.776106+00:00
2026-02-23 12:00:00+00:00,2.49,71.32,v3,12h,DOGE,top_acct,/futures/topLongShortAccountRatio/history,2026-04-24T04:03:24.776106+00:00
2026-02-24 00:00:00+00:00,2.6,72.19,v3,12h,DOGE,top_acct,/futures/topLongShortAccountRatio/history,2026-04-24T04:03:24.776106+00:00
2026-02-24 12:00:00+00:00,2.53,71.7,v3,12h,DOGE,top_acct,/futures/topLongShortAccountRatio/history,2026-04-24T04:03:24.776106+00:00
2026-02-25 00:00:00+00:00,2.5,71.41,v3,12h,DOGE,top_acct,/futures/topLongShortAccountRatio/history,2026-04-24T04:03:24.776106+00:00
2026-02-25 12:00:00+00:00,2.43,70.82,v3,12h,DOGE,top_acct,/futures/topLongShortAccountRatio/history,2026-04-24T04:03:24.776106+00:00
2026-02-26 00:00:00+00:00,2.39,70.48,v3,12h,DOGE,top_acct,/futures/topLongShortAccountRatio/history,2026-04-24T04:03:24.776106+00:00
2026-02-26 12:00:00+00:00,2.64,72.54,v3,12h,DOGE,top_acct,/futures/topLongShortAccountRatio/history,2026-04-24T04:03:24.776106+00:00
2026-02-27 00:00:00+00:00,2.81,73.78,v3,12h,DOGE,top_acct,/futures/topLongShortAccountRatio/history,2026-04-24T04:03:24.776106+00:00
2026-02-27 12:00:00+00:00,2.65,72.59,v3,12h,DOGE,top_acct,/futures/topLongShortAccountRatio/history,2026-04-24T04:03:24.776106+00:00
2026-02-28 00:00:00+00:00,2.55,71.83,v3,12h,DOGE,top_acct,/futures/topLongShortAccountRatio/history,2026-04-24T04:03:24.776106+00:00
2026-02-28 12:00:00+00:00,2.28,69.54,v3,12h,DOGE,top_acct,/futures/topLongShortAccountRatio/history,2026-04-24T04:03:24.776106+00:00
2026-03-01 00:00:00+00:00,2.28,69.54,v3,12h,DOGE,top_acct,/futures/topLongShortAccountRatio/history,2026-04-24T04:03:24.776106+00:00
2026-03-01 12:00:00+00:00,2.24,69.1,v3,12h,DOGE,top_acct,/futures/topLongShortAccountRatio/history,2026-04-24T04:03:24.776106+00:00
2026-03-02 00:00:00+00:00,2.36,70.2,v3,12h,DOGE,top_acct,/futures/topLongShortAccountRatio/history,2026-04-24T04:03:24.776106+00:00
2026-03-02 12:00:00+00:00,2.28,69.48,v3,12h,DOGE,top_acct,/futures/topLongShortAccountRatio/history,2026-04-24T04:03:24.776106+00:00
2026-03-03 00:00:00+00:00,2.29,69.59,v3,12h,DOGE,top_acct,/futures/topLongShortAccountRatio/history,2026-04-24T04:03:24.776106+00:00
2026-03-03 12:00:00+00:00,2.52,71.62,v3,12h,DOGE,top_acct,/futures/topLongShortAccountRatio/history,2026-04-24T04:03:24.776106+00:00
2026-03-04 00:00:00+00:00,2.59,72.11,v3,12h,DOGE,top_acct,/futures/topLongShortAccountRatio/history,2026-04-24T04:03:24.776106+00:00
2026-03-04 12:00:00+00:00,2.3,69.7,v3,12h,DOGE,top_acct,/futures/topLongShortAccountRatio/history,2026-04-24T04:03:24.776106+00:00
2026-03-05 00:00:00+00:00,1.92,65.72,v3,12h,DOGE,top_acct,/futures/topLongShortAccountRatio/history,2026-04-24T04:03:24.776106+00:00
2026-03-05 12:00:00+00:00,2.45,71.01,v3,12h,DOGE,top_acct,/futures/topLongShortAccountRatio/history,2026-04-24T04:03:24.776106+00:00
2026-03-06 00:00:00+00:00,2.62,72.38,v3,12h,DOGE,top_acct,/futures/topLongShortAccountRatio/history,2026-04-24T04:03:24.776106+00:00
2026-03-06 12:00:00+00:00,2.52,71.61,v3,12h,DOGE,top_acct,/futures/topLongShortAccountRatio/history,2026-04-24T04:03:24.776106+00:00
2026-03-07 00:00:00+00:00,2.78,73.54,v3,12h,DOGE,top_acct,/futures/topLongShortAccountRatio/history,2026-04-24T04:03:24.776106+00:00
2026-03-07 12:00:00+00:00,2.75,73.36,v3,12h,DOGE,top_acct,/futures/topLongShortAccountRatio/history,2026-04-24T04:03:24.776106+00:00
2026-03-08 00:00:00+00:00,2.73,73.22,v3,12h,DOGE,top_acct,/futures/topLongShortAccountRatio/history,2026-04-24T04:03:24.776106+00:00
2026-03-08 12:00:00+00:00,2.82,73.85,v3,12h,DOGE,top_acct,/futures/topLongShortAccountRatio/history,2026-04-24T04:03:24.776106+00:00
2026-03-09 00:00:00+00:00,2.68,72.84,v3,12h,DOGE,top_acct,/futures/topLongShortAccountRatio/history,2026-04-24T04:03:24.776106+00:00
2026-03-09 12:00:00+00:00,2.69,72.93,v3,12h,DOGE,top_acct,/futures/topLongShortAccountRatio/history,2026-04-24T04:03:24.776106+00:00
2026-03-10 00:00:00+00:00,2.76,73.37,v3,12h,DOGE,top_acct,/futures/topLongShortAccountRatio/history,2026-04-24T04:03:24.776106+00:00
2026-03-10 12:00:00+00:00,2.51,71.52,v3,12h,DOGE,top_acct,/futures/topLongShortAccountRatio/history,2026-04-24T04:03:24.776106+00:00
2026-03-11 00:00:00+00:00,2.38,70.41,v3,12h,DOGE,top_acct,/futures/topLongShortAccountRatio/history,2026-04-24T04:03:24.776106+00:00
2026-03-11 12:00:00+00:00,2.72,73.08,v3,12h,DOGE,top_acct,/futures/topLongShortAccountRatio/history,2026-04-24T04:03:24.776106+00:00
2026-03-12 00:00:00+00:00,2.54,71.75,v3,12h,DOGE,top_acct,/futures/topLongShortAccountRatio/history,2026-04-24T04:03:24.776106+00:00
2026-03-12 12:00:00+00:00,2.5,71.39,v3,12h,DOGE,top_acct,/futures/topLongShortAccountRatio/history,2026-04-24T04:03:24.776106+00:00
2026-03-13 00:00:00+00:00,2.55,71.83,v3,12h,DOGE,top_acct,/futures/topLongShortAccountRatio/history,2026-04-24T04:03:24.776106+00:00
2026-03-13 12:00:00+00:00,2.19,68.6,v3,12h,DOGE,top_acct,/futures/topLongShortAccountRatio/history,2026-04-24T04:03:24.776106+00:00
2026-03-14 00:00:00+00:00,2.41,70.66,v3,12h,DOGE,top_acct,/futures/topLongShortAccountRatio/history,2026-04-24T04:03:24.776106+00:00
2026-03-14 12:00:00+00:00,2.64,72.54,v3,12h,DOGE,top_acct,/futures/topLongShortAccountRatio/history,2026-04-24T04:03:24.776106+00:00
2026-03-15 00:00:00+00:00,2.69,72.87,v3,12h,DOGE,top_acct,/futures/topLongShortAccountRatio/history,2026-04-24T04:03:24.776106+00:00
2026-03-15 12:00:00+00:00,2.75,73.31,v3,12h,DOGE,top_acct,/futures/topLongShortAccountRatio/history,2026-04-24T04:03:24.776106+00:00
2026-03-16 00:00:00+00:00,2.63,72.45,v3,12h,DOGE,top_acct,/futures/topLongShortAccountRatio/history,2026-04-24T04:03:24.776106+00:00
2026-03-16 12:00:00+00:00,2.32,69.85,v3,12h,DOGE,top_acct,/futures/topLongShortAccountRatio/history,2026-04-24T04:03:24.776106+00:00
2026-03-17 00:00:00+00:00,2.44,70.91,v3,12h,DOGE,top_acct,/futures/topLongShortAccountRatio/history,2026-04-24T04:03:24.776106+00:00
2026-03-17 12:00:00+00:00,2.77,73.47,v3,12h,DOGE,top_acct,/futures/topLongShortAccountRatio/history,2026-04-24T04:03:24.776106+00:00
2026-03-18 00:00:00+00:00,2.65,72.63,v3,12h,DOGE,top_acct,/futures/topLongShortAccountRatio/history,2026-04-24T04:03:24.776106+00:00
2026-03-18 12:00:00+00:00,2.81,73.73,v3,12h,DOGE,top_acct,/futures/topLongShortAccountRatio/history,2026-04-24T04:03:24.776106+00:00
2026-03-19 00:00:00+00:00,2.84,73.98,v3,12h,DOGE,top_acct,/futures/topLongShortAccountRatio/history,2026-04-24T04:03:24.776106+00:00
2026-03-19 12:00:00+00:00,2.54,71.75,v3,12h,DOGE,top_acct,/futures/topLongShortAccountRatio/history,2026-04-24T04:03:24.776106+00:00
2026-03-20 00:00:00+00:00,2.55,71.82,v3,12h,DOGE,top_acct,/futures/topLongShortAccountRatio/history,2026-04-24T04:03:24.776106+00:00
2026-03-20 12:00:00+00:00,2.55,71.86,v3,12h,DOGE,top_acct,/futures/topLongShortAccountRatio/history,2026-04-24T04:03:24.776106+00:00
2026-03-21 00:00:00+00:00,2.56,71.9,v3,12h,DOGE,top_acct,/futures/topLongShortAccountRatio/history,2026-04-24T04:03:24.776106+00:00
2026-03-21 12:00:00+00:00,2.65,72.61,v3,12h,DOGE,top_acct,/futures/topLongShortAccountRatio/history,2026-04-24T04:03:24.776106+00:00
2026-03-22 00:00:00+00:00,2.78,73.56,v3,12h,DOGE,top_acct,/futures/topLongShortAccountRatio/history,2026-04-24T04:03:24.776106+00:00
2026-03-22 12:00:00+00:00,2.45,71.02,v3,12h,DOGE,top_acct,/futures/topLongShortAccountRatio/history,2026-04-24T04:03:24.776106+00:00
2026-03-23 00:00:00+00:00,2.54,71.71,v3,12h,DOGE,top_acct,/futures/topLongShortAccountRatio/history,2026-04-24T04:03:24.776106+00:00
2026-03-23 12:00:00+00:00,2.5,71.4,v3,12h,DOGE,top_acct,/futures/topLongShortAccountRatio/history,2026-04-24T04:03:24.776106+00:00
2026-03-24 00:00:00+00:00,2.65,72.59,v3,12h,DOGE,top_acct,/futures/topLongShortAccountRatio/history,2026-04-24T04:03:24.776106+00:00
2026-03-24 12:00:00+00:00,2.99,74.91,v3,12h,DOGE,top_acct,/futures/topLongShortAccountRatio/history,2026-04-24T04:03:24.776106+00:00
2026-03-25 00:00:00+00:00,2.81,73.77,v3,12h,DOGE,top_acct,/futures/topLongShortAccountRatio/history,2026-04-24T04:03:24.776106+00:00
2026-03-25 12:00:00+00:00,2.72,73.08,v3,12h,DOGE,top_acct,/futures/topLongShortAccountRatio/history,2026-04-24T04:03:24.776106+00:00
2026-03-26 00:00:00+00:00,2.93,74.58,v3,12h,DOGE,top_acct,/futures/topLongShortAccountRatio/history,2026-04-24T04:03:24.776106+00:00
2026-03-26 12:00:00+00:00,2.98,74.87,v3,12h,DOGE,top_acct,/futures/topLongShortAccountRatio/history,2026-04-24T04:03:24.776106+00:00
2026-03-27 00:00:00+00:00,2.9,74.35,v3,12h,DOGE,top_acct,/futures/topLongShortAccountRatio/history,2026-04-24T04:03:24.776106+00:00
2026-03-27 12:00:00+00:00,2.76,73.37,v3,12h,DOGE,top_acct,/futures/topLongShortAccountRatio/history,2026-04-24T04:03:24.776106+00:00
2026-03-28 00:00:00+00:00,2.74,73.25,v3,12h,DOGE,top_acct,/futures/topLongShortAccountRatio/history,2026-04-24T04:03:24.776106+00:00
2026-03-28 12:00:00+00:00,2.76,73.41,v3,12h,DOGE,top_acct,/futures/topLongShortAccountRatio/history,2026-04-24T04:03:24.776106+00:00
2026-03-29 00:00:00+00:00,2.86,74.12,v3,12h,DOGE,top_acct,/futures/topLongShortAccountRatio/history,2026-04-24T04:03:24.776106+00:00
2026-03-29 12:00:00+00:00,2.87,74.19,v3,12h,DOGE,top_acct,/futures/topLongShortAccountRatio/history,2026-04-24T04:03:24.776106+00:00
2026-03-30 00:00:00+00:00,2.8,73.68,v3,12h,DOGE,top_acct,/futures/topLongShortAccountRatio/history,2026-04-24T04:03:24.776106+00:00
2026-03-30 12:00:00+00:00,2.82,73.84,v3,12h,DOGE,top_acct,/futures/topLongShortAccountRatio/history,2026-04-24T04:03:24.776106+00:00
2026-03-31 00:00:00+00:00,3.04,75.25,v3,12h,DOGE,top_acct,/futures/topLongShortAccountRatio/history,2026-04-24T04:03:24.776106+00:00
2026-03-31 12:00:00+00:00,2.74,73.29,v3,12h,DOGE,top_acct,/futures/topLongShortAccountRatio/history,2026-04-24T04:03:24.776106+00:00
2026-04-01 00:00:00+00:00,2.69,72.93,v3,12h,DOGE,top_acct,/futures/topLongShortAccountRatio/history,2026-04-24T04:03:24.776106+00:00
2026-04-01 12:00:00+00:00,3.02,75.13,v3,12h,DOGE,top_acct,/futures/topLongShortAccountRatio/history,2026-04-24T04:03:24.776106+00:00
2026-04-02 00:00:00+00:00,3.21,76.26,v3,12h,DOGE,top_acct,/futures/topLongShortAccountRatio/history,2026-04-24T04:03:24.776106+00:00
2026-04-02 12:00:00+00:00,2.79,73.62,v3,12h,DOGE,top_acct,/futures/topLongShortAccountRatio/history,2026-04-24T04:03:24.776106+00:00
2026-04-03 00:00:00+00:00,2.77,73.46,v3,12h,DOGE,top_acct,/futures/topLongShortAccountRatio/history,2026-04-24T04:03:24.776106+00:00
2026-04-03 12:00:00+00:00,2.62,72.38,v3,12h,DOGE,top_acct,/futures/topLongShortAccountRatio/history,2026-04-24T04:03:24.776106+00:00
2026-04-04 00:00:00+00:00,2.74,73.27,v3,12h,DOGE,top_acct,/futures/topLongShortAccountRatio/history,2026-04-24T04:03:24.776106+00:00
2026-04-04 12:00:00+00:00,2.8,73.66,v3,12h,DOGE,top_acct,/futures/topLongShortAccountRatio/history,2026-04-24T04:03:24.776106+00:00
2026-04-05 00:00:00+00:00,2.74,73.27,v3,12h,DOGE,top_acct,/futures/topLongShortAccountRatio/history,2026-04-24T04:03:24.776106+00:00
2026-04-05 12:00:00+00:00,2.56,71.9,v3,12h,DOGE,top_acct,/futures/topLongShortAccountRatio/history,2026-04-24T04:03:24.776106+00:00
2026-04-06 00:00:00+00:00,2.42,70.79,v3,12h,DOGE,top_acct,/futures/topLongShortAccountRatio/history,2026-04-24T04:03:24.776106+00:00
2026-04-06 12:00:00+00:00,2.22,68.91,v3,12h,DOGE,top_acct,/futures/topLongShortAccountRatio/history,2026-04-24T04:03:24.776106+00:00
2026-04-07 00:00:00+00:00,2.62,72.35,v3,12h,DOGE,top_acct,/futures/topLongShortAccountRatio/history,2026-04-24T04:03:24.776106+00:00
2026-04-07 12:00:00+00:00,2.23,69.06,v3,12h,DOGE,top_acct,/futures/topLongShortAccountRatio/history,2026-04-24T04:03:24.776106+00:00
2026-04-08 00:00:00+00:00,2.26,69.36,v3,12h,DOGE,top_acct,/futures/topLongShortAccountRatio/history,2026-04-24T04:03:24.776106+00:00
2026-04-08 12:00:00+00:00,2.18,68.51,v3,12h,DOGE,top_acct,/futures/topLongShortAccountRatio/history,2026-04-24T04:03:24.776106+00:00
2026-04-09 00:00:00+00:00,2.9,74.33,v3,12h,DOGE,top_acct,/futures/topLongShortAccountRatio/history,2026-04-24T04:03:24.776106+00:00
2026-04-09 12:00:00+00:00,2.77,73.45,v3,12h,DOGE,top_acct,/futures/topLongShortAccountRatio/history,2026-04-24T04:03:24.776106+00:00
2026-04-10 00:00:00+00:00,2.63,72.42,v3,12h,DOGE,top_acct,/futures/topLongShortAccountRatio/history,2026-04-24T04:03:24.776106+00:00
2026-04-10 12:00:00+00:00,2.75,73.36,v3,12h,DOGE,top_acct,/futures/topLongShortAccountRatio/history,2026-04-24T04:03:24.776106+00:00
2026-04-11 00:00:00+00:00,2.67,72.76,v3,12h,DOGE,top_acct,/futures/topLongShortAccountRatio/history,2026-04-24T04:03:24.776106+00:00
2026-04-11 12:00:00+00:00,2.7,72.98,v3,12h,DOGE,top_acct,/futures/topLongShortAccountRatio/history,2026-04-24T04:03:24.776106+00:00
2026-04-12 00:00:00+00:00,3.16,75.98,v3,12h,DOGE,top_acct,/futures/topLongShortAccountRatio/history,2026-04-24T04:03:24.776106+00:00
2026-04-12 12:00:00+00:00,2.96,74.76,v3,12h,DOGE,top_acct,/futures/topLongShortAccountRatio/history,2026-04-24T04:03:24.776106+00:00
2026-04-13 00:00:00+00:00,2.89,74.3,v3,12h,DOGE,top_acct,/futures/topLongShortAccountRatio/history,2026-04-24T04:03:24.776106+00:00
2026-04-13 12:00:00+00:00,2.86,74.09,v3,12h,DOGE,top_acct,/futures/topLongShortAccountRatio/history,2026-04-24T04:03:24.776106+00:00
2026-04-14 00:00:00+00:00,2.46,71.12,v3,12h,DOGE,top_acct,/futures/topLongShortAccountRatio/history,2026-04-24T04:03:24.776106+00:00
2026-04-14 12:00:00+00:00,2.19,68.67,v3,12h,DOGE,top_acct,/futures/topLongShortAccountRatio/history,2026-04-24T04:03:24.776106+00:00
2026-04-15 00:00:00+00:00,2.61,72.3,v3,12h,DOGE,top_acct,/futures/topLongShortAccountRatio/history,2026-04-24T04:03:24.776106+00:00
2026-04-15 12:00:00+00:00,3.09,75.53,v3,12h,DOGE,top_acct,/futures/topLongShortAccountRatio/history,2026-04-24T04:03:24.776106+00:00
2026-04-16 00:00:00+00:00,2.76,73.41,v3,12h,DOGE,top_acct,/futures/topLongShortAccountRatio/history,2026-04-24T04:03:24.776106+00:00
2026-04-16 12:00:00+00:00,2.54,71.71,v3,12h,DOGE,top_acct,/futures/topLongShortAccountRatio/history,2026-04-24T04:03:24.776106+00:00
2026-04-17 00:00:00+00:00,2.93,74.57,v3,12h,DOGE,top_acct,/futures/topLongShortAccountRatio/history,2026-04-24T04:03:24.776106+00:00
2026-04-17 12:00:00+00:00,3.13,75.78,v3,12h,DOGE,top_acct,/futures/topLongShortAccountRatio/history,2026-04-24T04:03:24.776106+00:00
2026-04-18 00:00:00+00:00,2.81,73.76,v3,12h,DOGE,top_acct,/futures/topLongShortAccountRatio/history,2026-04-24T04:03:24.776106+00:00
2026-04-18 12:00:00+00:00,3.34,76.98,v3,12h,DOGE,top_acct,/futures/topLongShortAccountRatio/history,2026-04-24T04:03:24.776106+00:00
2026-04-19 00:00:00+00:00,3.46,77.58,v3,12h,DOGE,top_acct,/futures/topLongShortAccountRatio/history,2026-04-24T04:03:24.776106+00:00
2026-04-19 12:00:00+00:00,3.71,78.75,v3,12h,DOGE,top_acct,/futures/topLongShortAccountRatio/history,2026-04-24T04:03:24.776106+00:00
2026-04-20 00:00:00+00:00,3.63,78.4,v3,12h,DOGE,top_acct,/futures/topLongShortAccountRatio/history,2026-04-24T04:03:24.776106+00:00
2026-04-20 12:00:00+00:00,3.54,77.99,v3,12h,DOGE,top_acct,/futures/topLongShortAccountRatio/history,2026-04-24T04:03:24.776106+00:00
2026-04-21 00:00:00+00:00,3.42,77.37,v3,12h,DOGE,top_acct,/futures/topLongShortAccountRatio/history,2026-04-24T04:03:24.776106+00:00
2026-04-21 12:00:00+00:00,3.34,76.93,v3,12h,DOGE,top_acct,/futures/topLongShortAccountRatio/history,2026-04-24T04:03:24.776106+00:00
2026-04-22 00:00:00+00:00,3.54,77.97,v3,12h,DOGE,top_acct,/futures/topLongShortAccountRatio/history,2026-04-24T04:03:24.776106+00:00
2026-04-22 12:00:00+00:00,2.94,74.59,v3,12h,DOGE,top_acct,/futures/topLongShortAccountRatio/history,2026-04-24T04:03:24.776106+00:00
2026-04-23 00:00:00+00:00,2.87,74.14,v3,12h,DOGE,top_acct,/futures/topLongShortAccountRatio/history,2026-04-24T04:03:24.776106+00:00
2026-04-23 12:00:00+00:00,3.21,76.22,v3,12h,DOGE,top_acct,/futures/topLongShortAccountRatio/history,2026-04-24T04:03:24.776106+00:00
2026-04-24 00:00:00+00:00,3.14,75.87,v3,12h,DOGE,top_acct,/futures/topLongShortAccountRatio/history,2026-04-24T04:03:24.776106+00:00
