ts,top_pos_ls_ratio,top_pos_long_pct,api_version,interval,symbol,endpoint,path,fetched_at
2025-04-28 12:00:00+00:00,1.1,52.38,v3,12h,SUI,top_pos,/futures/topLongShortPositionRatio/history,2026-04-23T00:36:12.720260+00:00
2025-04-29 00:00:00+00:00,1.09,52.2,v3,12h,SUI,top_pos,/futures/topLongShortPositionRatio/history,2026-04-23T00:36:12.720260+00:00
2025-04-29 12:00:00+00:00,1.02,50.59,v3,12h,SUI,top_pos,/futures/topLongShortPositionRatio/history,2026-04-24T04:05:36.892271+00:00
2025-04-30 00:00:00+00:00,1.09,52.22,v3,12h,SUI,top_pos,/futures/topLongShortPositionRatio/history,2026-04-24T04:05:36.892271+00:00
2025-04-30 12:00:00+00:00,1.09,52.23,v3,12h,SUI,top_pos,/futures/topLongShortPositionRatio/history,2026-04-24T04:05:36.892271+00:00
2025-05-01 00:00:00+00:00,1.17,53.99,v3,12h,SUI,top_pos,/futures/topLongShortPositionRatio/history,2026-04-24T04:05:36.892271+00:00
2025-05-01 12:00:00+00:00,1.28,56.11,v3,12h,SUI,top_pos,/futures/topLongShortPositionRatio/history,2026-04-24T04:05:36.892271+00:00
2025-05-02 00:00:00+00:00,1.24,55.34,v3,12h,SUI,top_pos,/futures/topLongShortPositionRatio/history,2026-04-24T04:05:36.892271+00:00
2025-05-02 12:00:00+00:00,1.3,56.53,v3,12h,SUI,top_pos,/futures/topLongShortPositionRatio/history,2026-04-24T04:05:36.892271+00:00
2025-05-03 00:00:00+00:00,1.24,55.42,v3,12h,SUI,top_pos,/futures/topLongShortPositionRatio/history,2026-04-24T04:05:36.892271+00:00
2025-05-03 12:00:00+00:00,1.34,57.31,v3,12h,SUI,top_pos,/futures/topLongShortPositionRatio/history,2026-04-24T04:05:36.892271+00:00
2025-05-04 00:00:00+00:00,1.39,58.16,v3,12h,SUI,top_pos,/futures/topLongShortPositionRatio/history,2026-04-24T04:05:36.892271+00:00
2025-05-04 12:00:00+00:00,1.3,56.52,v3,12h,SUI,top_pos,/futures/topLongShortPositionRatio/history,2026-04-24T04:05:36.892271+00:00
2025-05-05 00:00:00+00:00,1.3,56.43,v3,12h,SUI,top_pos,/futures/topLongShortPositionRatio/history,2026-04-24T04:05:36.892271+00:00
2025-05-05 12:00:00+00:00,1.27,55.85,v3,12h,SUI,top_pos,/futures/topLongShortPositionRatio/history,2026-04-24T04:05:36.892271+00:00
2025-05-06 00:00:00+00:00,1.27,55.89,v3,12h,SUI,top_pos,/futures/topLongShortPositionRatio/history,2026-04-24T04:05:36.892271+00:00
2025-05-06 12:00:00+00:00,1.23,55.24,v3,12h,SUI,top_pos,/futures/topLongShortPositionRatio/history,2026-04-24T04:05:36.892271+00:00
2025-05-07 00:00:00+00:00,1.38,57.99,v3,12h,SUI,top_pos,/futures/topLongShortPositionRatio/history,2026-04-24T04:05:36.892271+00:00
2025-05-07 12:00:00+00:00,1.42,58.67,v3,12h,SUI,top_pos,/futures/topLongShortPositionRatio/history,2026-04-24T04:05:36.892271+00:00
2025-05-08 00:00:00+00:00,1.42,58.67,v3,12h,SUI,top_pos,/futures/topLongShortPositionRatio/history,2026-04-24T04:05:36.892271+00:00
2025-05-08 12:00:00+00:00,1.31,56.76,v3,12h,SUI,top_pos,/futures/topLongShortPositionRatio/history,2026-04-24T04:05:36.892271+00:00
2025-05-09 00:00:00+00:00,1.5,59.96,v3,12h,SUI,top_pos,/futures/topLongShortPositionRatio/history,2026-04-24T04:05:36.892271+00:00
2025-05-09 12:00:00+00:00,1.75,63.6,v3,12h,SUI,top_pos,/futures/topLongShortPositionRatio/history,2026-04-24T04:05:36.892271+00:00
2025-05-10 00:00:00+00:00,1.94,65.99,v3,12h,SUI,top_pos,/futures/topLongShortPositionRatio/history,2026-04-24T04:05:36.892271+00:00
2025-05-10 12:00:00+00:00,1.89,65.45,v3,12h,SUI,top_pos,/futures/topLongShortPositionRatio/history,2026-04-24T04:05:36.892271+00:00
2025-05-11 00:00:00+00:00,1.96,66.26,v3,12h,SUI,top_pos,/futures/topLongShortPositionRatio/history,2026-04-24T04:05:36.892271+00:00
2025-05-11 12:00:00+00:00,1.95,66.09,v3,12h,SUI,top_pos,/futures/topLongShortPositionRatio/history,2026-04-24T04:05:36.892271+00:00
2025-05-12 00:00:00+00:00,1.92,65.77,v3,12h,SUI,top_pos,/futures/topLongShortPositionRatio/history,2026-04-24T04:05:36.892271+00:00
2025-05-12 12:00:00+00:00,1.97,66.33,v3,12h,SUI,top_pos,/futures/topLongShortPositionRatio/history,2026-04-24T04:05:36.892271+00:00
2025-05-13 00:00:00+00:00,2.24,69.1,v3,12h,SUI,top_pos,/futures/topLongShortPositionRatio/history,2026-04-24T04:05:36.892271+00:00
2025-05-13 12:00:00+00:00,2.35,70.15,v3,12h,SUI,top_pos,/futures/topLongShortPositionRatio/history,2026-04-24T04:05:36.892271+00:00
2025-05-14 00:00:00+00:00,2.38,70.43,v3,12h,SUI,top_pos,/futures/topLongShortPositionRatio/history,2026-04-24T04:05:36.892271+00:00
2025-05-14 12:00:00+00:00,2.24,69.13,v3,12h,SUI,top_pos,/futures/topLongShortPositionRatio/history,2026-04-24T04:05:36.892271+00:00
2025-05-15 00:00:00+00:00,2.14,68.1,v3,12h,SUI,top_pos,/futures/topLongShortPositionRatio/history,2026-04-24T04:05:36.892271+00:00
2025-05-15 12:00:00+00:00,2.18,68.57,v3,12h,SUI,top_pos,/futures/topLongShortPositionRatio/history,2026-04-24T04:05:36.892271+00:00
2025-05-16 00:00:00+00:00,2.24,69.13,v3,12h,SUI,top_pos,/futures/topLongShortPositionRatio/history,2026-04-24T04:05:36.892271+00:00
2025-05-16 12:00:00+00:00,2.16,68.35,v3,12h,SUI,top_pos,/futures/topLongShortPositionRatio/history,2026-04-24T04:05:36.892271+00:00
2025-05-17 00:00:00+00:00,2.04,67.13,v3,12h,SUI,top_pos,/futures/topLongShortPositionRatio/history,2026-04-24T04:05:36.892271+00:00
2025-05-17 12:00:00+00:00,2.11,67.79,v3,12h,SUI,top_pos,/futures/topLongShortPositionRatio/history,2026-04-24T04:05:36.892271+00:00
2025-05-18 00:00:00+00:00,2.15,68.22,v3,12h,SUI,top_pos,/futures/topLongShortPositionRatio/history,2026-04-24T04:05:36.892271+00:00
2025-05-18 12:00:00+00:00,2.14,68.18,v3,12h,SUI,top_pos,/futures/topLongShortPositionRatio/history,2026-04-24T04:05:36.892271+00:00
2025-05-19 00:00:00+00:00,2.08,67.5,v3,12h,SUI,top_pos,/futures/topLongShortPositionRatio/history,2026-04-24T04:05:36.892271+00:00
2025-05-19 12:00:00+00:00,1.83,64.69,v3,12h,SUI,top_pos,/futures/topLongShortPositionRatio/history,2026-04-24T04:05:36.892271+00:00
2025-05-20 00:00:00+00:00,1.95,66.07,v3,12h,SUI,top_pos,/futures/topLongShortPositionRatio/history,2026-04-24T04:05:36.892271+00:00
2025-05-20 12:00:00+00:00,2.07,67.42,v3,12h,SUI,top_pos,/futures/topLongShortPositionRatio/history,2026-04-24T04:05:36.892271+00:00
2025-05-21 00:00:00+00:00,2.05,67.19,v3,12h,SUI,top_pos,/futures/topLongShortPositionRatio/history,2026-04-24T04:05:36.892271+00:00
2025-05-21 12:00:00+00:00,1.94,66.02,v3,12h,SUI,top_pos,/futures/topLongShortPositionRatio/history,2026-04-24T04:05:36.892271+00:00
2025-05-22 00:00:00+00:00,2.21,68.86,v3,12h,SUI,top_pos,/futures/topLongShortPositionRatio/history,2026-04-24T04:05:36.892271+00:00
2025-05-22 12:00:00+00:00,2.14,68.13,v3,12h,SUI,top_pos,/futures/topLongShortPositionRatio/history,2026-04-24T04:05:36.892271+00:00
2025-05-23 00:00:00+00:00,2.07,67.45,v3,12h,SUI,top_pos,/futures/topLongShortPositionRatio/history,2026-04-24T04:05:36.892271+00:00
2025-05-23 12:00:00+00:00,2.34,70.04,v3,12h,SUI,top_pos,/futures/topLongShortPositionRatio/history,2026-04-24T04:05:36.892271+00:00
2025-05-24 00:00:00+00:00,2.3,69.67,v3,12h,SUI,top_pos,/futures/topLongShortPositionRatio/history,2026-04-24T04:05:36.892271+00:00
2025-05-24 12:00:00+00:00,2.19,68.66,v3,12h,SUI,top_pos,/futures/topLongShortPositionRatio/history,2026-04-24T04:05:36.892271+00:00
2025-05-25 00:00:00+00:00,2.18,68.58,v3,12h,SUI,top_pos,/futures/topLongShortPositionRatio/history,2026-04-24T04:05:36.892271+00:00
2025-05-25 12:00:00+00:00,2.18,68.56,v3,12h,SUI,top_pos,/futures/topLongShortPositionRatio/history,2026-04-24T04:05:36.892271+00:00
2025-05-26 00:00:00+00:00,2.26,69.32,v3,12h,SUI,top_pos,/futures/topLongShortPositionRatio/history,2026-04-24T04:05:36.892271+00:00
2025-05-26 12:00:00+00:00,2.08,67.53,v3,12h,SUI,top_pos,/futures/topLongShortPositionRatio/history,2026-04-24T04:05:36.892271+00:00
2025-05-27 00:00:00+00:00,2.04,67.05,v3,12h,SUI,top_pos,/futures/topLongShortPositionRatio/history,2026-04-24T04:05:36.892271+00:00
2025-05-27 12:00:00+00:00,1.79,64.21,v3,12h,SUI,top_pos,/futures/topLongShortPositionRatio/history,2026-04-24T04:05:36.892271+00:00
2025-05-28 00:00:00+00:00,1.92,65.78,v3,12h,SUI,top_pos,/futures/topLongShortPositionRatio/history,2026-04-24T04:05:36.892271+00:00
2025-05-28 12:00:00+00:00,1.94,66.03,v3,12h,SUI,top_pos,/futures/topLongShortPositionRatio/history,2026-04-24T04:05:36.892271+00:00
2025-05-29 00:00:00+00:00,2.16,68.37,v3,12h,SUI,top_pos,/futures/topLongShortPositionRatio/history,2026-04-24T04:05:36.892271+00:00
2025-05-29 12:00:00+00:00,2.17,68.49,v3,12h,SUI,top_pos,/futures/topLongShortPositionRatio/history,2026-04-24T04:05:36.892271+00:00
2025-05-30 00:00:00+00:00,2.29,69.62,v3,12h,SUI,top_pos,/futures/topLongShortPositionRatio/history,2026-04-24T04:05:36.892271+00:00
2025-05-30 12:00:00+00:00,2.15,68.23,v3,12h,SUI,top_pos,/futures/topLongShortPositionRatio/history,2026-04-24T04:05:36.892271+00:00
2025-05-31 00:00:00+00:00,2.22,68.93,v3,12h,SUI,top_pos,/futures/topLongShortPositionRatio/history,2026-04-24T04:05:36.892271+00:00
2025-05-31 12:00:00+00:00,2.06,67.32,v3,12h,SUI,top_pos,/futures/topLongShortPositionRatio/history,2026-04-24T04:05:36.892271+00:00
2025-06-01 00:00:00+00:00,1.99,66.53,v3,12h,SUI,top_pos,/futures/topLongShortPositionRatio/history,2026-04-24T04:05:36.892271+00:00
2025-06-01 12:00:00+00:00,2.01,66.73,v3,12h,SUI,top_pos,/futures/topLongShortPositionRatio/history,2026-04-24T04:05:36.892271+00:00
2025-06-02 00:00:00+00:00,1.97,66.29,v3,12h,SUI,top_pos,/futures/topLongShortPositionRatio/history,2026-04-24T04:05:36.892271+00:00
2025-06-02 12:00:00+00:00,1.95,66.14,v3,12h,SUI,top_pos,/futures/topLongShortPositionRatio/history,2026-04-24T04:05:36.892271+00:00
2025-06-03 00:00:00+00:00,2.04,67.14,v3,12h,SUI,top_pos,/futures/topLongShortPositionRatio/history,2026-04-24T04:05:36.892271+00:00
2025-06-03 12:00:00+00:00,1.92,65.7,v3,12h,SUI,top_pos,/futures/topLongShortPositionRatio/history,2026-04-24T04:05:36.892271+00:00
2025-06-04 00:00:00+00:00,1.93,65.91,v3,12h,SUI,top_pos,/futures/topLongShortPositionRatio/history,2026-04-24T04:05:36.892271+00:00
2025-06-04 12:00:00+00:00,1.92,65.73,v3,12h,SUI,top_pos,/futures/topLongShortPositionRatio/history,2026-04-24T04:05:36.892271+00:00
2025-06-05 00:00:00+00:00,1.95,66.04,v3,12h,SUI,top_pos,/futures/topLongShortPositionRatio/history,2026-04-24T04:05:36.892271+00:00
2025-06-05 12:00:00+00:00,1.9,65.55,v3,12h,SUI,top_pos,/futures/topLongShortPositionRatio/history,2026-04-24T04:05:36.892271+00:00
2025-06-06 00:00:00+00:00,2.01,66.75,v3,12h,SUI,top_pos,/futures/topLongShortPositionRatio/history,2026-04-24T04:05:36.892271+00:00
2025-06-06 12:00:00+00:00,1.82,64.53,v3,12h,SUI,top_pos,/futures/topLongShortPositionRatio/history,2026-04-24T04:05:36.892271+00:00
2025-06-07 00:00:00+00:00,1.87,65.13,v3,12h,SUI,top_pos,/futures/topLongShortPositionRatio/history,2026-04-24T04:05:36.892271+00:00
2025-06-07 12:00:00+00:00,1.89,65.43,v3,12h,SUI,top_pos,/futures/topLongShortPositionRatio/history,2026-04-24T04:05:36.892271+00:00
2025-06-08 00:00:00+00:00,1.93,65.81,v3,12h,SUI,top_pos,/futures/topLongShortPositionRatio/history,2026-04-24T04:05:36.892271+00:00
2025-06-08 12:00:00+00:00,1.99,66.57,v3,12h,SUI,top_pos,/futures/topLongShortPositionRatio/history,2026-04-24T04:05:36.892271+00:00
2025-06-09 00:00:00+00:00,2.0,66.69,v3,12h,SUI,top_pos,/futures/topLongShortPositionRatio/history,2026-04-24T04:05:36.892271+00:00
2025-06-09 12:00:00+00:00,1.94,65.97,v3,12h,SUI,top_pos,/futures/topLongShortPositionRatio/history,2026-04-24T04:05:36.892271+00:00
2025-06-10 00:00:00+00:00,1.83,64.66,v3,12h,SUI,top_pos,/futures/topLongShortPositionRatio/history,2026-04-24T04:05:36.892271+00:00
2025-06-10 12:00:00+00:00,1.85,64.96,v3,12h,SUI,top_pos,/futures/topLongShortPositionRatio/history,2026-04-24T04:05:36.892271+00:00
2025-06-11 00:00:00+00:00,1.93,65.86,v3,12h,SUI,top_pos,/futures/topLongShortPositionRatio/history,2026-04-24T04:05:36.892271+00:00
2025-06-11 12:00:00+00:00,1.95,66.06,v3,12h,SUI,top_pos,/futures/topLongShortPositionRatio/history,2026-04-24T04:05:36.892271+00:00
2025-06-12 00:00:00+00:00,2.08,67.55,v3,12h,SUI,top_pos,/futures/topLongShortPositionRatio/history,2026-04-24T04:05:36.892271+00:00
2025-06-12 12:00:00+00:00,2.09,67.67,v3,12h,SUI,top_pos,/futures/topLongShortPositionRatio/history,2026-04-24T04:05:36.892271+00:00
2025-06-13 00:00:00+00:00,2.03,67.04,v3,12h,SUI,top_pos,/futures/topLongShortPositionRatio/history,2026-04-24T04:05:36.892271+00:00
2025-06-13 12:00:00+00:00,1.79,64.14,v3,12h,SUI,top_pos,/futures/topLongShortPositionRatio/history,2026-04-24T04:05:36.892271+00:00
2025-06-14 00:00:00+00:00,1.83,64.64,v3,12h,SUI,top_pos,/futures/topLongShortPositionRatio/history,2026-04-24T04:05:36.892271+00:00
2025-06-14 12:00:00+00:00,1.77,63.84,v3,12h,SUI,top_pos,/futures/topLongShortPositionRatio/history,2026-04-24T04:05:36.892271+00:00
2025-06-15 00:00:00+00:00,1.82,64.59,v3,12h,SUI,top_pos,/futures/topLongShortPositionRatio/history,2026-04-24T04:05:36.892271+00:00
2025-06-15 12:00:00+00:00,1.81,64.38,v3,12h,SUI,top_pos,/futures/topLongShortPositionRatio/history,2026-04-24T04:05:36.892271+00:00
2025-06-16 00:00:00+00:00,1.77,63.94,v3,12h,SUI,top_pos,/futures/topLongShortPositionRatio/history,2026-04-24T04:05:36.892271+00:00
2025-06-16 12:00:00+00:00,1.8,64.34,v3,12h,SUI,top_pos,/futures/topLongShortPositionRatio/history,2026-04-24T04:05:36.892271+00:00
2025-06-17 00:00:00+00:00,1.9,65.51,v3,12h,SUI,top_pos,/futures/topLongShortPositionRatio/history,2026-04-24T04:05:36.892271+00:00
2025-06-17 12:00:00+00:00,1.94,66.01,v3,12h,SUI,top_pos,/futures/topLongShortPositionRatio/history,2026-04-24T04:05:36.892271+00:00
2025-06-18 00:00:00+00:00,2.01,66.74,v3,12h,SUI,top_pos,/futures/topLongShortPositionRatio/history,2026-04-24T04:05:36.892271+00:00
2025-06-18 12:00:00+00:00,1.73,63.37,v3,12h,SUI,top_pos,/futures/topLongShortPositionRatio/history,2026-04-24T04:05:36.892271+00:00
2025-06-19 00:00:00+00:00,1.79,64.14,v3,12h,SUI,top_pos,/futures/topLongShortPositionRatio/history,2026-04-24T04:05:36.892271+00:00
2025-06-19 12:00:00+00:00,1.85,64.88,v3,12h,SUI,top_pos,/futures/topLongShortPositionRatio/history,2026-04-24T04:05:36.892271+00:00
2025-06-20 00:00:00+00:00,1.82,64.47,v3,12h,SUI,top_pos,/futures/topLongShortPositionRatio/history,2026-04-24T04:05:36.892271+00:00
2025-06-20 12:00:00+00:00,1.75,63.57,v3,12h,SUI,top_pos,/futures/topLongShortPositionRatio/history,2026-04-24T04:05:36.892271+00:00
2025-06-21 00:00:00+00:00,1.92,65.76,v3,12h,SUI,top_pos,/futures/topLongShortPositionRatio/history,2026-04-24T04:05:36.892271+00:00
2025-06-21 12:00:00+00:00,1.8,64.29,v3,12h,SUI,top_pos,/futures/topLongShortPositionRatio/history,2026-04-24T04:05:36.892271+00:00
2025-06-22 00:00:00+00:00,1.96,66.18,v3,12h,SUI,top_pos,/futures/topLongShortPositionRatio/history,2026-04-24T04:05:36.892271+00:00
2025-06-22 12:00:00+00:00,1.95,66.12,v3,12h,SUI,top_pos,/futures/topLongShortPositionRatio/history,2026-04-24T04:05:36.892271+00:00
2025-06-23 00:00:00+00:00,2.03,67.01,v3,12h,SUI,top_pos,/futures/topLongShortPositionRatio/history,2026-04-24T04:05:36.892271+00:00
2025-06-23 12:00:00+00:00,1.99,66.58,v3,12h,SUI,top_pos,/futures/topLongShortPositionRatio/history,2026-04-24T04:05:36.892271+00:00
2025-06-24 00:00:00+00:00,1.73,63.4,v3,12h,SUI,top_pos,/futures/topLongShortPositionRatio/history,2026-04-24T04:05:36.892271+00:00
2025-06-24 12:00:00+00:00,1.79,64.14,v3,12h,SUI,top_pos,/futures/topLongShortPositionRatio/history,2026-04-24T04:05:36.892271+00:00
2025-06-25 00:00:00+00:00,1.88,65.26,v3,12h,SUI,top_pos,/futures/topLongShortPositionRatio/history,2026-04-24T04:05:36.892271+00:00
2025-06-25 12:00:00+00:00,1.87,65.2,v3,12h,SUI,top_pos,/futures/topLongShortPositionRatio/history,2026-04-24T04:05:36.892271+00:00
2025-06-26 00:00:00+00:00,1.89,65.35,v3,12h,SUI,top_pos,/futures/topLongShortPositionRatio/history,2026-04-24T04:05:36.892271+00:00
2025-06-26 12:00:00+00:00,1.89,65.45,v3,12h,SUI,top_pos,/futures/topLongShortPositionRatio/history,2026-04-24T04:05:36.892271+00:00
2025-06-27 00:00:00+00:00,1.96,66.17,v3,12h,SUI,top_pos,/futures/topLongShortPositionRatio/history,2026-04-24T04:05:36.892271+00:00
2025-06-27 12:00:00+00:00,1.86,65.02,v3,12h,SUI,top_pos,/futures/topLongShortPositionRatio/history,2026-04-24T04:05:36.892271+00:00
2025-06-28 00:00:00+00:00,1.86,65.07,v3,12h,SUI,top_pos,/futures/topLongShortPositionRatio/history,2026-04-24T04:05:36.892271+00:00
2025-06-28 12:00:00+00:00,1.94,65.99,v3,12h,SUI,top_pos,/futures/topLongShortPositionRatio/history,2026-04-24T04:05:36.892271+00:00
2025-06-29 00:00:00+00:00,2.0,66.66,v3,12h,SUI,top_pos,/futures/topLongShortPositionRatio/history,2026-04-24T04:05:36.892271+00:00
2025-06-29 12:00:00+00:00,2.02,66.91,v3,12h,SUI,top_pos,/futures/topLongShortPositionRatio/history,2026-04-24T04:05:36.892271+00:00
2025-06-30 00:00:00+00:00,2.19,68.63,v3,12h,SUI,top_pos,/futures/topLongShortPositionRatio/history,2026-04-24T04:05:36.892271+00:00
2025-06-30 12:00:00+00:00,2.21,68.89,v3,12h,SUI,top_pos,/futures/topLongShortPositionRatio/history,2026-04-24T04:05:36.892271+00:00
2025-07-01 00:00:00+00:00,2.27,69.43,v3,12h,SUI,top_pos,/futures/topLongShortPositionRatio/history,2026-04-24T04:05:36.892271+00:00
2025-07-01 12:00:00+00:00,2.11,67.88,v3,12h,SUI,top_pos,/futures/topLongShortPositionRatio/history,2026-04-24T04:05:36.892271+00:00
2025-07-02 00:00:00+00:00,2.03,67.03,v3,12h,SUI,top_pos,/futures/topLongShortPositionRatio/history,2026-04-24T04:05:36.892271+00:00
2025-07-02 12:00:00+00:00,1.91,65.62,v3,12h,SUI,top_pos,/futures/topLongShortPositionRatio/history,2026-04-24T04:05:36.892271+00:00
2025-07-03 00:00:00+00:00,2.24,69.17,v3,12h,SUI,top_pos,/futures/topLongShortPositionRatio/history,2026-04-24T04:05:36.892271+00:00
2025-07-03 12:00:00+00:00,2.25,69.21,v3,12h,SUI,top_pos,/futures/topLongShortPositionRatio/history,2026-04-24T04:05:36.892271+00:00
2025-07-04 00:00:00+00:00,2.29,69.61,v3,12h,SUI,top_pos,/futures/topLongShortPositionRatio/history,2026-04-24T04:05:36.892271+00:00
2025-07-04 12:00:00+00:00,2.28,69.48,v3,12h,SUI,top_pos,/futures/topLongShortPositionRatio/history,2026-04-24T04:05:36.892271+00:00
2025-07-05 00:00:00+00:00,2.26,69.33,v3,12h,SUI,top_pos,/futures/topLongShortPositionRatio/history,2026-04-24T04:05:36.892271+00:00
2025-07-05 12:00:00+00:00,2.22,68.91,v3,12h,SUI,top_pos,/futures/topLongShortPositionRatio/history,2026-04-24T04:05:36.892271+00:00
2025-07-06 00:00:00+00:00,2.26,69.32,v3,12h,SUI,top_pos,/futures/topLongShortPositionRatio/history,2026-04-24T04:05:36.892271+00:00
2025-07-06 12:00:00+00:00,2.24,69.11,v3,12h,SUI,top_pos,/futures/topLongShortPositionRatio/history,2026-04-24T04:05:36.892271+00:00
2025-07-07 00:00:00+00:00,2.32,69.92,v3,12h,SUI,top_pos,/futures/topLongShortPositionRatio/history,2026-04-24T04:05:36.892271+00:00
2025-07-07 12:00:00+00:00,2.25,69.18,v3,12h,SUI,top_pos,/futures/topLongShortPositionRatio/history,2026-04-24T04:05:36.892271+00:00
2025-07-08 00:00:00+00:00,2.36,70.19,v3,12h,SUI,top_pos,/futures/topLongShortPositionRatio/history,2026-04-24T04:05:36.892271+00:00
2025-07-08 12:00:00+00:00,2.33,69.93,v3,12h,SUI,top_pos,/futures/topLongShortPositionRatio/history,2026-04-24T04:05:36.892271+00:00
2025-07-09 00:00:00+00:00,2.4,70.61,v3,12h,SUI,top_pos,/futures/topLongShortPositionRatio/history,2026-04-24T04:05:36.892271+00:00
2025-07-09 12:00:00+00:00,2.24,69.11,v3,12h,SUI,top_pos,/futures/topLongShortPositionRatio/history,2026-04-24T04:05:36.892271+00:00
2025-07-10 00:00:00+00:00,2.27,69.41,v3,12h,SUI,top_pos,/futures/topLongShortPositionRatio/history,2026-04-24T04:05:36.892271+00:00
2025-07-10 12:00:00+00:00,2.2,68.76,v3,12h,SUI,top_pos,/futures/topLongShortPositionRatio/history,2026-04-24T04:05:36.892271+00:00
2025-07-11 00:00:00+00:00,2.31,69.8,v3,12h,SUI,top_pos,/futures/topLongShortPositionRatio/history,2026-04-24T04:05:36.892271+00:00
2025-07-11 12:00:00+00:00,2.23,69.07,v3,12h,SUI,top_pos,/futures/topLongShortPositionRatio/history,2026-04-24T04:05:36.892271+00:00
2025-07-12 00:00:00+00:00,2.43,70.88,v3,12h,SUI,top_pos,/futures/topLongShortPositionRatio/history,2026-04-24T04:05:36.892271+00:00
2025-07-12 12:00:00+00:00,2.28,69.47,v3,12h,SUI,top_pos,/futures/topLongShortPositionRatio/history,2026-04-24T04:05:36.892271+00:00
2025-07-13 00:00:00+00:00,2.47,71.14,v3,12h,SUI,top_pos,/futures/topLongShortPositionRatio/history,2026-04-24T04:05:36.892271+00:00
2025-07-13 12:00:00+00:00,2.26,69.33,v3,12h,SUI,top_pos,/futures/topLongShortPositionRatio/history,2026-04-24T04:05:36.892271+00:00
2025-07-14 00:00:00+00:00,2.39,70.51,v3,12h,SUI,top_pos,/futures/topLongShortPositionRatio/history,2026-04-24T04:05:36.892271+00:00
2025-07-14 12:00:00+00:00,2.3,69.68,v3,12h,SUI,top_pos,/futures/topLongShortPositionRatio/history,2026-04-24T04:05:36.892271+00:00
2025-07-15 00:00:00+00:00,2.48,71.24,v3,12h,SUI,top_pos,/futures/topLongShortPositionRatio/history,2026-04-24T04:05:36.892271+00:00
2025-07-15 12:00:00+00:00,2.5,71.42,v3,12h,SUI,top_pos,/futures/topLongShortPositionRatio/history,2026-04-24T04:05:36.892271+00:00
2025-07-16 00:00:00+00:00,2.62,72.35,v3,12h,SUI,top_pos,/futures/topLongShortPositionRatio/history,2026-04-24T04:05:36.892271+00:00
2025-07-16 12:00:00+00:00,2.5,71.44,v3,12h,SUI,top_pos,/futures/topLongShortPositionRatio/history,2026-04-24T04:05:36.892271+00:00
2025-07-17 00:00:00+00:00,2.55,71.85,v3,12h,SUI,top_pos,/futures/topLongShortPositionRatio/history,2026-04-24T04:05:36.892271+00:00
2025-07-17 12:00:00+00:00,2.65,72.61,v3,12h,SUI,top_pos,/futures/topLongShortPositionRatio/history,2026-04-24T04:05:36.892271+00:00
2025-07-18 00:00:00+00:00,2.83,73.92,v3,12h,SUI,top_pos,/futures/topLongShortPositionRatio/history,2026-04-24T04:05:36.892271+00:00
2025-07-18 12:00:00+00:00,2.52,71.6,v3,12h,SUI,top_pos,/futures/topLongShortPositionRatio/history,2026-04-24T04:05:36.892271+00:00
2025-07-19 00:00:00+00:00,3.24,76.41,v3,12h,SUI,top_pos,/futures/topLongShortPositionRatio/history,2026-04-24T04:05:36.892271+00:00
2025-07-19 12:00:00+00:00,2.68,72.81,v3,12h,SUI,top_pos,/futures/topLongShortPositionRatio/history,2026-04-24T04:05:36.892271+00:00
2025-07-20 00:00:00+00:00,2.62,72.4,v3,12h,SUI,top_pos,/futures/topLongShortPositionRatio/history,2026-04-24T04:05:36.892271+00:00
2025-07-20 12:00:00+00:00,2.5,71.45,v3,12h,SUI,top_pos,/futures/topLongShortPositionRatio/history,2026-04-24T04:05:36.892271+00:00
2025-07-21 00:00:00+00:00,2.79,73.61,v3,12h,SUI,top_pos,/futures/topLongShortPositionRatio/history,2026-04-24T04:05:36.892271+00:00
2025-07-21 12:00:00+00:00,2.92,74.46,v3,12h,SUI,top_pos,/futures/topLongShortPositionRatio/history,2026-04-24T04:05:36.892271+00:00
2025-07-22 00:00:00+00:00,3.15,75.88,v3,12h,SUI,top_pos,/futures/topLongShortPositionRatio/history,2026-04-24T04:05:36.892271+00:00
2025-07-22 12:00:00+00:00,3.03,75.21,v3,12h,SUI,top_pos,/futures/topLongShortPositionRatio/history,2026-04-24T04:05:36.892271+00:00
2025-07-23 00:00:00+00:00,3.02,75.15,v3,12h,SUI,top_pos,/futures/topLongShortPositionRatio/history,2026-04-24T04:05:36.892271+00:00
2025-07-23 12:00:00+00:00,2.97,74.79,v3,12h,SUI,top_pos,/futures/topLongShortPositionRatio/history,2026-04-24T04:05:36.892271+00:00
2025-07-24 00:00:00+00:00,2.9,74.36,v3,12h,SUI,top_pos,/futures/topLongShortPositionRatio/history,2026-04-24T04:05:36.892271+00:00
2025-07-24 12:00:00+00:00,2.81,73.76,v3,12h,SUI,top_pos,/futures/topLongShortPositionRatio/history,2026-04-24T04:05:36.892271+00:00
2025-07-25 00:00:00+00:00,2.68,72.81,v3,12h,SUI,top_pos,/futures/topLongShortPositionRatio/history,2026-04-24T04:05:36.892271+00:00
2025-07-25 12:00:00+00:00,2.62,72.4,v3,12h,SUI,top_pos,/futures/topLongShortPositionRatio/history,2026-04-24T04:05:36.892271+00:00
2025-07-26 00:00:00+00:00,2.74,73.29,v3,12h,SUI,top_pos,/futures/topLongShortPositionRatio/history,2026-04-24T04:05:36.892271+00:00
2025-07-26 12:00:00+00:00,2.64,72.53,v3,12h,SUI,top_pos,/futures/topLongShortPositionRatio/history,2026-04-24T04:05:36.892271+00:00
2025-07-27 00:00:00+00:00,2.75,73.35,v3,12h,SUI,top_pos,/futures/topLongShortPositionRatio/history,2026-04-24T04:05:36.892271+00:00
2025-07-27 12:00:00+00:00,3.0,75.02,v3,12h,SUI,top_pos,/futures/topLongShortPositionRatio/history,2026-04-24T04:05:36.892271+00:00
2025-07-28 00:00:00+00:00,3.02,75.11,v3,12h,SUI,top_pos,/futures/topLongShortPositionRatio/history,2026-04-24T04:05:36.892271+00:00
2025-07-28 12:00:00+00:00,3.29,76.71,v3,12h,SUI,top_pos,/futures/topLongShortPositionRatio/history,2026-04-24T04:05:36.892271+00:00
2025-07-29 00:00:00+00:00,3.22,76.3,v3,12h,SUI,top_pos,/futures/topLongShortPositionRatio/history,2026-04-24T04:05:36.892271+00:00
2025-07-29 12:00:00+00:00,2.97,74.79,v3,12h,SUI,top_pos,/futures/topLongShortPositionRatio/history,2026-04-24T04:05:36.892271+00:00
2025-07-30 00:00:00+00:00,3.02,75.11,v3,12h,SUI,top_pos,/futures/topLongShortPositionRatio/history,2026-04-24T04:05:36.892271+00:00
2025-07-30 12:00:00+00:00,3.1,75.61,v3,12h,SUI,top_pos,/futures/topLongShortPositionRatio/history,2026-04-24T04:05:36.892271+00:00
2025-07-31 00:00:00+00:00,3.11,75.67,v3,12h,SUI,top_pos,/futures/topLongShortPositionRatio/history,2026-04-24T04:05:36.892271+00:00
2025-07-31 12:00:00+00:00,2.8,73.66,v3,12h,SUI,top_pos,/futures/topLongShortPositionRatio/history,2026-04-24T04:05:36.892271+00:00
2025-08-01 00:00:00+00:00,2.95,74.69,v3,12h,SUI,top_pos,/futures/topLongShortPositionRatio/history,2026-04-24T04:05:36.892271+00:00
2025-08-01 12:00:00+00:00,2.67,72.76,v3,12h,SUI,top_pos,/futures/topLongShortPositionRatio/history,2026-04-24T04:05:36.892271+00:00
2025-08-02 00:00:00+00:00,2.52,71.62,v3,12h,SUI,top_pos,/futures/topLongShortPositionRatio/history,2026-04-24T04:05:36.892271+00:00
2025-08-02 12:00:00+00:00,2.48,71.24,v3,12h,SUI,top_pos,/futures/topLongShortPositionRatio/history,2026-04-24T04:05:36.892271+00:00
2025-08-03 00:00:00+00:00,2.57,71.98,v3,12h,SUI,top_pos,/futures/topLongShortPositionRatio/history,2026-04-24T04:05:36.892271+00:00
2025-08-03 12:00:00+00:00,2.3,69.73,v3,12h,SUI,top_pos,/futures/topLongShortPositionRatio/history,2026-04-24T04:05:36.892271+00:00
2025-08-04 00:00:00+00:00,2.27,69.37,v3,12h,SUI,top_pos,/futures/topLongShortPositionRatio/history,2026-04-24T04:05:36.892271+00:00
2025-08-04 12:00:00+00:00,2.34,70.08,v3,12h,SUI,top_pos,/futures/topLongShortPositionRatio/history,2026-04-24T04:05:36.892271+00:00
2025-08-05 00:00:00+00:00,2.26,69.3,v3,12h,SUI,top_pos,/futures/topLongShortPositionRatio/history,2026-04-24T04:05:36.892271+00:00
2025-08-05 12:00:00+00:00,2.29,69.63,v3,12h,SUI,top_pos,/futures/topLongShortPositionRatio/history,2026-04-24T04:05:36.892271+00:00
2025-08-06 00:00:00+00:00,2.23,69.0,v3,12h,SUI,top_pos,/futures/topLongShortPositionRatio/history,2026-04-24T04:05:36.892271+00:00
2025-08-06 12:00:00+00:00,2.21,68.8,v3,12h,SUI,top_pos,/futures/topLongShortPositionRatio/history,2026-04-24T04:05:36.892271+00:00
2025-08-07 00:00:00+00:00,2.16,68.36,v3,12h,SUI,top_pos,/futures/topLongShortPositionRatio/history,2026-04-24T04:05:36.892271+00:00
2025-08-07 12:00:00+00:00,2.75,73.34,v3,12h,SUI,top_pos,/futures/topLongShortPositionRatio/history,2026-04-24T04:05:36.892271+00:00
2025-08-08 00:00:00+00:00,3.0,74.99,v3,12h,SUI,top_pos,/futures/topLongShortPositionRatio/history,2026-04-24T04:05:36.892271+00:00
2025-08-08 12:00:00+00:00,2.82,73.79,v3,12h,SUI,top_pos,/futures/topLongShortPositionRatio/history,2026-04-24T04:05:36.892271+00:00
2025-08-09 00:00:00+00:00,3.12,75.73,v3,12h,SUI,top_pos,/futures/topLongShortPositionRatio/history,2026-04-24T04:05:36.892271+00:00
2025-08-09 12:00:00+00:00,2.78,73.53,v3,12h,SUI,top_pos,/futures/topLongShortPositionRatio/history,2026-04-24T04:05:36.892271+00:00
2025-08-10 00:00:00+00:00,3.06,75.37,v3,12h,SUI,top_pos,/futures/topLongShortPositionRatio/history,2026-04-24T04:05:36.892271+00:00
2025-08-10 12:00:00+00:00,3.38,77.15,v3,12h,SUI,top_pos,/futures/topLongShortPositionRatio/history,2026-04-24T04:05:36.892271+00:00
2025-08-11 00:00:00+00:00,3.41,77.32,v3,12h,SUI,top_pos,/futures/topLongShortPositionRatio/history,2026-04-24T04:05:36.892271+00:00
2025-08-11 12:00:00+00:00,3.02,75.14,v3,12h,SUI,top_pos,/futures/topLongShortPositionRatio/history,2026-04-24T04:05:36.892271+00:00
2025-08-12 00:00:00+00:00,2.8,73.7,v3,12h,SUI,top_pos,/futures/topLongShortPositionRatio/history,2026-04-24T04:05:36.892271+00:00
2025-08-12 12:00:00+00:00,2.71,73.01,v3,12h,SUI,top_pos,/futures/topLongShortPositionRatio/history,2026-04-24T04:05:36.892271+00:00
2025-08-13 00:00:00+00:00,3.19,76.13,v3,12h,SUI,top_pos,/futures/topLongShortPositionRatio/history,2026-04-24T04:05:36.892271+00:00
2025-08-13 12:00:00+00:00,3.14,75.86,v3,12h,SUI,top_pos,/futures/topLongShortPositionRatio/history,2026-04-24T04:05:36.892271+00:00
2025-08-14 00:00:00+00:00,3.29,76.7,v3,12h,SUI,top_pos,/futures/topLongShortPositionRatio/history,2026-04-24T04:05:36.892271+00:00
2025-08-14 12:00:00+00:00,3.31,76.77,v3,12h,SUI,top_pos,/futures/topLongShortPositionRatio/history,2026-04-24T04:05:36.892271+00:00
2025-08-15 00:00:00+00:00,3.26,76.5,v3,12h,SUI,top_pos,/futures/topLongShortPositionRatio/history,2026-04-24T04:05:36.892271+00:00
2025-08-15 12:00:00+00:00,3.05,75.29,v3,12h,SUI,top_pos,/futures/topLongShortPositionRatio/history,2026-04-24T04:05:36.892271+00:00
2025-08-16 00:00:00+00:00,3.03,75.21,v3,12h,SUI,top_pos,/futures/topLongShortPositionRatio/history,2026-04-24T04:05:36.892271+00:00
2025-08-16 12:00:00+00:00,3.13,75.79,v3,12h,SUI,top_pos,/futures/topLongShortPositionRatio/history,2026-04-24T04:05:36.892271+00:00
2025-08-17 00:00:00+00:00,3.07,75.41,v3,12h,SUI,top_pos,/futures/topLongShortPositionRatio/history,2026-04-24T04:05:36.892271+00:00
2025-08-17 12:00:00+00:00,2.88,74.25,v3,12h,SUI,top_pos,/futures/topLongShortPositionRatio/history,2026-04-24T04:05:36.892271+00:00
2025-08-18 00:00:00+00:00,3.27,76.6,v3,12h,SUI,top_pos,/futures/topLongShortPositionRatio/history,2026-04-24T04:05:36.892271+00:00
2025-08-18 12:00:00+00:00,2.96,74.73,v3,12h,SUI,top_pos,/futures/topLongShortPositionRatio/history,2026-04-24T04:05:36.892271+00:00
2025-08-19 00:00:00+00:00,2.83,73.86,v3,12h,SUI,top_pos,/futures/topLongShortPositionRatio/history,2026-04-24T04:05:36.892271+00:00
2025-08-19 12:00:00+00:00,2.59,72.13,v3,12h,SUI,top_pos,/futures/topLongShortPositionRatio/history,2026-04-24T04:05:36.892271+00:00
2025-08-20 00:00:00+00:00,2.88,74.21,v3,12h,SUI,top_pos,/futures/topLongShortPositionRatio/history,2026-04-24T04:05:36.892271+00:00
2025-08-20 12:00:00+00:00,2.46,71.07,v3,12h,SUI,top_pos,/futures/topLongShortPositionRatio/history,2026-04-24T04:05:36.892271+00:00
2025-08-21 00:00:00+00:00,2.67,72.73,v3,12h,SUI,top_pos,/futures/topLongShortPositionRatio/history,2026-04-24T04:05:36.892271+00:00
2025-08-21 12:00:00+00:00,2.73,73.19,v3,12h,SUI,top_pos,/futures/topLongShortPositionRatio/history,2026-04-24T04:05:36.892271+00:00
2025-08-22 00:00:00+00:00,2.54,71.73,v3,12h,SUI,top_pos,/futures/topLongShortPositionRatio/history,2026-04-24T04:05:36.892271+00:00
2025-08-22 12:00:00+00:00,2.21,68.87,v3,12h,SUI,top_pos,/futures/topLongShortPositionRatio/history,2026-04-24T04:05:36.892271+00:00
2025-08-23 00:00:00+00:00,2.48,71.27,v3,12h,SUI,top_pos,/futures/topLongShortPositionRatio/history,2026-04-24T04:05:36.892271+00:00
2025-08-23 12:00:00+00:00,2.88,74.25,v3,12h,SUI,top_pos,/futures/topLongShortPositionRatio/history,2026-04-24T04:05:36.892271+00:00
2025-08-24 00:00:00+00:00,2.83,73.89,v3,12h,SUI,top_pos,/futures/topLongShortPositionRatio/history,2026-04-24T04:05:36.892271+00:00
2025-08-24 12:00:00+00:00,2.79,73.64,v3,12h,SUI,top_pos,/futures/topLongShortPositionRatio/history,2026-04-24T04:05:36.892271+00:00
2025-08-25 00:00:00+00:00,2.82,73.81,v3,12h,SUI,top_pos,/futures/topLongShortPositionRatio/history,2026-04-24T04:05:36.892271+00:00
2025-08-25 12:00:00+00:00,2.62,72.38,v3,12h,SUI,top_pos,/futures/topLongShortPositionRatio/history,2026-04-24T04:05:36.892271+00:00
2025-08-26 00:00:00+00:00,2.34,70.07,v3,12h,SUI,top_pos,/futures/topLongShortPositionRatio/history,2026-04-24T04:05:36.892271+00:00
2025-08-26 12:00:00+00:00,2.07,67.46,v3,12h,SUI,top_pos,/futures/topLongShortPositionRatio/history,2026-04-24T04:05:36.892271+00:00
2025-08-27 00:00:00+00:00,2.21,68.81,v3,12h,SUI,top_pos,/futures/topLongShortPositionRatio/history,2026-04-24T04:05:36.892271+00:00
2025-08-27 12:00:00+00:00,2.24,69.12,v3,12h,SUI,top_pos,/futures/topLongShortPositionRatio/history,2026-04-24T04:05:36.892271+00:00
2025-08-28 00:00:00+00:00,2.4,70.58,v3,12h,SUI,top_pos,/futures/topLongShortPositionRatio/history,2026-04-24T04:05:36.892271+00:00
2025-08-28 12:00:00+00:00,2.47,71.14,v3,12h,SUI,top_pos,/futures/topLongShortPositionRatio/history,2026-04-24T04:05:36.892271+00:00
2025-08-29 00:00:00+00:00,2.52,71.61,v3,12h,SUI,top_pos,/futures/topLongShortPositionRatio/history,2026-04-24T04:05:36.892271+00:00
2025-08-29 12:00:00+00:00,2.27,69.37,v3,12h,SUI,top_pos,/futures/topLongShortPositionRatio/history,2026-04-24T04:05:36.892271+00:00
2025-08-30 00:00:00+00:00,2.36,70.22,v3,12h,SUI,top_pos,/futures/topLongShortPositionRatio/history,2026-04-24T04:05:36.892271+00:00
2025-08-30 12:00:00+00:00,2.36,70.26,v3,12h,SUI,top_pos,/futures/topLongShortPositionRatio/history,2026-04-24T04:05:36.892271+00:00
2025-08-31 00:00:00+00:00,2.3,69.67,v3,12h,SUI,top_pos,/futures/topLongShortPositionRatio/history,2026-04-24T04:05:36.892271+00:00
2025-08-31 12:00:00+00:00,2.41,70.63,v3,12h,SUI,top_pos,/futures/topLongShortPositionRatio/history,2026-04-24T04:05:36.892271+00:00
2025-09-01 00:00:00+00:00,2.36,70.26,v3,12h,SUI,top_pos,/futures/topLongShortPositionRatio/history,2026-04-24T04:05:36.892271+00:00
2025-09-01 12:00:00+00:00,2.32,69.89,v3,12h,SUI,top_pos,/futures/topLongShortPositionRatio/history,2026-04-24T04:05:36.892271+00:00
2025-09-02 00:00:00+00:00,2.42,70.77,v3,12h,SUI,top_pos,/futures/topLongShortPositionRatio/history,2026-04-24T04:05:36.892271+00:00
2025-09-02 12:00:00+00:00,2.58,72.06,v3,12h,SUI,top_pos,/futures/topLongShortPositionRatio/history,2026-04-24T04:05:36.892271+00:00
2025-09-03 00:00:00+00:00,2.63,72.43,v3,12h,SUI,top_pos,/futures/topLongShortPositionRatio/history,2026-04-24T04:05:36.892271+00:00
2025-09-03 12:00:00+00:00,2.69,72.91,v3,12h,SUI,top_pos,/futures/topLongShortPositionRatio/history,2026-04-24T04:05:36.892271+00:00
2025-09-04 00:00:00+00:00,2.63,72.48,v3,12h,SUI,top_pos,/futures/topLongShortPositionRatio/history,2026-04-24T04:05:36.892271+00:00
2025-09-04 12:00:00+00:00,2.81,73.76,v3,12h,SUI,top_pos,/futures/topLongShortPositionRatio/history,2026-04-24T04:05:36.892271+00:00
2025-09-05 00:00:00+00:00,2.77,73.45,v3,12h,SUI,top_pos,/futures/topLongShortPositionRatio/history,2026-04-24T04:05:36.892271+00:00
2025-09-05 12:00:00+00:00,2.68,72.8,v3,12h,SUI,top_pos,/futures/topLongShortPositionRatio/history,2026-04-24T04:05:36.892271+00:00
2025-09-06 00:00:00+00:00,2.79,73.6,v3,12h,SUI,top_pos,/futures/topLongShortPositionRatio/history,2026-04-24T04:05:36.892271+00:00
2025-09-06 12:00:00+00:00,2.83,73.86,v3,12h,SUI,top_pos,/futures/topLongShortPositionRatio/history,2026-04-24T04:05:36.892271+00:00
2025-09-07 00:00:00+00:00,2.82,73.85,v3,12h,SUI,top_pos,/futures/topLongShortPositionRatio/history,2026-04-24T04:05:36.892271+00:00
2025-09-07 12:00:00+00:00,3.0,74.99,v3,12h,SUI,top_pos,/futures/topLongShortPositionRatio/history,2026-04-24T04:05:36.892271+00:00
2025-09-08 00:00:00+00:00,2.97,74.8,v3,12h,SUI,top_pos,/futures/topLongShortPositionRatio/history,2026-04-24T04:05:36.892271+00:00
2025-09-08 12:00:00+00:00,2.86,74.06,v3,12h,SUI,top_pos,/futures/topLongShortPositionRatio/history,2026-04-24T04:05:36.892271+00:00
2025-09-09 00:00:00+00:00,2.81,73.77,v3,12h,SUI,top_pos,/futures/topLongShortPositionRatio/history,2026-04-24T04:05:36.892271+00:00
2025-09-09 12:00:00+00:00,2.89,74.3,v3,12h,SUI,top_pos,/futures/topLongShortPositionRatio/history,2026-04-24T04:05:36.892271+00:00
2025-09-10 00:00:00+00:00,2.72,73.15,v3,12h,SUI,top_pos,/futures/topLongShortPositionRatio/history,2026-04-24T04:05:36.892271+00:00
2025-09-10 12:00:00+00:00,2.92,74.46,v3,12h,SUI,top_pos,/futures/topLongShortPositionRatio/history,2026-04-24T04:05:36.892271+00:00
2025-09-11 00:00:00+00:00,2.82,73.84,v3,12h,SUI,top_pos,/futures/topLongShortPositionRatio/history,2026-04-24T04:05:36.892271+00:00
2025-09-11 12:00:00+00:00,2.86,74.08,v3,12h,SUI,top_pos,/futures/topLongShortPositionRatio/history,2026-04-24T04:05:36.892271+00:00
2025-09-12 00:00:00+00:00,2.85,74.05,v3,12h,SUI,top_pos,/futures/topLongShortPositionRatio/history,2026-04-24T04:05:36.892271+00:00
2025-09-12 12:00:00+00:00,2.92,74.5,v3,12h,SUI,top_pos,/futures/topLongShortPositionRatio/history,2026-04-24T04:05:36.892271+00:00
2025-09-13 00:00:00+00:00,2.9,74.33,v3,12h,SUI,top_pos,/futures/topLongShortPositionRatio/history,2026-04-24T04:05:36.892271+00:00
2025-09-13 12:00:00+00:00,2.93,74.56,v3,12h,SUI,top_pos,/futures/topLongShortPositionRatio/history,2026-04-24T04:05:36.892271+00:00
2025-09-14 00:00:00+00:00,3.1,75.62,v3,12h,SUI,top_pos,/futures/topLongShortPositionRatio/history,2026-04-24T04:05:36.892271+00:00
2025-09-14 12:00:00+00:00,3.0,74.99,v3,12h,SUI,top_pos,/futures/topLongShortPositionRatio/history,2026-04-24T04:05:36.892271+00:00
2025-09-15 00:00:00+00:00,3.2,76.19,v3,12h,SUI,top_pos,/futures/topLongShortPositionRatio/history,2026-04-24T04:05:36.892271+00:00
2025-09-15 12:00:00+00:00,3.08,75.46,v3,12h,SUI,top_pos,/futures/topLongShortPositionRatio/history,2026-04-24T04:05:36.892271+00:00
2025-09-16 00:00:00+00:00,2.91,74.42,v3,12h,SUI,top_pos,/futures/topLongShortPositionRatio/history,2026-04-24T04:05:36.892271+00:00
2025-09-16 12:00:00+00:00,3.0,74.97,v3,12h,SUI,top_pos,/futures/topLongShortPositionRatio/history,2026-04-24T04:05:36.892271+00:00
2025-09-17 00:00:00+00:00,3.23,76.37,v3,12h,SUI,top_pos,/futures/topLongShortPositionRatio/history,2026-04-24T04:05:36.892271+00:00
2025-09-17 12:00:00+00:00,3.24,76.41,v3,12h,SUI,top_pos,/futures/topLongShortPositionRatio/history,2026-04-24T04:05:36.892271+00:00
2025-09-18 00:00:00+00:00,3.51,77.83,v3,12h,SUI,top_pos,/futures/topLongShortPositionRatio/history,2026-04-24T04:05:36.892271+00:00
2025-09-18 12:00:00+00:00,3.48,77.68,v3,12h,SUI,top_pos,/futures/topLongShortPositionRatio/history,2026-04-24T04:05:36.892271+00:00
2025-09-19 00:00:00+00:00,3.91,79.63,v3,12h,SUI,top_pos,/futures/topLongShortPositionRatio/history,2026-04-24T04:05:36.892271+00:00
2025-09-19 12:00:00+00:00,3.99,79.95,v3,12h,SUI,top_pos,/futures/topLongShortPositionRatio/history,2026-04-24T04:05:36.892271+00:00
2025-09-20 00:00:00+00:00,3.7,78.74,v3,12h,SUI,top_pos,/futures/topLongShortPositionRatio/history,2026-04-24T04:05:36.892271+00:00
2025-09-20 12:00:00+00:00,3.27,76.59,v3,12h,SUI,top_pos,/futures/topLongShortPositionRatio/history,2026-04-24T04:05:36.892271+00:00
2025-09-21 00:00:00+00:00,3.11,75.65,v3,12h,SUI,top_pos,/futures/topLongShortPositionRatio/history,2026-04-24T04:05:36.892271+00:00
2025-09-21 12:00:00+00:00,3.21,76.24,v3,12h,SUI,top_pos,/futures/topLongShortPositionRatio/history,2026-04-24T04:05:36.892271+00:00
2025-09-22 00:00:00+00:00,3.42,77.37,v3,12h,SUI,top_pos,/futures/topLongShortPositionRatio/history,2026-04-24T04:05:36.892271+00:00
2025-09-22 12:00:00+00:00,2.98,74.89,v3,12h,SUI,top_pos,/futures/topLongShortPositionRatio/history,2026-04-24T04:05:36.892271+00:00
2025-09-23 00:00:00+00:00,2.79,73.64,v3,12h,SUI,top_pos,/futures/topLongShortPositionRatio/history,2026-04-24T04:05:36.892271+00:00
2025-09-23 12:00:00+00:00,2.6,72.24,v3,12h,SUI,top_pos,/futures/topLongShortPositionRatio/history,2026-04-24T04:05:36.892271+00:00
2025-09-24 00:00:00+00:00,2.82,73.84,v3,12h,SUI,top_pos,/futures/topLongShortPositionRatio/history,2026-04-24T04:05:36.892271+00:00
2025-09-24 12:00:00+00:00,2.88,74.22,v3,12h,SUI,top_pos,/futures/topLongShortPositionRatio/history,2026-04-24T04:05:36.892271+00:00
2025-09-25 00:00:00+00:00,3.01,75.08,v3,12h,SUI,top_pos,/futures/topLongShortPositionRatio/history,2026-04-24T04:05:36.892271+00:00
2025-09-25 12:00:00+00:00,2.78,73.54,v3,12h,SUI,top_pos,/futures/topLongShortPositionRatio/history,2026-04-24T04:05:36.892271+00:00
2025-09-26 00:00:00+00:00,3.17,76.03,v3,12h,SUI,top_pos,/futures/topLongShortPositionRatio/history,2026-04-24T04:05:36.892271+00:00
2025-09-26 12:00:00+00:00,2.86,74.08,v3,12h,SUI,top_pos,/futures/topLongShortPositionRatio/history,2026-04-24T04:05:36.892271+00:00
2025-09-27 00:00:00+00:00,2.61,72.32,v3,12h,SUI,top_pos,/futures/topLongShortPositionRatio/history,2026-04-24T04:05:36.892271+00:00
2025-09-27 12:00:00+00:00,2.78,73.53,v3,12h,SUI,top_pos,/futures/topLongShortPositionRatio/history,2026-04-24T04:05:36.892271+00:00
2025-09-28 00:00:00+00:00,3.09,75.54,v3,12h,SUI,top_pos,/futures/topLongShortPositionRatio/history,2026-04-24T04:05:36.892271+00:00
2025-09-28 12:00:00+00:00,2.94,74.61,v3,12h,SUI,top_pos,/futures/topLongShortPositionRatio/history,2026-04-24T04:05:36.892271+00:00
2025-09-29 00:00:00+00:00,2.76,73.39,v3,12h,SUI,top_pos,/futures/topLongShortPositionRatio/history,2026-04-24T04:05:36.892271+00:00
2025-09-29 12:00:00+00:00,2.7,72.99,v3,12h,SUI,top_pos,/futures/topLongShortPositionRatio/history,2026-04-24T04:05:36.892271+00:00
2025-09-30 00:00:00+00:00,2.79,73.63,v3,12h,SUI,top_pos,/futures/topLongShortPositionRatio/history,2026-04-24T04:05:36.892271+00:00
2025-09-30 12:00:00+00:00,2.58,72.03,v3,12h,SUI,top_pos,/futures/topLongShortPositionRatio/history,2026-04-24T04:05:36.892271+00:00
2025-10-01 00:00:00+00:00,2.63,72.47,v3,12h,SUI,top_pos,/futures/topLongShortPositionRatio/history,2026-04-24T04:05:36.892271+00:00
2025-10-01 12:00:00+00:00,2.7,72.99,v3,12h,SUI,top_pos,/futures/topLongShortPositionRatio/history,2026-04-24T04:05:36.892271+00:00
2025-10-02 00:00:00+00:00,2.59,72.15,v3,12h,SUI,top_pos,/futures/topLongShortPositionRatio/history,2026-04-24T04:05:36.892271+00:00
2025-10-02 12:00:00+00:00,2.53,71.68,v3,12h,SUI,top_pos,/futures/topLongShortPositionRatio/history,2026-04-24T04:05:36.892271+00:00
2025-10-03 00:00:00+00:00,2.58,72.05,v3,12h,SUI,top_pos,/futures/topLongShortPositionRatio/history,2026-04-24T04:05:36.892271+00:00
2025-10-03 12:00:00+00:00,2.53,71.64,v3,12h,SUI,top_pos,/futures/topLongShortPositionRatio/history,2026-04-24T04:05:36.892271+00:00
2025-10-04 00:00:00+00:00,2.54,71.72,v3,12h,SUI,top_pos,/futures/topLongShortPositionRatio/history,2026-04-24T04:05:36.892271+00:00
2025-10-04 12:00:00+00:00,2.51,71.47,v3,12h,SUI,top_pos,/futures/topLongShortPositionRatio/history,2026-04-24T04:05:36.892271+00:00
2025-10-05 00:00:00+00:00,2.6,72.18,v3,12h,SUI,top_pos,/futures/topLongShortPositionRatio/history,2026-04-24T04:05:36.892271+00:00
2025-10-05 12:00:00+00:00,2.43,70.84,v3,12h,SUI,top_pos,/futures/topLongShortPositionRatio/history,2026-04-24T04:05:36.892271+00:00
2025-10-06 00:00:00+00:00,2.22,68.95,v3,12h,SUI,top_pos,/futures/topLongShortPositionRatio/history,2026-04-24T04:05:36.892271+00:00
2025-10-06 12:00:00+00:00,2.17,68.44,v3,12h,SUI,top_pos,/futures/topLongShortPositionRatio/history,2026-04-24T04:05:36.892271+00:00
2025-10-07 00:00:00+00:00,2.36,70.24,v3,12h,SUI,top_pos,/futures/topLongShortPositionRatio/history,2026-04-24T04:05:36.892271+00:00
2025-10-07 12:00:00+00:00,2.27,69.37,v3,12h,SUI,top_pos,/futures/topLongShortPositionRatio/history,2026-04-24T04:05:36.892271+00:00
2025-10-08 00:00:00+00:00,2.37,70.31,v3,12h,SUI,top_pos,/futures/topLongShortPositionRatio/history,2026-04-24T04:05:36.892271+00:00
2025-10-08 12:00:00+00:00,2.27,69.44,v3,12h,SUI,top_pos,/futures/topLongShortPositionRatio/history,2026-04-24T04:05:36.892271+00:00
2025-10-09 00:00:00+00:00,2.5,71.43,v3,12h,SUI,top_pos,/futures/topLongShortPositionRatio/history,2026-04-24T04:05:36.892271+00:00
2025-10-09 12:00:00+00:00,2.66,72.64,v3,12h,SUI,top_pos,/futures/topLongShortPositionRatio/history,2026-04-24T04:05:36.892271+00:00
2025-10-10 00:00:00+00:00,2.74,73.26,v3,12h,SUI,top_pos,/futures/topLongShortPositionRatio/history,2026-04-24T04:05:36.892271+00:00
2025-10-10 12:00:00+00:00,2.64,72.51,v3,12h,SUI,top_pos,/futures/topLongShortPositionRatio/history,2026-04-24T04:05:36.892271+00:00
2025-10-11 00:00:00+00:00,1.33,57.13,v3,12h,SUI,top_pos,/futures/topLongShortPositionRatio/history,2026-04-24T04:05:36.892271+00:00
2025-10-11 12:00:00+00:00,1.8,64.34,v3,12h,SUI,top_pos,/futures/topLongShortPositionRatio/history,2026-04-24T04:05:36.892271+00:00
2025-10-12 00:00:00+00:00,2.17,68.4,v3,12h,SUI,top_pos,/futures/topLongShortPositionRatio/history,2026-04-24T04:05:36.892271+00:00
2025-10-12 12:00:00+00:00,2.29,69.64,v3,12h,SUI,top_pos,/futures/topLongShortPositionRatio/history,2026-04-24T04:05:36.892271+00:00
2025-10-13 00:00:00+00:00,1.85,64.91,v3,12h,SUI,top_pos,/futures/topLongShortPositionRatio/history,2026-04-24T04:05:36.892271+00:00
2025-10-13 12:00:00+00:00,1.87,65.09,v3,12h,SUI,top_pos,/futures/topLongShortPositionRatio/history,2026-04-24T04:05:36.892271+00:00
2025-10-14 00:00:00+00:00,1.9,65.57,v3,12h,SUI,top_pos,/futures/topLongShortPositionRatio/history,2026-04-24T04:05:36.892271+00:00
2025-10-14 12:00:00+00:00,2.16,68.37,v3,12h,SUI,top_pos,/futures/topLongShortPositionRatio/history,2026-04-24T04:05:36.892271+00:00
2025-10-15 00:00:00+00:00,2.11,67.81,v3,12h,SUI,top_pos,/futures/topLongShortPositionRatio/history,2026-04-24T04:05:36.892271+00:00
2025-10-15 12:00:00+00:00,2.0,66.71,v3,12h,SUI,top_pos,/futures/topLongShortPositionRatio/history,2026-04-24T04:05:36.892271+00:00
2025-10-16 00:00:00+00:00,2.23,69.05,v3,12h,SUI,top_pos,/futures/topLongShortPositionRatio/history,2026-04-24T04:05:36.892271+00:00
2025-10-16 12:00:00+00:00,2.19,68.65,v3,12h,SUI,top_pos,/futures/topLongShortPositionRatio/history,2026-04-24T04:05:36.892271+00:00
2025-10-17 00:00:00+00:00,2.32,69.91,v3,12h,SUI,top_pos,/futures/topLongShortPositionRatio/history,2026-04-24T04:05:36.892271+00:00
2025-10-17 12:00:00+00:00,2.2,68.76,v3,12h,SUI,top_pos,/futures/topLongShortPositionRatio/history,2026-04-24T04:05:36.892271+00:00
2025-10-18 00:00:00+00:00,2.05,67.23,v3,12h,SUI,top_pos,/futures/topLongShortPositionRatio/history,2026-04-24T04:05:36.892271+00:00
2025-10-18 12:00:00+00:00,2.04,67.05,v3,12h,SUI,top_pos,/futures/topLongShortPositionRatio/history,2026-04-24T04:05:36.892271+00:00
2025-10-19 00:00:00+00:00,2.0,66.63,v3,12h,SUI,top_pos,/futures/topLongShortPositionRatio/history,2026-04-24T04:05:36.892271+00:00
2025-10-19 12:00:00+00:00,2.44,70.94,v3,12h,SUI,top_pos,/futures/topLongShortPositionRatio/history,2026-04-24T04:05:36.892271+00:00
2025-10-20 00:00:00+00:00,2.52,71.61,v3,12h,SUI,top_pos,/futures/topLongShortPositionRatio/history,2026-04-24T04:05:36.892271+00:00
2025-10-20 12:00:00+00:00,2.4,70.55,v3,12h,SUI,top_pos,/futures/topLongShortPositionRatio/history,2026-04-24T04:05:36.892271+00:00
2025-10-21 00:00:00+00:00,2.45,71.02,v3,12h,SUI,top_pos,/futures/topLongShortPositionRatio/history,2026-04-24T04:05:36.892271+00:00
2025-10-21 12:00:00+00:00,2.34,70.08,v3,12h,SUI,top_pos,/futures/topLongShortPositionRatio/history,2026-04-24T04:05:36.892271+00:00
2025-10-22 00:00:00+00:00,2.44,70.92,v3,12h,SUI,top_pos,/futures/topLongShortPositionRatio/history,2026-04-24T04:05:36.892271+00:00
2025-10-22 12:00:00+00:00,1.67,62.55,v3,12h,SUI,top_pos,/futures/topLongShortPositionRatio/history,2026-04-24T04:05:36.892271+00:00
2025-10-23 00:00:00+00:00,2.27,69.42,v3,12h,SUI,top_pos,/futures/topLongShortPositionRatio/history,2026-04-24T04:05:36.892271+00:00
2025-10-23 12:00:00+00:00,2.02,66.86,v3,12h,SUI,top_pos,/futures/topLongShortPositionRatio/history,2026-04-24T04:05:36.892271+00:00
2025-10-24 00:00:00+00:00,2.38,70.42,v3,12h,SUI,top_pos,/futures/topLongShortPositionRatio/history,2026-04-24T04:05:36.892271+00:00
2025-10-24 12:00:00+00:00,2.44,70.93,v3,12h,SUI,top_pos,/futures/topLongShortPositionRatio/history,2026-04-24T04:05:36.892271+00:00
2025-10-25 00:00:00+00:00,2.68,72.85,v3,12h,SUI,top_pos,/futures/topLongShortPositionRatio/history,2026-04-24T04:05:36.892271+00:00
2025-10-25 12:00:00+00:00,2.5,71.39,v3,12h,SUI,top_pos,/futures/topLongShortPositionRatio/history,2026-04-24T04:05:36.892271+00:00
2025-10-26 00:00:00+00:00,2.56,71.92,v3,12h,SUI,top_pos,/futures/topLongShortPositionRatio/history,2026-04-24T04:05:36.892271+00:00
2025-10-26 12:00:00+00:00,2.62,72.39,v3,12h,SUI,top_pos,/futures/topLongShortPositionRatio/history,2026-04-24T04:05:36.892271+00:00
2025-10-27 00:00:00+00:00,2.89,74.28,v3,12h,SUI,top_pos,/futures/topLongShortPositionRatio/history,2026-04-24T04:05:36.892271+00:00
2025-10-27 12:00:00+00:00,2.53,71.67,v3,12h,SUI,top_pos,/futures/topLongShortPositionRatio/history,2026-04-24T04:05:36.892271+00:00
2025-10-28 00:00:00+00:00,2.5,71.43,v3,12h,SUI,top_pos,/futures/topLongShortPositionRatio/history,2026-04-24T04:05:36.892271+00:00
2025-10-28 12:00:00+00:00,2.69,72.88,v3,12h,SUI,top_pos,/futures/topLongShortPositionRatio/history,2026-04-24T04:05:36.892271+00:00
2025-10-29 00:00:00+00:00,2.42,70.76,v3,12h,SUI,top_pos,/futures/topLongShortPositionRatio/history,2026-04-24T04:05:36.892271+00:00
2025-10-29 12:00:00+00:00,2.27,69.37,v3,12h,SUI,top_pos,/futures/topLongShortPositionRatio/history,2026-04-24T04:05:36.892271+00:00
2025-10-30 00:00:00+00:00,2.98,74.9,v3,12h,SUI,top_pos,/futures/topLongShortPositionRatio/history,2026-04-24T04:05:36.892271+00:00
2025-10-30 12:00:00+00:00,2.32,69.91,v3,12h,SUI,top_pos,/futures/topLongShortPositionRatio/history,2026-04-24T04:05:36.892271+00:00
2025-10-31 00:00:00+00:00,1.8,64.22,v3,12h,SUI,top_pos,/futures/topLongShortPositionRatio/history,2026-04-24T04:05:36.892271+00:00
2025-10-31 12:00:00+00:00,1.87,65.1,v3,12h,SUI,top_pos,/futures/topLongShortPositionRatio/history,2026-04-24T04:05:36.892271+00:00
2025-11-01 00:00:00+00:00,2.24,69.13,v3,12h,SUI,top_pos,/futures/topLongShortPositionRatio/history,2026-04-24T04:05:36.892271+00:00
2025-11-01 12:00:00+00:00,2.27,69.42,v3,12h,SUI,top_pos,/futures/topLongShortPositionRatio/history,2026-04-24T04:05:36.892271+00:00
2025-11-02 00:00:00+00:00,2.27,69.46,v3,12h,SUI,top_pos,/futures/topLongShortPositionRatio/history,2026-04-24T04:05:36.892271+00:00
2025-11-02 12:00:00+00:00,2.21,68.83,v3,12h,SUI,top_pos,/futures/topLongShortPositionRatio/history,2026-04-24T04:05:36.892271+00:00
2025-11-03 00:00:00+00:00,2.27,69.38,v3,12h,SUI,top_pos,/futures/topLongShortPositionRatio/history,2026-04-24T04:05:36.892271+00:00
2025-11-03 12:00:00+00:00,2.06,67.27,v3,12h,SUI,top_pos,/futures/topLongShortPositionRatio/history,2026-04-24T04:05:36.892271+00:00
2025-11-04 00:00:00+00:00,2.28,69.47,v3,12h,SUI,top_pos,/futures/topLongShortPositionRatio/history,2026-04-24T04:05:36.892271+00:00
2025-11-04 12:00:00+00:00,2.28,69.49,v3,12h,SUI,top_pos,/futures/topLongShortPositionRatio/history,2026-04-24T04:05:36.892271+00:00
2025-11-05 00:00:00+00:00,2.45,71.05,v3,12h,SUI,top_pos,/futures/topLongShortPositionRatio/history,2026-04-24T04:05:36.892271+00:00
2025-11-05 12:00:00+00:00,2.1,67.74,v3,12h,SUI,top_pos,/futures/topLongShortPositionRatio/history,2026-04-24T04:05:36.892271+00:00
2025-11-06 00:00:00+00:00,1.76,63.73,v3,12h,SUI,top_pos,/futures/topLongShortPositionRatio/history,2026-04-24T04:05:36.892271+00:00
2025-11-06 12:00:00+00:00,2.07,67.43,v3,12h,SUI,top_pos,/futures/topLongShortPositionRatio/history,2026-04-24T04:05:36.892271+00:00
2025-11-07 00:00:00+00:00,2.23,68.99,v3,12h,SUI,top_pos,/futures/topLongShortPositionRatio/history,2026-04-24T04:05:36.892271+00:00
2025-11-07 12:00:00+00:00,2.34,70.1,v3,12h,SUI,top_pos,/futures/topLongShortPositionRatio/history,2026-04-24T04:05:36.892271+00:00
2025-11-08 00:00:00+00:00,1.89,65.39,v3,12h,SUI,top_pos,/futures/topLongShortPositionRatio/history,2026-04-24T04:05:36.892271+00:00
2025-11-08 12:00:00+00:00,2.21,68.83,v3,12h,SUI,top_pos,/futures/topLongShortPositionRatio/history,2026-04-24T04:05:36.892271+00:00
2025-11-09 00:00:00+00:00,2.24,69.15,v3,12h,SUI,top_pos,/futures/topLongShortPositionRatio/history,2026-04-24T04:05:36.892271+00:00
2025-11-09 12:00:00+00:00,2.31,69.79,v3,12h,SUI,top_pos,/futures/topLongShortPositionRatio/history,2026-04-24T04:05:36.892271+00:00
2025-11-10 00:00:00+00:00,2.12,67.96,v3,12h,SUI,top_pos,/futures/topLongShortPositionRatio/history,2026-04-24T04:05:36.892271+00:00
2025-11-10 12:00:00+00:00,1.91,65.61,v3,12h,SUI,top_pos,/futures/topLongShortPositionRatio/history,2026-04-24T04:05:36.892271+00:00
2025-11-11 00:00:00+00:00,1.96,66.17,v3,12h,SUI,top_pos,/futures/topLongShortPositionRatio/history,2026-04-24T04:05:36.892271+00:00
2025-11-11 12:00:00+00:00,1.79,64.1,v3,12h,SUI,top_pos,/futures/topLongShortPositionRatio/history,2026-04-24T04:05:36.892271+00:00
2025-11-12 00:00:00+00:00,2.06,67.28,v3,12h,SUI,top_pos,/futures/topLongShortPositionRatio/history,2026-04-24T04:05:36.892271+00:00
2025-11-12 12:00:00+00:00,2.03,67.0,v3,12h,SUI,top_pos,/futures/topLongShortPositionRatio/history,2026-04-24T04:05:36.892271+00:00
2025-11-13 00:00:00+00:00,2.08,67.54,v3,12h,SUI,top_pos,/futures/topLongShortPositionRatio/history,2026-04-24T04:05:36.892271+00:00
2025-11-13 12:00:00+00:00,2.03,67.01,v3,12h,SUI,top_pos,/futures/topLongShortPositionRatio/history,2026-04-24T04:05:36.892271+00:00
2025-11-14 00:00:00+00:00,1.76,63.72,v3,12h,SUI,top_pos,/futures/topLongShortPositionRatio/history,2026-04-24T04:05:36.892271+00:00
2025-11-14 12:00:00+00:00,1.92,65.72,v3,12h,SUI,top_pos,/futures/topLongShortPositionRatio/history,2026-04-24T04:05:36.892271+00:00
2025-11-15 00:00:00+00:00,1.86,64.98,v3,12h,SUI,top_pos,/futures/topLongShortPositionRatio/history,2026-04-24T04:05:36.892271+00:00
2025-11-15 12:00:00+00:00,1.95,66.1,v3,12h,SUI,top_pos,/futures/topLongShortPositionRatio/history,2026-04-24T04:05:36.892271+00:00
2025-11-16 00:00:00+00:00,1.99,66.53,v3,12h,SUI,top_pos,/futures/topLongShortPositionRatio/history,2026-04-24T04:05:36.892271+00:00
2025-11-16 12:00:00+00:00,1.87,65.14,v3,12h,SUI,top_pos,/futures/topLongShortPositionRatio/history,2026-04-24T04:05:36.892271+00:00
2025-11-17 00:00:00+00:00,1.95,66.11,v3,12h,SUI,top_pos,/futures/topLongShortPositionRatio/history,2026-04-24T04:05:36.892271+00:00
2025-11-17 12:00:00+00:00,2.22,68.9,v3,12h,SUI,top_pos,/futures/topLongShortPositionRatio/history,2026-04-24T04:05:36.892271+00:00
2025-11-18 00:00:00+00:00,1.98,66.44,v3,12h,SUI,top_pos,/futures/topLongShortPositionRatio/history,2026-04-24T04:05:36.892271+00:00
2025-11-18 12:00:00+00:00,1.98,66.42,v3,12h,SUI,top_pos,/futures/topLongShortPositionRatio/history,2026-04-24T04:05:36.892271+00:00
2025-11-19 00:00:00+00:00,1.82,64.57,v3,12h,SUI,top_pos,/futures/topLongShortPositionRatio/history,2026-04-24T04:05:36.892271+00:00
2025-11-19 12:00:00+00:00,1.93,65.88,v3,12h,SUI,top_pos,/futures/topLongShortPositionRatio/history,2026-04-24T04:05:36.892271+00:00
2025-11-20 00:00:00+00:00,1.78,64.01,v3,12h,SUI,top_pos,/futures/topLongShortPositionRatio/history,2026-04-24T04:05:36.892271+00:00
2025-11-20 12:00:00+00:00,1.66,62.33,v3,12h,SUI,top_pos,/futures/topLongShortPositionRatio/history,2026-04-24T04:05:36.892271+00:00
2025-11-21 00:00:00+00:00,1.6,61.6,v3,12h,SUI,top_pos,/futures/topLongShortPositionRatio/history,2026-04-24T04:05:36.892271+00:00
2025-11-21 12:00:00+00:00,1.73,63.4,v3,12h,SUI,top_pos,/futures/topLongShortPositionRatio/history,2026-04-24T04:05:36.892271+00:00
2025-11-22 00:00:00+00:00,1.73,63.31,v3,12h,SUI,top_pos,/futures/topLongShortPositionRatio/history,2026-04-24T04:05:36.892271+00:00
2025-11-22 12:00:00+00:00,1.78,64.04,v3,12h,SUI,top_pos,/futures/topLongShortPositionRatio/history,2026-04-24T04:05:36.892271+00:00
2025-11-23 00:00:00+00:00,1.67,62.57,v3,12h,SUI,top_pos,/futures/topLongShortPositionRatio/history,2026-04-24T04:05:36.892271+00:00
2025-11-23 12:00:00+00:00,1.65,62.28,v3,12h,SUI,top_pos,/futures/topLongShortPositionRatio/history,2026-04-24T04:05:36.892271+00:00
2025-11-24 00:00:00+00:00,1.5,60.0,v3,12h,SUI,top_pos,/futures/topLongShortPositionRatio/history,2026-04-24T04:05:36.892271+00:00
2025-11-24 12:00:00+00:00,1.64,62.1,v3,12h,SUI,top_pos,/futures/topLongShortPositionRatio/history,2026-04-24T04:05:36.892271+00:00
2025-11-25 00:00:00+00:00,1.52,60.37,v3,12h,SUI,top_pos,/futures/topLongShortPositionRatio/history,2026-04-24T04:05:36.892271+00:00
2025-11-25 12:00:00+00:00,1.55,60.85,v3,12h,SUI,top_pos,/futures/topLongShortPositionRatio/history,2026-04-24T04:05:36.892271+00:00
2025-11-26 00:00:00+00:00,1.78,64.05,v3,12h,SUI,top_pos,/futures/topLongShortPositionRatio/history,2026-04-24T04:05:36.892271+00:00
2025-11-26 12:00:00+00:00,1.8,64.22,v3,12h,SUI,top_pos,/futures/topLongShortPositionRatio/history,2026-04-24T04:05:36.892271+00:00
2025-11-27 00:00:00+00:00,1.74,63.49,v3,12h,SUI,top_pos,/futures/topLongShortPositionRatio/history,2026-04-24T04:05:36.892271+00:00
2025-11-27 12:00:00+00:00,1.75,63.62,v3,12h,SUI,top_pos,/futures/topLongShortPositionRatio/history,2026-04-24T04:05:36.892271+00:00
2025-11-28 00:00:00+00:00,1.61,61.62,v3,12h,SUI,top_pos,/futures/topLongShortPositionRatio/history,2026-04-24T04:05:36.892271+00:00
2025-11-28 12:00:00+00:00,1.64,62.07,v3,12h,SUI,top_pos,/futures/topLongShortPositionRatio/history,2026-04-24T04:05:36.892271+00:00
2025-11-29 00:00:00+00:00,1.54,60.64,v3,12h,SUI,top_pos,/futures/topLongShortPositionRatio/history,2026-04-24T04:05:36.892271+00:00
2025-11-29 12:00:00+00:00,1.59,61.33,v3,12h,SUI,top_pos,/futures/topLongShortPositionRatio/history,2026-04-24T04:05:36.892271+00:00
2025-11-30 00:00:00+00:00,1.59,61.45,v3,12h,SUI,top_pos,/futures/topLongShortPositionRatio/history,2026-04-24T04:05:36.892271+00:00
2025-11-30 12:00:00+00:00,1.41,58.44,v3,12h,SUI,top_pos,/futures/topLongShortPositionRatio/history,2026-04-24T04:05:36.892271+00:00
2025-12-01 00:00:00+00:00,1.39,58.16,v3,12h,SUI,top_pos,/futures/topLongShortPositionRatio/history,2026-04-24T04:05:36.892271+00:00
2025-12-01 12:00:00+00:00,1.16,53.78,v3,12h,SUI,top_pos,/futures/topLongShortPositionRatio/history,2026-04-24T04:05:36.892271+00:00
2025-12-02 00:00:00+00:00,1.3,56.49,v3,12h,SUI,top_pos,/futures/topLongShortPositionRatio/history,2026-04-24T04:05:36.892271+00:00
2025-12-02 12:00:00+00:00,1.25,55.62,v3,12h,SUI,top_pos,/futures/topLongShortPositionRatio/history,2026-04-24T04:05:36.892271+00:00
2025-12-03 00:00:00+00:00,1.46,59.33,v3,12h,SUI,top_pos,/futures/topLongShortPositionRatio/history,2026-04-24T04:05:36.892271+00:00
2025-12-03 12:00:00+00:00,1.69,62.88,v3,12h,SUI,top_pos,/futures/topLongShortPositionRatio/history,2026-04-24T04:05:36.892271+00:00
2025-12-04 00:00:00+00:00,1.8,64.26,v3,12h,SUI,top_pos,/futures/topLongShortPositionRatio/history,2026-04-24T04:05:36.892271+00:00
2025-12-04 12:00:00+00:00,1.93,65.9,v3,12h,SUI,top_pos,/futures/topLongShortPositionRatio/history,2026-04-24T04:05:36.892271+00:00
2025-12-05 00:00:00+00:00,1.97,66.31,v3,12h,SUI,top_pos,/futures/topLongShortPositionRatio/history,2026-04-24T04:05:36.892271+00:00
2025-12-05 12:00:00+00:00,1.95,66.07,v3,12h,SUI,top_pos,/futures/topLongShortPositionRatio/history,2026-04-24T04:05:36.892271+00:00
2025-12-06 00:00:00+00:00,1.95,66.05,v3,12h,SUI,top_pos,/futures/topLongShortPositionRatio/history,2026-04-24T04:05:36.892271+00:00
2025-12-06 12:00:00+00:00,1.82,64.53,v3,12h,SUI,top_pos,/futures/topLongShortPositionRatio/history,2026-04-24T04:05:36.892271+00:00
2025-12-07 00:00:00+00:00,1.74,63.5,v3,12h,SUI,top_pos,/futures/topLongShortPositionRatio/history,2026-04-24T04:05:36.892271+00:00
2025-12-07 12:00:00+00:00,1.75,63.61,v3,12h,SUI,top_pos,/futures/topLongShortPositionRatio/history,2026-04-24T04:05:36.892271+00:00
2025-12-08 00:00:00+00:00,1.73,63.3,v3,12h,SUI,top_pos,/futures/topLongShortPositionRatio/history,2026-04-24T04:05:36.892271+00:00
2025-12-08 12:00:00+00:00,1.64,62.13,v3,12h,SUI,top_pos,/futures/topLongShortPositionRatio/history,2026-04-24T04:05:36.892271+00:00
2025-12-09 00:00:00+00:00,1.57,61.14,v3,12h,SUI,top_pos,/futures/topLongShortPositionRatio/history,2026-04-24T04:05:36.892271+00:00
2025-12-09 12:00:00+00:00,1.53,60.44,v3,12h,SUI,top_pos,/futures/topLongShortPositionRatio/history,2026-04-24T04:05:36.892271+00:00
2025-12-10 00:00:00+00:00,1.64,62.12,v3,12h,SUI,top_pos,/futures/topLongShortPositionRatio/history,2026-04-24T04:05:36.892271+00:00
2025-12-10 12:00:00+00:00,1.51,60.22,v3,12h,SUI,top_pos,/futures/topLongShortPositionRatio/history,2026-04-24T04:05:36.892271+00:00
2025-12-11 00:00:00+00:00,1.63,61.96,v3,12h,SUI,top_pos,/futures/topLongShortPositionRatio/history,2026-04-24T04:05:36.892271+00:00
2025-12-11 12:00:00+00:00,1.48,59.74,v3,12h,SUI,top_pos,/futures/topLongShortPositionRatio/history,2026-04-24T04:05:36.892271+00:00
2025-12-12 00:00:00+00:00,1.46,59.38,v3,12h,SUI,top_pos,/futures/topLongShortPositionRatio/history,2026-04-24T04:05:36.892271+00:00
2025-12-12 12:00:00+00:00,1.54,60.59,v3,12h,SUI,top_pos,/futures/topLongShortPositionRatio/history,2026-04-24T04:05:36.892271+00:00
2025-12-13 00:00:00+00:00,1.56,60.86,v3,12h,SUI,top_pos,/futures/topLongShortPositionRatio/history,2026-04-24T04:05:36.892271+00:00
2025-12-13 12:00:00+00:00,1.65,62.21,v3,12h,SUI,top_pos,/futures/topLongShortPositionRatio/history,2026-04-24T04:05:36.892271+00:00
2025-12-14 00:00:00+00:00,1.74,63.46,v3,12h,SUI,top_pos,/futures/topLongShortPositionRatio/history,2026-04-24T04:05:36.892271+00:00
2025-12-14 12:00:00+00:00,1.85,64.88,v3,12h,SUI,top_pos,/futures/topLongShortPositionRatio/history,2026-04-24T04:05:36.892271+00:00
2025-12-15 00:00:00+00:00,2.05,67.26,v3,12h,SUI,top_pos,/futures/topLongShortPositionRatio/history,2026-04-24T04:05:36.892271+00:00
2025-12-15 12:00:00+00:00,2.02,66.85,v3,12h,SUI,top_pos,/futures/topLongShortPositionRatio/history,2026-04-24T04:05:36.892271+00:00
2025-12-16 00:00:00+00:00,1.78,64.08,v3,12h,SUI,top_pos,/futures/topLongShortPositionRatio/history,2026-04-24T04:05:36.892271+00:00
2025-12-16 12:00:00+00:00,1.78,64.04,v3,12h,SUI,top_pos,/futures/topLongShortPositionRatio/history,2026-04-24T04:05:36.892271+00:00
2025-12-17 00:00:00+00:00,1.81,64.37,v3,12h,SUI,top_pos,/futures/topLongShortPositionRatio/history,2026-04-24T04:05:36.892271+00:00
2025-12-17 12:00:00+00:00,1.76,63.74,v3,12h,SUI,top_pos,/futures/topLongShortPositionRatio/history,2026-04-24T04:05:36.892271+00:00
2025-12-18 00:00:00+00:00,2.0,66.63,v3,12h,SUI,top_pos,/futures/topLongShortPositionRatio/history,2026-04-24T04:05:36.892271+00:00
2025-12-18 12:00:00+00:00,1.83,64.63,v3,12h,SUI,top_pos,/futures/topLongShortPositionRatio/history,2026-04-24T04:05:36.892271+00:00
2025-12-19 00:00:00+00:00,1.78,64.01,v3,12h,SUI,top_pos,/futures/topLongShortPositionRatio/history,2026-04-24T04:05:36.892271+00:00
2025-12-19 12:00:00+00:00,1.79,64.15,v3,12h,SUI,top_pos,/futures/topLongShortPositionRatio/history,2026-04-24T04:05:36.892271+00:00
2025-12-20 00:00:00+00:00,1.85,64.95,v3,12h,SUI,top_pos,/futures/topLongShortPositionRatio/history,2026-04-24T04:05:36.892271+00:00
2025-12-20 12:00:00+00:00,1.91,65.67,v3,12h,SUI,top_pos,/futures/topLongShortPositionRatio/history,2026-04-24T04:05:36.892271+00:00
2025-12-21 00:00:00+00:00,1.92,65.78,v3,12h,SUI,top_pos,/futures/topLongShortPositionRatio/history,2026-04-24T04:05:36.892271+00:00
2025-12-21 12:00:00+00:00,1.98,66.42,v3,12h,SUI,top_pos,/futures/topLongShortPositionRatio/history,2026-04-24T04:05:36.892271+00:00
2025-12-22 00:00:00+00:00,1.93,65.82,v3,12h,SUI,top_pos,/futures/topLongShortPositionRatio/history,2026-04-24T04:05:36.892271+00:00
2025-12-22 12:00:00+00:00,1.91,65.63,v3,12h,SUI,top_pos,/futures/topLongShortPositionRatio/history,2026-04-24T04:05:36.892271+00:00
2025-12-23 00:00:00+00:00,1.9,65.55,v3,12h,SUI,top_pos,/futures/topLongShortPositionRatio/history,2026-04-24T04:05:36.892271+00:00
2025-12-23 12:00:00+00:00,1.77,63.9,v3,12h,SUI,top_pos,/futures/topLongShortPositionRatio/history,2026-04-24T04:05:36.892271+00:00
2025-12-24 00:00:00+00:00,1.89,65.42,v3,12h,SUI,top_pos,/futures/topLongShortPositionRatio/history,2026-04-24T04:05:36.892271+00:00
2025-12-24 12:00:00+00:00,1.87,65.09,v3,12h,SUI,top_pos,/futures/topLongShortPositionRatio/history,2026-04-24T04:05:36.892271+00:00
2025-12-25 00:00:00+00:00,1.96,66.16,v3,12h,SUI,top_pos,/futures/topLongShortPositionRatio/history,2026-04-24T04:05:36.892271+00:00
2025-12-25 12:00:00+00:00,1.86,64.98,v3,12h,SUI,top_pos,/futures/topLongShortPositionRatio/history,2026-04-24T04:05:36.892271+00:00
2025-12-26 00:00:00+00:00,1.83,64.68,v3,12h,SUI,top_pos,/futures/topLongShortPositionRatio/history,2026-04-24T04:05:36.892271+00:00
2025-12-26 12:00:00+00:00,1.96,66.19,v3,12h,SUI,top_pos,/futures/topLongShortPositionRatio/history,2026-04-24T04:05:36.892271+00:00
2025-12-27 00:00:00+00:00,1.91,65.58,v3,12h,SUI,top_pos,/futures/topLongShortPositionRatio/history,2026-04-24T04:05:36.892271+00:00
2025-12-27 12:00:00+00:00,1.92,65.76,v3,12h,SUI,top_pos,/futures/topLongShortPositionRatio/history,2026-04-24T04:05:36.892271+00:00
2025-12-28 00:00:00+00:00,2.01,66.81,v3,12h,SUI,top_pos,/futures/topLongShortPositionRatio/history,2026-04-24T04:05:36.892271+00:00
2025-12-28 12:00:00+00:00,2.09,67.68,v3,12h,SUI,top_pos,/futures/topLongShortPositionRatio/history,2026-04-24T04:05:36.892271+00:00
2025-12-29 00:00:00+00:00,2.03,67.03,v3,12h,SUI,top_pos,/futures/topLongShortPositionRatio/history,2026-04-24T04:05:36.892271+00:00
2025-12-29 12:00:00+00:00,2.15,68.29,v3,12h,SUI,top_pos,/futures/topLongShortPositionRatio/history,2026-04-24T04:05:36.892271+00:00
2025-12-30 00:00:00+00:00,2.23,69.06,v3,12h,SUI,top_pos,/futures/topLongShortPositionRatio/history,2026-04-24T04:05:36.892271+00:00
2025-12-30 12:00:00+00:00,2.31,69.82,v3,12h,SUI,top_pos,/futures/topLongShortPositionRatio/history,2026-04-24T04:05:36.892271+00:00
2025-12-31 00:00:00+00:00,2.28,69.55,v3,12h,SUI,top_pos,/futures/topLongShortPositionRatio/history,2026-04-24T04:05:36.892271+00:00
2025-12-31 12:00:00+00:00,2.38,70.44,v3,12h,SUI,top_pos,/futures/topLongShortPositionRatio/history,2026-04-24T04:05:36.892271+00:00
2026-01-01 00:00:00+00:00,2.4,70.56,v3,12h,SUI,top_pos,/futures/topLongShortPositionRatio/history,2026-04-24T04:05:36.892271+00:00
2026-01-01 12:00:00+00:00,2.38,70.38,v3,12h,SUI,top_pos,/futures/topLongShortPositionRatio/history,2026-04-24T04:05:36.892271+00:00
2026-01-02 00:00:00+00:00,2.48,71.22,v3,12h,SUI,top_pos,/futures/topLongShortPositionRatio/history,2026-04-24T04:05:36.892271+00:00
2026-01-02 12:00:00+00:00,2.24,69.16,v3,12h,SUI,top_pos,/futures/topLongShortPositionRatio/history,2026-04-24T04:05:36.892271+00:00
2026-01-03 00:00:00+00:00,2.24,69.12,v3,12h,SUI,top_pos,/futures/topLongShortPositionRatio/history,2026-04-24T04:05:36.892271+00:00
2026-01-03 12:00:00+00:00,2.3,69.67,v3,12h,SUI,top_pos,/futures/topLongShortPositionRatio/history,2026-04-24T04:05:36.892271+00:00
2026-01-04 00:00:00+00:00,2.21,68.89,v3,12h,SUI,top_pos,/futures/topLongShortPositionRatio/history,2026-04-24T04:05:36.892271+00:00
2026-01-04 12:00:00+00:00,2.08,67.56,v3,12h,SUI,top_pos,/futures/topLongShortPositionRatio/history,2026-04-24T04:05:36.892271+00:00
2026-01-05 00:00:00+00:00,2.04,67.05,v3,12h,SUI,top_pos,/futures/topLongShortPositionRatio/history,2026-04-24T04:05:36.892271+00:00
2026-01-05 12:00:00+00:00,1.84,64.78,v3,12h,SUI,top_pos,/futures/topLongShortPositionRatio/history,2026-04-24T04:05:36.892271+00:00
2026-01-06 00:00:00+00:00,2.21,68.82,v3,12h,SUI,top_pos,/futures/topLongShortPositionRatio/history,2026-04-24T04:05:36.892271+00:00
2026-01-06 12:00:00+00:00,2.15,68.28,v3,12h,SUI,top_pos,/futures/topLongShortPositionRatio/history,2026-04-24T04:05:36.892271+00:00
2026-01-07 00:00:00+00:00,1.66,62.38,v3,12h,SUI,top_pos,/futures/topLongShortPositionRatio/history,2026-04-24T04:05:36.892271+00:00
2026-01-07 12:00:00+00:00,2.28,69.55,v3,12h,SUI,top_pos,/futures/topLongShortPositionRatio/history,2026-04-24T04:05:36.892271+00:00
2026-01-08 00:00:00+00:00,2.42,70.76,v3,12h,SUI,top_pos,/futures/topLongShortPositionRatio/history,2026-04-24T04:05:36.892271+00:00
2026-01-08 12:00:00+00:00,2.21,68.89,v3,12h,SUI,top_pos,/futures/topLongShortPositionRatio/history,2026-04-24T04:05:36.892271+00:00
2026-01-09 00:00:00+00:00,2.16,68.35,v3,12h,SUI,top_pos,/futures/topLongShortPositionRatio/history,2026-04-24T04:05:36.892271+00:00
2026-01-09 12:00:00+00:00,1.99,66.54,v3,12h,SUI,top_pos,/futures/topLongShortPositionRatio/history,2026-04-24T04:05:36.892271+00:00
2026-01-10 00:00:00+00:00,2.05,67.26,v3,12h,SUI,top_pos,/futures/topLongShortPositionRatio/history,2026-04-24T04:05:36.892271+00:00
2026-01-10 12:00:00+00:00,2.01,66.72,v3,12h,SUI,top_pos,/futures/topLongShortPositionRatio/history,2026-04-24T04:05:36.892271+00:00
2026-01-11 00:00:00+00:00,1.97,66.3,v3,12h,SUI,top_pos,/futures/topLongShortPositionRatio/history,2026-04-24T04:05:36.892271+00:00
2026-01-11 12:00:00+00:00,1.8,64.29,v3,12h,SUI,top_pos,/futures/topLongShortPositionRatio/history,2026-04-24T04:05:36.892271+00:00
2026-01-12 00:00:00+00:00,1.72,63.21,v3,12h,SUI,top_pos,/futures/topLongShortPositionRatio/history,2026-04-24T04:05:36.892271+00:00
2026-01-12 12:00:00+00:00,1.75,63.59,v3,12h,SUI,top_pos,/futures/topLongShortPositionRatio/history,2026-04-24T04:05:36.892271+00:00
2026-01-13 00:00:00+00:00,1.58,61.25,v3,12h,SUI,top_pos,/futures/topLongShortPositionRatio/history,2026-04-24T04:05:36.892271+00:00
2026-01-13 12:00:00+00:00,1.62,61.78,v3,12h,SUI,top_pos,/futures/topLongShortPositionRatio/history,2026-04-24T04:05:36.892271+00:00
2026-01-14 00:00:00+00:00,1.66,62.37,v3,12h,SUI,top_pos,/futures/topLongShortPositionRatio/history,2026-04-24T04:05:36.892271+00:00
2026-01-14 12:00:00+00:00,1.75,63.62,v3,12h,SUI,top_pos,/futures/topLongShortPositionRatio/history,2026-04-24T04:05:36.892271+00:00
2026-01-15 00:00:00+00:00,1.66,62.43,v3,12h,SUI,top_pos,/futures/topLongShortPositionRatio/history,2026-04-24T04:05:36.892271+00:00
2026-01-15 12:00:00+00:00,1.66,62.39,v3,12h,SUI,top_pos,/futures/topLongShortPositionRatio/history,2026-04-24T04:05:36.892271+00:00
2026-01-16 00:00:00+00:00,1.57,61.09,v3,12h,SUI,top_pos,/futures/topLongShortPositionRatio/history,2026-04-24T04:05:36.892271+00:00
2026-01-16 12:00:00+00:00,1.65,62.2,v3,12h,SUI,top_pos,/futures/topLongShortPositionRatio/history,2026-04-24T04:05:36.892271+00:00
2026-01-17 00:00:00+00:00,1.66,62.33,v3,12h,SUI,top_pos,/futures/topLongShortPositionRatio/history,2026-04-24T04:05:36.892271+00:00
2026-01-17 12:00:00+00:00,1.73,63.43,v3,12h,SUI,top_pos,/futures/topLongShortPositionRatio/history,2026-04-24T04:05:36.892271+00:00
2026-01-18 00:00:00+00:00,1.83,64.62,v3,12h,SUI,top_pos,/futures/topLongShortPositionRatio/history,2026-04-24T04:05:36.892271+00:00
2026-01-18 12:00:00+00:00,1.88,65.26,v3,12h,SUI,top_pos,/futures/topLongShortPositionRatio/history,2026-04-24T04:05:36.892271+00:00
2026-01-19 00:00:00+00:00,1.81,64.45,v3,12h,SUI,top_pos,/futures/topLongShortPositionRatio/history,2026-04-24T04:05:36.892271+00:00
2026-01-19 12:00:00+00:00,1.42,58.74,v3,12h,SUI,top_pos,/futures/topLongShortPositionRatio/history,2026-04-24T04:05:36.892271+00:00
2026-01-20 00:00:00+00:00,1.28,56.05,v3,12h,SUI,top_pos,/futures/topLongShortPositionRatio/history,2026-04-24T04:05:36.892271+00:00
2026-01-20 12:00:00+00:00,1.46,59.38,v3,12h,SUI,top_pos,/futures/topLongShortPositionRatio/history,2026-04-24T04:05:36.892271+00:00
2026-01-21 00:00:00+00:00,1.43,58.84,v3,12h,SUI,top_pos,/futures/topLongShortPositionRatio/history,2026-04-24T04:05:36.892271+00:00
2026-01-21 12:00:00+00:00,1.48,59.69,v3,12h,SUI,top_pos,/futures/topLongShortPositionRatio/history,2026-04-24T04:05:36.892271+00:00
2026-01-22 00:00:00+00:00,1.35,57.39,v3,12h,SUI,top_pos,/futures/topLongShortPositionRatio/history,2026-04-24T04:05:36.892271+00:00
2026-01-22 12:00:00+00:00,1.37,57.79,v3,12h,SUI,top_pos,/futures/topLongShortPositionRatio/history,2026-04-24T04:05:36.892271+00:00
2026-01-23 00:00:00+00:00,1.36,57.67,v3,12h,SUI,top_pos,/futures/topLongShortPositionRatio/history,2026-04-24T04:05:36.892271+00:00
2026-01-23 12:00:00+00:00,1.35,57.41,v3,12h,SUI,top_pos,/futures/topLongShortPositionRatio/history,2026-04-24T04:05:36.892271+00:00
2026-01-24 00:00:00+00:00,1.44,58.96,v3,12h,SUI,top_pos,/futures/topLongShortPositionRatio/history,2026-04-24T04:05:36.892271+00:00
2026-01-24 12:00:00+00:00,1.42,58.6,v3,12h,SUI,top_pos,/futures/topLongShortPositionRatio/history,2026-04-24T04:05:36.892271+00:00
2026-01-25 00:00:00+00:00,1.42,58.68,v3,12h,SUI,top_pos,/futures/topLongShortPositionRatio/history,2026-04-24T04:05:36.892271+00:00
2026-01-25 12:00:00+00:00,1.36,57.59,v3,12h,SUI,top_pos,/futures/topLongShortPositionRatio/history,2026-04-24T04:05:36.892271+00:00
2026-01-26 00:00:00+00:00,1.49,59.88,v3,12h,SUI,top_pos,/futures/topLongShortPositionRatio/history,2026-04-24T04:05:36.892271+00:00
2026-01-26 12:00:00+00:00,1.47,59.55,v3,12h,SUI,top_pos,/futures/topLongShortPositionRatio/history,2026-04-24T04:05:36.892271+00:00
2026-01-27 00:00:00+00:00,1.45,59.24,v3,12h,SUI,top_pos,/futures/topLongShortPositionRatio/history,2026-04-24T04:05:36.892271+00:00
2026-01-27 12:00:00+00:00,1.47,59.52,v3,12h,SUI,top_pos,/futures/topLongShortPositionRatio/history,2026-04-24T04:05:36.892271+00:00
2026-01-28 00:00:00+00:00,1.46,59.32,v3,12h,SUI,top_pos,/futures/topLongShortPositionRatio/history,2026-04-24T04:05:36.892271+00:00
2026-01-28 12:00:00+00:00,1.5,60.07,v3,12h,SUI,top_pos,/futures/topLongShortPositionRatio/history,2026-04-24T04:05:36.892271+00:00
2026-01-29 00:00:00+00:00,1.53,60.45,v3,12h,SUI,top_pos,/futures/topLongShortPositionRatio/history,2026-04-24T04:05:36.892271+00:00
2026-01-29 12:00:00+00:00,1.4,58.35,v3,12h,SUI,top_pos,/futures/topLongShortPositionRatio/history,2026-04-24T04:05:36.892271+00:00
2026-01-30 00:00:00+00:00,1.42,58.59,v3,12h,SUI,top_pos,/futures/topLongShortPositionRatio/history,2026-04-24T04:05:36.892271+00:00
2026-01-30 12:00:00+00:00,1.6,61.51,v3,12h,SUI,top_pos,/futures/topLongShortPositionRatio/history,2026-04-24T04:05:36.892271+00:00
2026-01-31 00:00:00+00:00,1.61,61.74,v3,12h,SUI,top_pos,/futures/topLongShortPositionRatio/history,2026-04-24T04:05:36.892271+00:00
2026-01-31 12:00:00+00:00,1.47,59.53,v3,12h,SUI,top_pos,/futures/topLongShortPositionRatio/history,2026-04-24T04:05:36.892271+00:00
2026-02-01 00:00:00+00:00,1.52,60.38,v3,12h,SUI,top_pos,/futures/topLongShortPositionRatio/history,2026-04-24T04:05:36.892271+00:00
2026-02-01 12:00:00+00:00,1.67,62.49,v3,12h,SUI,top_pos,/futures/topLongShortPositionRatio/history,2026-04-24T04:05:36.892271+00:00
2026-02-02 00:00:00+00:00,1.85,64.89,v3,12h,SUI,top_pos,/futures/topLongShortPositionRatio/history,2026-04-24T04:05:36.892271+00:00
2026-02-02 12:00:00+00:00,1.91,65.59,v3,12h,SUI,top_pos,/futures/topLongShortPositionRatio/history,2026-04-24T04:05:36.892271+00:00
2026-02-03 00:00:00+00:00,1.9,65.47,v3,12h,SUI,top_pos,/futures/topLongShortPositionRatio/history,2026-04-24T04:05:36.892271+00:00
2026-02-03 12:00:00+00:00,1.91,65.62,v3,12h,SUI,top_pos,/futures/topLongShortPositionRatio/history,2026-04-24T04:05:36.892271+00:00
2026-02-04 00:00:00+00:00,2.12,67.98,v3,12h,SUI,top_pos,/futures/topLongShortPositionRatio/history,2026-04-24T04:05:36.892271+00:00
2026-02-04 12:00:00+00:00,2.05,67.17,v3,12h,SUI,top_pos,/futures/topLongShortPositionRatio/history,2026-04-24T04:05:36.892271+00:00
2026-02-05 00:00:00+00:00,1.83,64.6,v3,12h,SUI,top_pos,/futures/topLongShortPositionRatio/history,2026-04-24T04:05:36.892271+00:00
2026-02-05 12:00:00+00:00,1.76,63.75,v3,12h,SUI,top_pos,/futures/topLongShortPositionRatio/history,2026-04-24T04:05:36.892271+00:00
2026-02-06 00:00:00+00:00,1.41,58.57,v3,12h,SUI,top_pos,/futures/topLongShortPositionRatio/history,2026-04-24T04:05:36.892271+00:00
2026-02-06 12:00:00+00:00,1.44,59.04,v3,12h,SUI,top_pos,/futures/topLongShortPositionRatio/history,2026-04-24T04:05:36.892271+00:00
2026-02-07 00:00:00+00:00,1.24,55.36,v3,12h,SUI,top_pos,/futures/topLongShortPositionRatio/history,2026-04-24T04:05:36.892271+00:00
2026-02-07 12:00:00+00:00,1.45,59.14,v3,12h,SUI,top_pos,/futures/topLongShortPositionRatio/history,2026-04-24T04:05:36.892271+00:00
2026-02-08 00:00:00+00:00,1.4,58.37,v3,12h,SUI,top_pos,/futures/topLongShortPositionRatio/history,2026-04-24T04:05:36.892271+00:00
2026-02-08 12:00:00+00:00,1.37,57.79,v3,12h,SUI,top_pos,/futures/topLongShortPositionRatio/history,2026-04-24T04:05:36.892271+00:00
2026-02-09 00:00:00+00:00,1.41,58.44,v3,12h,SUI,top_pos,/futures/topLongShortPositionRatio/history,2026-04-24T04:05:36.892271+00:00
2026-02-09 12:00:00+00:00,1.39,58.23,v3,12h,SUI,top_pos,/futures/topLongShortPositionRatio/history,2026-04-24T04:05:36.892271+00:00
2026-02-10 00:00:00+00:00,1.3,56.5,v3,12h,SUI,top_pos,/futures/topLongShortPositionRatio/history,2026-04-24T04:05:36.892271+00:00
2026-02-10 12:00:00+00:00,1.23,55.16,v3,12h,SUI,top_pos,/futures/topLongShortPositionRatio/history,2026-04-24T04:05:36.892271+00:00
2026-02-11 00:00:00+00:00,1.27,55.91,v3,12h,SUI,top_pos,/futures/topLongShortPositionRatio/history,2026-04-24T04:05:36.892271+00:00
2026-02-11 12:00:00+00:00,1.24,55.33,v3,12h,SUI,top_pos,/futures/topLongShortPositionRatio/history,2026-04-24T04:05:36.892271+00:00
2026-02-12 00:00:00+00:00,1.29,56.34,v3,12h,SUI,top_pos,/futures/topLongShortPositionRatio/history,2026-04-24T04:05:36.892271+00:00
2026-02-12 12:00:00+00:00,1.23,55.15,v3,12h,SUI,top_pos,/futures/topLongShortPositionRatio/history,2026-04-24T04:05:36.892271+00:00
2026-02-13 00:00:00+00:00,1.27,55.88,v3,12h,SUI,top_pos,/futures/topLongShortPositionRatio/history,2026-04-24T04:05:36.892271+00:00
2026-02-13 12:00:00+00:00,1.32,56.95,v3,12h,SUI,top_pos,/futures/topLongShortPositionRatio/history,2026-04-24T04:05:36.892271+00:00
2026-02-14 00:00:00+00:00,1.42,58.59,v3,12h,SUI,top_pos,/futures/topLongShortPositionRatio/history,2026-04-24T04:05:36.892271+00:00
2026-02-14 12:00:00+00:00,1.51,60.15,v3,12h,SUI,top_pos,/futures/topLongShortPositionRatio/history,2026-04-24T04:05:36.892271+00:00
2026-02-15 00:00:00+00:00,1.51,60.15,v3,12h,SUI,top_pos,/futures/topLongShortPositionRatio/history,2026-04-24T04:05:36.892271+00:00
2026-02-15 12:00:00+00:00,1.42,58.67,v3,12h,SUI,top_pos,/futures/topLongShortPositionRatio/history,2026-04-24T04:05:36.892271+00:00
2026-02-16 00:00:00+00:00,1.55,60.74,v3,12h,SUI,top_pos,/futures/topLongShortPositionRatio/history,2026-04-24T04:05:36.892271+00:00
2026-02-16 12:00:00+00:00,1.48,59.68,v3,12h,SUI,top_pos,/futures/topLongShortPositionRatio/history,2026-04-24T04:05:36.892271+00:00
2026-02-17 00:00:00+00:00,1.47,59.45,v3,12h,SUI,top_pos,/futures/topLongShortPositionRatio/history,2026-04-24T04:05:36.892271+00:00
2026-02-17 12:00:00+00:00,1.49,59.9,v3,12h,SUI,top_pos,/futures/topLongShortPositionRatio/history,2026-04-24T04:05:36.892271+00:00
2026-02-18 00:00:00+00:00,1.45,59.14,v3,12h,SUI,top_pos,/futures/topLongShortPositionRatio/history,2026-04-24T04:05:36.892271+00:00
2026-02-18 12:00:00+00:00,1.44,59.08,v3,12h,SUI,top_pos,/futures/topLongShortPositionRatio/history,2026-04-24T04:05:36.892271+00:00
2026-02-19 00:00:00+00:00,1.49,59.76,v3,12h,SUI,top_pos,/futures/topLongShortPositionRatio/history,2026-04-24T04:05:36.892271+00:00
2026-02-19 12:00:00+00:00,1.36,57.61,v3,12h,SUI,top_pos,/futures/topLongShortPositionRatio/history,2026-04-24T04:05:36.892271+00:00
2026-02-20 00:00:00+00:00,1.33,57.06,v3,12h,SUI,top_pos,/futures/topLongShortPositionRatio/history,2026-04-24T04:05:36.892271+00:00
2026-02-20 12:00:00+00:00,1.43,58.78,v3,12h,SUI,top_pos,/futures/topLongShortPositionRatio/history,2026-04-24T04:05:36.892271+00:00
2026-02-21 00:00:00+00:00,1.48,59.71,v3,12h,SUI,top_pos,/futures/topLongShortPositionRatio/history,2026-04-24T04:05:36.892271+00:00
2026-02-21 12:00:00+00:00,1.51,60.15,v3,12h,SUI,top_pos,/futures/topLongShortPositionRatio/history,2026-04-24T04:05:36.892271+00:00
2026-02-22 00:00:00+00:00,1.49,59.77,v3,12h,SUI,top_pos,/futures/topLongShortPositionRatio/history,2026-04-24T04:05:36.892271+00:00
2026-02-22 12:00:00+00:00,1.48,59.66,v3,12h,SUI,top_pos,/futures/topLongShortPositionRatio/history,2026-04-24T04:05:36.892271+00:00
2026-02-23 00:00:00+00:00,1.44,58.95,v3,12h,SUI,top_pos,/futures/topLongShortPositionRatio/history,2026-04-24T04:05:36.892271+00:00
2026-02-23 12:00:00+00:00,1.37,57.79,v3,12h,SUI,top_pos,/futures/topLongShortPositionRatio/history,2026-04-24T04:05:36.892271+00:00
2026-02-24 00:00:00+00:00,1.4,58.24,v3,12h,SUI,top_pos,/futures/topLongShortPositionRatio/history,2026-04-24T04:05:36.892271+00:00
2026-02-24 12:00:00+00:00,1.35,57.4,v3,12h,SUI,top_pos,/futures/topLongShortPositionRatio/history,2026-04-24T04:05:36.892271+00:00
2026-02-25 00:00:00+00:00,1.32,56.95,v3,12h,SUI,top_pos,/futures/topLongShortPositionRatio/history,2026-04-24T04:05:36.892271+00:00
2026-02-25 12:00:00+00:00,1.22,54.85,v3,12h,SUI,top_pos,/futures/topLongShortPositionRatio/history,2026-04-24T04:05:36.892271+00:00
2026-02-26 00:00:00+00:00,1.32,56.82,v3,12h,SUI,top_pos,/futures/topLongShortPositionRatio/history,2026-04-24T04:05:36.892271+00:00
2026-02-26 12:00:00+00:00,1.39,58.08,v3,12h,SUI,top_pos,/futures/topLongShortPositionRatio/history,2026-04-24T04:05:36.892271+00:00
2026-02-27 00:00:00+00:00,1.4,58.25,v3,12h,SUI,top_pos,/futures/topLongShortPositionRatio/history,2026-04-24T04:05:36.892271+00:00
2026-02-27 12:00:00+00:00,1.36,57.57,v3,12h,SUI,top_pos,/futures/topLongShortPositionRatio/history,2026-04-24T04:05:36.892271+00:00
2026-02-28 00:00:00+00:00,1.2,54.6,v3,12h,SUI,top_pos,/futures/topLongShortPositionRatio/history,2026-04-24T04:05:36.892271+00:00
2026-02-28 12:00:00+00:00,1.19,54.38,v3,12h,SUI,top_pos,/futures/topLongShortPositionRatio/history,2026-04-24T04:05:36.892271+00:00
2026-03-01 00:00:00+00:00,1.19,54.38,v3,12h,SUI,top_pos,/futures/topLongShortPositionRatio/history,2026-04-24T04:05:36.892271+00:00
2026-03-01 12:00:00+00:00,1.18,54.21,v3,12h,SUI,top_pos,/futures/topLongShortPositionRatio/history,2026-04-24T04:05:36.892271+00:00
2026-03-02 00:00:00+00:00,1.29,56.32,v3,12h,SUI,top_pos,/futures/topLongShortPositionRatio/history,2026-04-24T04:05:36.892271+00:00
2026-03-02 12:00:00+00:00,1.23,55.22,v3,12h,SUI,top_pos,/futures/topLongShortPositionRatio/history,2026-04-24T04:05:36.892271+00:00
2026-03-03 00:00:00+00:00,1.24,55.25,v3,12h,SUI,top_pos,/futures/topLongShortPositionRatio/history,2026-04-24T04:05:36.892271+00:00
2026-03-03 12:00:00+00:00,1.3,56.53,v3,12h,SUI,top_pos,/futures/topLongShortPositionRatio/history,2026-04-24T04:05:36.892271+00:00
2026-03-04 00:00:00+00:00,1.27,55.93,v3,12h,SUI,top_pos,/futures/topLongShortPositionRatio/history,2026-04-24T04:05:36.892271+00:00
2026-03-04 12:00:00+00:00,1.23,55.06,v3,12h,SUI,top_pos,/futures/topLongShortPositionRatio/history,2026-04-24T04:05:36.892271+00:00
2026-03-05 00:00:00+00:00,1.3,56.46,v3,12h,SUI,top_pos,/futures/topLongShortPositionRatio/history,2026-04-24T04:05:36.892271+00:00
2026-03-05 12:00:00+00:00,1.27,55.97,v3,12h,SUI,top_pos,/futures/topLongShortPositionRatio/history,2026-04-24T04:05:36.892271+00:00
2026-03-06 00:00:00+00:00,1.17,53.89,v3,12h,SUI,top_pos,/futures/topLongShortPositionRatio/history,2026-04-24T04:05:36.892271+00:00
2026-03-06 12:00:00+00:00,1.26,55.78,v3,12h,SUI,top_pos,/futures/topLongShortPositionRatio/history,2026-04-24T04:05:36.892271+00:00
2026-03-07 00:00:00+00:00,1.07,51.73,v3,12h,SUI,top_pos,/futures/topLongShortPositionRatio/history,2026-04-24T04:05:36.892271+00:00
2026-03-07 12:00:00+00:00,1.02,50.57,v3,12h,SUI,top_pos,/futures/topLongShortPositionRatio/history,2026-04-24T04:05:36.892271+00:00
2026-03-08 00:00:00+00:00,1.02,50.44,v3,12h,SUI,top_pos,/futures/topLongShortPositionRatio/history,2026-04-24T04:05:36.892271+00:00
2026-03-08 12:00:00+00:00,1.07,51.61,v3,12h,SUI,top_pos,/futures/topLongShortPositionRatio/history,2026-04-24T04:05:36.892271+00:00
2026-03-09 00:00:00+00:00,1.14,53.19,v3,12h,SUI,top_pos,/futures/topLongShortPositionRatio/history,2026-04-24T04:05:36.892271+00:00
2026-03-09 12:00:00+00:00,1.13,53.06,v3,12h,SUI,top_pos,/futures/topLongShortPositionRatio/history,2026-04-24T04:05:36.892271+00:00
2026-03-10 00:00:00+00:00,1.16,53.69,v3,12h,SUI,top_pos,/futures/topLongShortPositionRatio/history,2026-04-24T04:05:36.892271+00:00
2026-03-10 12:00:00+00:00,1.2,54.56,v3,12h,SUI,top_pos,/futures/topLongShortPositionRatio/history,2026-04-24T04:05:36.892271+00:00
2026-03-11 00:00:00+00:00,1.28,56.1,v3,12h,SUI,top_pos,/futures/topLongShortPositionRatio/history,2026-04-24T04:05:36.892271+00:00
2026-03-11 12:00:00+00:00,1.3,56.45,v3,12h,SUI,top_pos,/futures/topLongShortPositionRatio/history,2026-04-24T04:05:36.892271+00:00
2026-03-12 00:00:00+00:00,1.36,57.56,v3,12h,SUI,top_pos,/futures/topLongShortPositionRatio/history,2026-04-24T04:05:36.892271+00:00
2026-03-12 12:00:00+00:00,1.37,57.81,v3,12h,SUI,top_pos,/futures/topLongShortPositionRatio/history,2026-04-24T04:05:36.892271+00:00
2026-03-13 00:00:00+00:00,1.34,57.25,v3,12h,SUI,top_pos,/futures/topLongShortPositionRatio/history,2026-04-24T04:05:36.892271+00:00
2026-03-13 12:00:00+00:00,1.46,59.42,v3,12h,SUI,top_pos,/futures/topLongShortPositionRatio/history,2026-04-24T04:05:36.892271+00:00
2026-03-14 00:00:00+00:00,1.55,60.79,v3,12h,SUI,top_pos,/futures/topLongShortPositionRatio/history,2026-04-24T04:05:36.892271+00:00
2026-03-14 12:00:00+00:00,1.46,59.33,v3,12h,SUI,top_pos,/futures/topLongShortPositionRatio/history,2026-04-24T04:05:36.892271+00:00
2026-03-15 00:00:00+00:00,1.38,58.06,v3,12h,SUI,top_pos,/futures/topLongShortPositionRatio/history,2026-04-24T04:05:36.892271+00:00
2026-03-15 12:00:00+00:00,1.3,56.43,v3,12h,SUI,top_pos,/futures/topLongShortPositionRatio/history,2026-04-24T04:05:36.892271+00:00
2026-03-16 00:00:00+00:00,1.27,56.0,v3,12h,SUI,top_pos,/futures/topLongShortPositionRatio/history,2026-04-24T04:05:36.892271+00:00
2026-03-16 12:00:00+00:00,1.23,55.11,v3,12h,SUI,top_pos,/futures/topLongShortPositionRatio/history,2026-04-24T04:05:36.892271+00:00
2026-03-17 00:00:00+00:00,1.2,54.48,v3,12h,SUI,top_pos,/futures/topLongShortPositionRatio/history,2026-04-24T04:05:36.892271+00:00
2026-03-17 12:00:00+00:00,1.29,56.32,v3,12h,SUI,top_pos,/futures/topLongShortPositionRatio/history,2026-04-24T04:05:36.892271+00:00
2026-03-18 00:00:00+00:00,1.23,55.1,v3,12h,SUI,top_pos,/futures/topLongShortPositionRatio/history,2026-04-24T04:05:36.892271+00:00
2026-03-18 12:00:00+00:00,1.14,53.2,v3,12h,SUI,top_pos,/futures/topLongShortPositionRatio/history,2026-04-24T04:05:36.892271+00:00
2026-03-19 00:00:00+00:00,1.11,52.66,v3,12h,SUI,top_pos,/futures/topLongShortPositionRatio/history,2026-04-24T04:05:36.892271+00:00
2026-03-19 12:00:00+00:00,1.13,53.08,v3,12h,SUI,top_pos,/futures/topLongShortPositionRatio/history,2026-04-24T04:05:36.892271+00:00
2026-03-20 00:00:00+00:00,1.15,53.45,v3,12h,SUI,top_pos,/futures/topLongShortPositionRatio/history,2026-04-24T04:05:36.892271+00:00
2026-03-20 12:00:00+00:00,1.08,51.89,v3,12h,SUI,top_pos,/futures/topLongShortPositionRatio/history,2026-04-24T04:05:36.892271+00:00
2026-03-21 00:00:00+00:00,1.12,52.75,v3,12h,SUI,top_pos,/futures/topLongShortPositionRatio/history,2026-04-24T04:05:36.892271+00:00
2026-03-21 12:00:00+00:00,1.14,53.24,v3,12h,SUI,top_pos,/futures/topLongShortPositionRatio/history,2026-04-24T04:05:36.892271+00:00
2026-03-22 00:00:00+00:00,1.19,54.28,v3,12h,SUI,top_pos,/futures/topLongShortPositionRatio/history,2026-04-24T04:05:36.892271+00:00
2026-03-22 12:00:00+00:00,1.16,53.59,v3,12h,SUI,top_pos,/futures/topLongShortPositionRatio/history,2026-04-24T04:05:36.892271+00:00
2026-03-23 00:00:00+00:00,1.06,51.56,v3,12h,SUI,top_pos,/futures/topLongShortPositionRatio/history,2026-04-24T04:05:36.892271+00:00
2026-03-23 12:00:00+00:00,1.01,50.28,v3,12h,SUI,top_pos,/futures/topLongShortPositionRatio/history,2026-04-24T04:05:36.892271+00:00
2026-03-24 00:00:00+00:00,0.93,48.21,v3,12h,SUI,top_pos,/futures/topLongShortPositionRatio/history,2026-04-24T04:05:36.892271+00:00
2026-03-24 12:00:00+00:00,0.96,49.07,v3,12h,SUI,top_pos,/futures/topLongShortPositionRatio/history,2026-04-24T04:05:36.892271+00:00
2026-03-25 00:00:00+00:00,1.01,50.33,v3,12h,SUI,top_pos,/futures/topLongShortPositionRatio/history,2026-04-24T04:05:36.892271+00:00
2026-03-25 12:00:00+00:00,1.01,50.13,v3,12h,SUI,top_pos,/futures/topLongShortPositionRatio/history,2026-04-24T04:05:36.892271+00:00
2026-03-26 00:00:00+00:00,0.98,49.57,v3,12h,SUI,top_pos,/futures/topLongShortPositionRatio/history,2026-04-24T04:05:36.892271+00:00
2026-03-26 12:00:00+00:00,0.95,48.65,v3,12h,SUI,top_pos,/futures/topLongShortPositionRatio/history,2026-04-24T04:05:36.892271+00:00
2026-03-27 00:00:00+00:00,0.99,49.79,v3,12h,SUI,top_pos,/futures/topLongShortPositionRatio/history,2026-04-24T04:05:36.892271+00:00
2026-03-27 12:00:00+00:00,1.03,50.64,v3,12h,SUI,top_pos,/futures/topLongShortPositionRatio/history,2026-04-24T04:05:36.892271+00:00
2026-03-28 00:00:00+00:00,1.19,54.42,v3,12h,SUI,top_pos,/futures/topLongShortPositionRatio/history,2026-04-24T04:05:36.892271+00:00
2026-03-28 12:00:00+00:00,1.15,53.53,v3,12h,SUI,top_pos,/futures/topLongShortPositionRatio/history,2026-04-24T04:05:36.892271+00:00
2026-03-29 00:00:00+00:00,1.11,52.55,v3,12h,SUI,top_pos,/futures/topLongShortPositionRatio/history,2026-04-24T04:05:36.892271+00:00
2026-03-29 12:00:00+00:00,1.12,52.88,v3,12h,SUI,top_pos,/futures/topLongShortPositionRatio/history,2026-04-24T04:05:36.892271+00:00
2026-03-30 00:00:00+00:00,1.06,51.49,v3,12h,SUI,top_pos,/futures/topLongShortPositionRatio/history,2026-04-24T04:05:36.892271+00:00
2026-03-30 12:00:00+00:00,0.96,48.96,v3,12h,SUI,top_pos,/futures/topLongShortPositionRatio/history,2026-04-24T04:05:36.892271+00:00
2026-03-31 00:00:00+00:00,1.04,50.9,v3,12h,SUI,top_pos,/futures/topLongShortPositionRatio/history,2026-04-24T04:05:36.892271+00:00
2026-03-31 12:00:00+00:00,1.08,51.94,v3,12h,SUI,top_pos,/futures/topLongShortPositionRatio/history,2026-04-24T04:05:36.892271+00:00
2026-04-01 00:00:00+00:00,1.02,50.37,v3,12h,SUI,top_pos,/futures/topLongShortPositionRatio/history,2026-04-24T04:05:36.892271+00:00
2026-04-01 12:00:00+00:00,0.98,49.44,v3,12h,SUI,top_pos,/futures/topLongShortPositionRatio/history,2026-04-24T04:05:36.892271+00:00
2026-04-02 00:00:00+00:00,0.99,49.66,v3,12h,SUI,top_pos,/futures/topLongShortPositionRatio/history,2026-04-24T04:05:36.892271+00:00
2026-04-02 12:00:00+00:00,1.01,50.16,v3,12h,SUI,top_pos,/futures/topLongShortPositionRatio/history,2026-04-24T04:05:36.892271+00:00
2026-04-03 00:00:00+00:00,1.09,52.11,v3,12h,SUI,top_pos,/futures/topLongShortPositionRatio/history,2026-04-24T04:05:36.892271+00:00
2026-04-03 12:00:00+00:00,1.09,52.16,v3,12h,SUI,top_pos,/futures/topLongShortPositionRatio/history,2026-04-24T04:05:36.892271+00:00
2026-04-04 00:00:00+00:00,1.18,54.13,v3,12h,SUI,top_pos,/futures/topLongShortPositionRatio/history,2026-04-24T04:05:36.892271+00:00
2026-04-04 12:00:00+00:00,1.22,54.94,v3,12h,SUI,top_pos,/futures/topLongShortPositionRatio/history,2026-04-24T04:05:36.892271+00:00
2026-04-05 00:00:00+00:00,1.16,53.76,v3,12h,SUI,top_pos,/futures/topLongShortPositionRatio/history,2026-04-24T04:05:36.892271+00:00
2026-04-05 12:00:00+00:00,1.16,53.63,v3,12h,SUI,top_pos,/futures/topLongShortPositionRatio/history,2026-04-24T04:05:36.892271+00:00
2026-04-06 00:00:00+00:00,1.19,54.36,v3,12h,SUI,top_pos,/futures/topLongShortPositionRatio/history,2026-04-24T04:05:36.892271+00:00
2026-04-06 12:00:00+00:00,1.12,52.79,v3,12h,SUI,top_pos,/futures/topLongShortPositionRatio/history,2026-04-24T04:05:36.892271+00:00
2026-04-07 00:00:00+00:00,1.09,52.19,v3,12h,SUI,top_pos,/futures/topLongShortPositionRatio/history,2026-04-24T04:05:36.892271+00:00
2026-04-07 12:00:00+00:00,1.13,53.07,v3,12h,SUI,top_pos,/futures/topLongShortPositionRatio/history,2026-04-24T04:05:36.892271+00:00
2026-04-08 00:00:00+00:00,1.04,51.04,v3,12h,SUI,top_pos,/futures/topLongShortPositionRatio/history,2026-04-24T04:05:36.892271+00:00
2026-04-08 12:00:00+00:00,1.14,53.18,v3,12h,SUI,top_pos,/futures/topLongShortPositionRatio/history,2026-04-24T04:05:36.892271+00:00
2026-04-09 00:00:00+00:00,1.13,53.13,v3,12h,SUI,top_pos,/futures/topLongShortPositionRatio/history,2026-04-24T04:05:36.892271+00:00
2026-04-09 12:00:00+00:00,1.1,52.42,v3,12h,SUI,top_pos,/futures/topLongShortPositionRatio/history,2026-04-24T04:05:36.892271+00:00
2026-04-10 00:00:00+00:00,1.0,49.99,v3,12h,SUI,top_pos,/futures/topLongShortPositionRatio/history,2026-04-24T04:05:36.892271+00:00
2026-04-10 12:00:00+00:00,1.02,50.43,v3,12h,SUI,top_pos,/futures/topLongShortPositionRatio/history,2026-04-24T04:05:36.892271+00:00
2026-04-11 00:00:00+00:00,0.97,49.21,v3,12h,SUI,top_pos,/futures/topLongShortPositionRatio/history,2026-04-24T04:05:36.892271+00:00
2026-04-11 12:00:00+00:00,0.97,49.32,v3,12h,SUI,top_pos,/futures/topLongShortPositionRatio/history,2026-04-24T04:05:36.892271+00:00
2026-04-12 00:00:00+00:00,0.99,49.81,v3,12h,SUI,top_pos,/futures/topLongShortPositionRatio/history,2026-04-24T04:05:36.892271+00:00
2026-04-12 12:00:00+00:00,1.05,51.19,v3,12h,SUI,top_pos,/futures/topLongShortPositionRatio/history,2026-04-24T04:05:36.892271+00:00
2026-04-13 00:00:00+00:00,1.03,50.62,v3,12h,SUI,top_pos,/futures/topLongShortPositionRatio/history,2026-04-24T04:05:36.892271+00:00
2026-04-13 12:00:00+00:00,1.01,50.33,v3,12h,SUI,top_pos,/futures/topLongShortPositionRatio/history,2026-04-24T04:05:36.892271+00:00
2026-04-14 00:00:00+00:00,0.97,49.14,v3,12h,SUI,top_pos,/futures/topLongShortPositionRatio/history,2026-04-24T04:05:36.892271+00:00
2026-04-14 12:00:00+00:00,0.98,49.6,v3,12h,SUI,top_pos,/futures/topLongShortPositionRatio/history,2026-04-24T04:05:36.892271+00:00
2026-04-15 00:00:00+00:00,1.01,50.24,v3,12h,SUI,top_pos,/futures/topLongShortPositionRatio/history,2026-04-24T04:05:36.892271+00:00
2026-04-15 12:00:00+00:00,0.99,49.8,v3,12h,SUI,top_pos,/futures/topLongShortPositionRatio/history,2026-04-24T04:05:36.892271+00:00
2026-04-16 00:00:00+00:00,0.96,48.88,v3,12h,SUI,top_pos,/futures/topLongShortPositionRatio/history,2026-04-24T04:05:36.892271+00:00
2026-04-16 12:00:00+00:00,0.96,48.86,v3,12h,SUI,top_pos,/futures/topLongShortPositionRatio/history,2026-04-24T04:05:36.892271+00:00
2026-04-17 00:00:00+00:00,1.04,51.0,v3,12h,SUI,top_pos,/futures/topLongShortPositionRatio/history,2026-04-24T04:05:36.892271+00:00
2026-04-17 12:00:00+00:00,1.1,52.4,v3,12h,SUI,top_pos,/futures/topLongShortPositionRatio/history,2026-04-24T04:05:36.892271+00:00
2026-04-18 00:00:00+00:00,1.16,53.6,v3,12h,SUI,top_pos,/futures/topLongShortPositionRatio/history,2026-04-24T04:05:36.892271+00:00
2026-04-18 12:00:00+00:00,1.21,54.75,v3,12h,SUI,top_pos,/futures/topLongShortPositionRatio/history,2026-04-24T04:05:36.892271+00:00
2026-04-19 00:00:00+00:00,1.24,55.38,v3,12h,SUI,top_pos,/futures/topLongShortPositionRatio/history,2026-04-24T04:05:36.892271+00:00
2026-04-19 12:00:00+00:00,1.36,57.67,v3,12h,SUI,top_pos,/futures/topLongShortPositionRatio/history,2026-04-24T04:05:36.892271+00:00
2026-04-20 00:00:00+00:00,1.41,58.52,v3,12h,SUI,top_pos,/futures/topLongShortPositionRatio/history,2026-04-24T04:05:36.892271+00:00
2026-04-20 12:00:00+00:00,1.38,58.06,v3,12h,SUI,top_pos,/futures/topLongShortPositionRatio/history,2026-04-24T04:05:36.892271+00:00
2026-04-21 00:00:00+00:00,1.4,58.26,v3,12h,SUI,top_pos,/futures/topLongShortPositionRatio/history,2026-04-24T04:05:36.892271+00:00
2026-04-21 12:00:00+00:00,1.37,57.73,v3,12h,SUI,top_pos,/futures/topLongShortPositionRatio/history,2026-04-24T04:05:36.892271+00:00
2026-04-22 00:00:00+00:00,1.42,58.67,v3,12h,SUI,top_pos,/futures/topLongShortPositionRatio/history,2026-04-24T04:05:36.892271+00:00
2026-04-22 12:00:00+00:00,1.28,56.12,v3,12h,SUI,top_pos,/futures/topLongShortPositionRatio/history,2026-04-24T04:05:36.892271+00:00
2026-04-23 00:00:00+00:00,1.24,55.28,v3,12h,SUI,top_pos,/futures/topLongShortPositionRatio/history,2026-04-24T04:05:36.892271+00:00
2026-04-23 12:00:00+00:00,1.34,57.21,v3,12h,SUI,top_pos,/futures/topLongShortPositionRatio/history,2026-04-24T04:05:36.892271+00:00
2026-04-24 00:00:00+00:00,1.27,55.9,v3,12h,SUI,top_pos,/futures/topLongShortPositionRatio/history,2026-04-24T04:05:36.892271+00:00
