ts,global_ls_ratio,global_long_pct,api_version,interval,symbol,endpoint,path,fetched_at
2025-04-28 12:00:00+00:00,1.92,65.78,v3,12h,TRX,global_ls,/futures/globalLongShortAccountRatio/history,2026-04-23T00:35:24.210577+00:00
2025-04-29 00:00:00+00:00,1.72,63.28,v3,12h,TRX,global_ls,/futures/globalLongShortAccountRatio/history,2026-04-23T00:35:24.210577+00:00
2025-04-29 12:00:00+00:00,1.7,62.9,v3,12h,TRX,global_ls,/futures/globalLongShortAccountRatio/history,2026-04-24T04:04:45.602316+00:00
2025-04-30 00:00:00+00:00,1.6,61.51,v3,12h,TRX,global_ls,/futures/globalLongShortAccountRatio/history,2026-04-24T04:04:45.602316+00:00
2025-04-30 12:00:00+00:00,1.56,60.96,v3,12h,TRX,global_ls,/futures/globalLongShortAccountRatio/history,2026-04-24T04:04:45.602316+00:00
2025-05-01 00:00:00+00:00,1.76,63.8,v3,12h,TRX,global_ls,/futures/globalLongShortAccountRatio/history,2026-04-24T04:04:45.602316+00:00
2025-05-01 12:00:00+00:00,1.78,64.05,v3,12h,TRX,global_ls,/futures/globalLongShortAccountRatio/history,2026-04-26T00:22:34.470854+00:00
2025-05-02 00:00:00+00:00,1.83,64.66,v3,12h,TRX,global_ls,/futures/globalLongShortAccountRatio/history,2026-04-26T00:22:34.470854+00:00
2025-05-02 12:00:00+00:00,1.86,65.03,v3,12h,TRX,global_ls,/futures/globalLongShortAccountRatio/history,2026-04-26T00:22:34.470854+00:00
2025-05-03 00:00:00+00:00,1.8,64.23,v3,12h,TRX,global_ls,/futures/globalLongShortAccountRatio/history,2026-04-26T00:22:34.470854+00:00
2025-05-03 12:00:00+00:00,1.76,63.75,v3,12h,TRX,global_ls,/futures/globalLongShortAccountRatio/history,2026-04-26T00:22:34.470854+00:00
2025-05-04 00:00:00+00:00,1.87,65.11,v3,12h,TRX,global_ls,/futures/globalLongShortAccountRatio/history,2026-04-26T00:22:34.470854+00:00
2025-05-04 12:00:00+00:00,1.88,65.3,v3,12h,TRX,global_ls,/futures/globalLongShortAccountRatio/history,2026-04-26T00:22:34.470854+00:00
2025-05-05 00:00:00+00:00,1.87,65.18,v3,12h,TRX,global_ls,/futures/globalLongShortAccountRatio/history,2026-04-26T00:22:34.470854+00:00
2025-05-05 12:00:00+00:00,1.95,66.09,v3,12h,TRX,global_ls,/futures/globalLongShortAccountRatio/history,2026-04-26T00:22:34.470854+00:00
2025-05-06 00:00:00+00:00,2.07,67.45,v3,12h,TRX,global_ls,/futures/globalLongShortAccountRatio/history,2026-04-26T00:22:34.470854+00:00
2025-05-06 12:00:00+00:00,1.82,64.48,v3,12h,TRX,global_ls,/futures/globalLongShortAccountRatio/history,2026-04-26T00:22:34.470854+00:00
2025-05-07 00:00:00+00:00,1.79,64.21,v3,12h,TRX,global_ls,/futures/globalLongShortAccountRatio/history,2026-04-26T00:22:34.470854+00:00
2025-05-07 12:00:00+00:00,1.65,62.27,v3,12h,TRX,global_ls,/futures/globalLongShortAccountRatio/history,2026-04-26T00:22:34.470854+00:00
2025-05-08 00:00:00+00:00,1.65,62.27,v3,12h,TRX,global_ls,/futures/globalLongShortAccountRatio/history,2026-04-26T00:22:34.470854+00:00
2025-05-08 12:00:00+00:00,1.95,66.09,v3,12h,TRX,global_ls,/futures/globalLongShortAccountRatio/history,2026-04-26T00:22:34.470854+00:00
2025-05-09 00:00:00+00:00,2.09,67.68,v3,12h,TRX,global_ls,/futures/globalLongShortAccountRatio/history,2026-04-26T00:22:34.470854+00:00
2025-05-09 12:00:00+00:00,2.17,68.46,v3,12h,TRX,global_ls,/futures/globalLongShortAccountRatio/history,2026-04-26T00:22:34.470854+00:00
2025-05-10 00:00:00+00:00,2.16,68.36,v3,12h,TRX,global_ls,/futures/globalLongShortAccountRatio/history,2026-04-26T00:22:34.470854+00:00
2025-05-10 12:00:00+00:00,2.1,67.69,v3,12h,TRX,global_ls,/futures/globalLongShortAccountRatio/history,2026-04-26T00:22:34.470854+00:00
2025-05-11 00:00:00+00:00,2.31,69.8,v3,12h,TRX,global_ls,/futures/globalLongShortAccountRatio/history,2026-04-26T00:22:34.470854+00:00
2025-05-11 12:00:00+00:00,2.27,69.39,v3,12h,TRX,global_ls,/futures/globalLongShortAccountRatio/history,2026-04-26T00:22:34.470854+00:00
2025-05-12 00:00:00+00:00,2.29,69.63,v3,12h,TRX,global_ls,/futures/globalLongShortAccountRatio/history,2026-04-26T00:22:34.470854+00:00
2025-05-12 12:00:00+00:00,2.31,69.82,v3,12h,TRX,global_ls,/futures/globalLongShortAccountRatio/history,2026-04-26T00:22:34.470854+00:00
2025-05-13 00:00:00+00:00,2.17,68.42,v3,12h,TRX,global_ls,/futures/globalLongShortAccountRatio/history,2026-04-26T00:22:34.470854+00:00
2025-05-13 12:00:00+00:00,1.94,65.94,v3,12h,TRX,global_ls,/futures/globalLongShortAccountRatio/history,2026-04-26T00:22:34.470854+00:00
2025-05-14 00:00:00+00:00,2.16,68.39,v3,12h,TRX,global_ls,/futures/globalLongShortAccountRatio/history,2026-04-26T00:22:34.470854+00:00
2025-05-14 12:00:00+00:00,2.12,67.95,v3,12h,TRX,global_ls,/futures/globalLongShortAccountRatio/history,2026-04-26T00:22:34.470854+00:00
2025-05-15 00:00:00+00:00,2.14,68.15,v3,12h,TRX,global_ls,/futures/globalLongShortAccountRatio/history,2026-04-26T00:22:34.470854+00:00
2025-05-15 12:00:00+00:00,2.02,66.9,v3,12h,TRX,global_ls,/futures/globalLongShortAccountRatio/history,2026-04-26T00:22:34.470854+00:00
2025-05-16 00:00:00+00:00,2.12,67.93,v3,12h,TRX,global_ls,/futures/globalLongShortAccountRatio/history,2026-04-26T00:22:34.470854+00:00
2025-05-16 12:00:00+00:00,2.21,68.85,v3,12h,TRX,global_ls,/futures/globalLongShortAccountRatio/history,2026-04-26T00:22:34.470854+00:00
2025-05-17 00:00:00+00:00,2.26,69.33,v3,12h,TRX,global_ls,/futures/globalLongShortAccountRatio/history,2026-04-26T00:22:34.470854+00:00
2025-05-17 12:00:00+00:00,2.09,67.61,v3,12h,TRX,global_ls,/futures/globalLongShortAccountRatio/history,2026-04-26T00:22:34.470854+00:00
2025-05-18 00:00:00+00:00,2.17,68.41,v3,12h,TRX,global_ls,/futures/globalLongShortAccountRatio/history,2026-04-26T00:22:34.470854+00:00
2025-05-18 12:00:00+00:00,2.12,67.98,v3,12h,TRX,global_ls,/futures/globalLongShortAccountRatio/history,2026-04-26T00:22:34.470854+00:00
2025-05-19 00:00:00+00:00,1.99,66.58,v3,12h,TRX,global_ls,/futures/globalLongShortAccountRatio/history,2026-04-26T00:22:34.470854+00:00
2025-05-19 12:00:00+00:00,2.0,66.65,v3,12h,TRX,global_ls,/futures/globalLongShortAccountRatio/history,2026-04-26T00:22:34.470854+00:00
2025-05-20 00:00:00+00:00,2.15,68.23,v3,12h,TRX,global_ls,/futures/globalLongShortAccountRatio/history,2026-04-26T00:22:34.470854+00:00
2025-05-20 12:00:00+00:00,1.95,66.07,v3,12h,TRX,global_ls,/futures/globalLongShortAccountRatio/history,2026-04-26T00:22:34.470854+00:00
2025-05-21 00:00:00+00:00,2.04,67.06,v3,12h,TRX,global_ls,/futures/globalLongShortAccountRatio/history,2026-04-26T00:22:34.470854+00:00
2025-05-21 12:00:00+00:00,2.14,68.16,v3,12h,TRX,global_ls,/futures/globalLongShortAccountRatio/history,2026-04-26T00:22:34.470854+00:00
2025-05-22 00:00:00+00:00,2.02,66.84,v3,12h,TRX,global_ls,/futures/globalLongShortAccountRatio/history,2026-04-26T00:22:34.470854+00:00
2025-05-22 12:00:00+00:00,2.09,67.59,v3,12h,TRX,global_ls,/futures/globalLongShortAccountRatio/history,2026-04-26T00:22:34.470854+00:00
2025-05-23 00:00:00+00:00,1.94,65.94,v3,12h,TRX,global_ls,/futures/globalLongShortAccountRatio/history,2026-04-26T00:22:34.470854+00:00
2025-05-23 12:00:00+00:00,2.04,67.06,v3,12h,TRX,global_ls,/futures/globalLongShortAccountRatio/history,2026-04-26T00:22:34.470854+00:00
2025-05-24 00:00:00+00:00,1.8,64.29,v3,12h,TRX,global_ls,/futures/globalLongShortAccountRatio/history,2026-04-26T00:22:34.470854+00:00
2025-05-24 12:00:00+00:00,1.96,66.23,v3,12h,TRX,global_ls,/futures/globalLongShortAccountRatio/history,2026-04-26T00:22:34.470854+00:00
2025-05-25 00:00:00+00:00,2.04,67.14,v3,12h,TRX,global_ls,/futures/globalLongShortAccountRatio/history,2026-04-26T00:22:34.470854+00:00
2025-05-25 12:00:00+00:00,1.97,66.36,v3,12h,TRX,global_ls,/futures/globalLongShortAccountRatio/history,2026-04-26T00:22:34.470854+00:00
2025-05-26 00:00:00+00:00,2.04,67.05,v3,12h,TRX,global_ls,/futures/globalLongShortAccountRatio/history,2026-04-26T00:22:34.470854+00:00
2025-05-26 12:00:00+00:00,1.83,64.7,v3,12h,TRX,global_ls,/futures/globalLongShortAccountRatio/history,2026-04-26T00:22:34.470854+00:00
2025-05-27 00:00:00+00:00,2.01,66.79,v3,12h,TRX,global_ls,/futures/globalLongShortAccountRatio/history,2026-04-26T00:22:34.470854+00:00
2025-05-27 12:00:00+00:00,1.85,64.87,v3,12h,TRX,global_ls,/futures/globalLongShortAccountRatio/history,2026-04-26T00:22:34.470854+00:00
2025-05-28 00:00:00+00:00,1.96,66.2,v3,12h,TRX,global_ls,/futures/globalLongShortAccountRatio/history,2026-04-26T00:22:34.470854+00:00
2025-05-28 12:00:00+00:00,1.91,65.67,v3,12h,TRX,global_ls,/futures/globalLongShortAccountRatio/history,2026-04-26T00:22:34.470854+00:00
2025-05-29 00:00:00+00:00,1.97,66.33,v3,12h,TRX,global_ls,/futures/globalLongShortAccountRatio/history,2026-04-26T00:22:34.470854+00:00
2025-05-29 12:00:00+00:00,1.76,63.78,v3,12h,TRX,global_ls,/futures/globalLongShortAccountRatio/history,2026-04-26T00:22:34.470854+00:00
2025-05-30 00:00:00+00:00,1.73,63.37,v3,12h,TRX,global_ls,/futures/globalLongShortAccountRatio/history,2026-04-26T00:22:34.470854+00:00
2025-05-30 12:00:00+00:00,1.81,64.46,v3,12h,TRX,global_ls,/futures/globalLongShortAccountRatio/history,2026-04-26T00:22:34.470854+00:00
2025-05-31 00:00:00+00:00,1.75,63.69,v3,12h,TRX,global_ls,/futures/globalLongShortAccountRatio/history,2026-04-26T00:22:34.470854+00:00
2025-05-31 12:00:00+00:00,1.75,63.67,v3,12h,TRX,global_ls,/futures/globalLongShortAccountRatio/history,2026-04-26T00:22:34.470854+00:00
2025-06-01 00:00:00+00:00,1.74,63.48,v3,12h,TRX,global_ls,/futures/globalLongShortAccountRatio/history,2026-04-26T00:22:34.470854+00:00
2025-06-01 12:00:00+00:00,1.68,62.63,v3,12h,TRX,global_ls,/futures/globalLongShortAccountRatio/history,2026-04-26T00:22:34.470854+00:00
2025-06-02 00:00:00+00:00,1.77,63.91,v3,12h,TRX,global_ls,/futures/globalLongShortAccountRatio/history,2026-04-26T00:22:34.470854+00:00
2025-06-02 12:00:00+00:00,1.79,64.12,v3,12h,TRX,global_ls,/futures/globalLongShortAccountRatio/history,2026-04-26T00:22:34.470854+00:00
2025-06-03 00:00:00+00:00,1.75,63.66,v3,12h,TRX,global_ls,/futures/globalLongShortAccountRatio/history,2026-04-26T00:22:34.470854+00:00
2025-06-03 12:00:00+00:00,1.74,63.51,v3,12h,TRX,global_ls,/futures/globalLongShortAccountRatio/history,2026-04-26T00:22:34.470854+00:00
2025-06-04 00:00:00+00:00,1.7,62.98,v3,12h,TRX,global_ls,/futures/globalLongShortAccountRatio/history,2026-04-26T00:22:34.470854+00:00
2025-06-04 12:00:00+00:00,1.63,62.03,v3,12h,TRX,global_ls,/futures/globalLongShortAccountRatio/history,2026-04-26T00:22:34.470854+00:00
2025-06-05 00:00:00+00:00,1.64,62.14,v3,12h,TRX,global_ls,/futures/globalLongShortAccountRatio/history,2026-04-26T00:22:34.470854+00:00
2025-06-05 12:00:00+00:00,1.67,62.48,v3,12h,TRX,global_ls,/futures/globalLongShortAccountRatio/history,2026-04-26T00:22:34.470854+00:00
2025-06-06 00:00:00+00:00,1.57,61.01,v3,12h,TRX,global_ls,/futures/globalLongShortAccountRatio/history,2026-04-26T00:22:34.470854+00:00
2025-06-06 12:00:00+00:00,1.68,62.67,v3,12h,TRX,global_ls,/futures/globalLongShortAccountRatio/history,2026-04-26T00:22:34.470854+00:00
2025-06-07 00:00:00+00:00,1.75,63.67,v3,12h,TRX,global_ls,/futures/globalLongShortAccountRatio/history,2026-04-26T00:22:34.470854+00:00
2025-06-07 12:00:00+00:00,1.78,63.96,v3,12h,TRX,global_ls,/futures/globalLongShortAccountRatio/history,2026-04-26T00:22:34.470854+00:00
2025-06-08 00:00:00+00:00,1.64,62.12,v3,12h,TRX,global_ls,/futures/globalLongShortAccountRatio/history,2026-04-26T00:22:34.470854+00:00
2025-06-08 12:00:00+00:00,1.6,61.48,v3,12h,TRX,global_ls,/futures/globalLongShortAccountRatio/history,2026-04-26T00:22:34.470854+00:00
2025-06-09 00:00:00+00:00,1.69,62.82,v3,12h,TRX,global_ls,/futures/globalLongShortAccountRatio/history,2026-04-26T00:22:34.470854+00:00
2025-06-09 12:00:00+00:00,1.79,64.15,v3,12h,TRX,global_ls,/futures/globalLongShortAccountRatio/history,2026-04-26T00:22:34.470854+00:00
2025-06-10 00:00:00+00:00,1.58,61.17,v3,12h,TRX,global_ls,/futures/globalLongShortAccountRatio/history,2026-04-26T00:22:34.470854+00:00
2025-06-10 12:00:00+00:00,1.57,61.02,v3,12h,TRX,global_ls,/futures/globalLongShortAccountRatio/history,2026-04-26T00:22:34.470854+00:00
2025-06-11 00:00:00+00:00,1.53,60.39,v3,12h,TRX,global_ls,/futures/globalLongShortAccountRatio/history,2026-04-26T00:22:34.470854+00:00
2025-06-11 12:00:00+00:00,1.61,61.65,v3,12h,TRX,global_ls,/futures/globalLongShortAccountRatio/history,2026-04-26T00:22:34.470854+00:00
2025-06-12 00:00:00+00:00,1.7,62.98,v3,12h,TRX,global_ls,/futures/globalLongShortAccountRatio/history,2026-04-26T00:22:34.470854+00:00
2025-06-12 12:00:00+00:00,1.61,61.65,v3,12h,TRX,global_ls,/futures/globalLongShortAccountRatio/history,2026-04-26T00:22:34.470854+00:00
2025-06-13 00:00:00+00:00,1.61,61.61,v3,12h,TRX,global_ls,/futures/globalLongShortAccountRatio/history,2026-04-26T00:22:34.470854+00:00
2025-06-13 12:00:00+00:00,1.65,62.2,v3,12h,TRX,global_ls,/futures/globalLongShortAccountRatio/history,2026-04-26T00:22:34.470854+00:00
2025-06-14 00:00:00+00:00,1.56,60.86,v3,12h,TRX,global_ls,/futures/globalLongShortAccountRatio/history,2026-04-26T00:22:34.470854+00:00
2025-06-14 12:00:00+00:00,1.52,60.33,v3,12h,TRX,global_ls,/futures/globalLongShortAccountRatio/history,2026-04-26T00:22:34.470854+00:00
2025-06-15 00:00:00+00:00,1.55,60.74,v3,12h,TRX,global_ls,/futures/globalLongShortAccountRatio/history,2026-04-26T00:22:34.470854+00:00
2025-06-15 12:00:00+00:00,1.54,60.55,v3,12h,TRX,global_ls,/futures/globalLongShortAccountRatio/history,2026-04-26T00:22:34.470854+00:00
2025-06-16 00:00:00+00:00,1.58,61.3,v3,12h,TRX,global_ls,/futures/globalLongShortAccountRatio/history,2026-04-26T00:22:34.470854+00:00
2025-06-16 12:00:00+00:00,1.53,60.45,v3,12h,TRX,global_ls,/futures/globalLongShortAccountRatio/history,2026-04-26T00:22:34.470854+00:00
2025-06-17 00:00:00+00:00,1.67,62.57,v3,12h,TRX,global_ls,/futures/globalLongShortAccountRatio/history,2026-04-26T00:22:34.470854+00:00
2025-06-17 12:00:00+00:00,1.66,62.42,v3,12h,TRX,global_ls,/futures/globalLongShortAccountRatio/history,2026-04-26T00:22:34.470854+00:00
2025-06-18 00:00:00+00:00,1.78,63.98,v3,12h,TRX,global_ls,/futures/globalLongShortAccountRatio/history,2026-04-26T00:22:34.470854+00:00
2025-06-18 12:00:00+00:00,1.75,63.68,v3,12h,TRX,global_ls,/futures/globalLongShortAccountRatio/history,2026-04-26T00:22:34.470854+00:00
2025-06-19 00:00:00+00:00,1.68,62.68,v3,12h,TRX,global_ls,/futures/globalLongShortAccountRatio/history,2026-04-26T00:22:34.470854+00:00
2025-06-19 12:00:00+00:00,1.56,60.86,v3,12h,TRX,global_ls,/futures/globalLongShortAccountRatio/history,2026-04-26T00:22:34.470854+00:00
2025-06-20 00:00:00+00:00,1.63,61.91,v3,12h,TRX,global_ls,/futures/globalLongShortAccountRatio/history,2026-04-26T00:22:34.470854+00:00
2025-06-20 12:00:00+00:00,1.93,65.87,v3,12h,TRX,global_ls,/futures/globalLongShortAccountRatio/history,2026-04-26T00:22:34.470854+00:00
2025-06-21 00:00:00+00:00,1.96,66.25,v3,12h,TRX,global_ls,/futures/globalLongShortAccountRatio/history,2026-04-26T00:22:34.470854+00:00
2025-06-21 12:00:00+00:00,1.92,65.76,v3,12h,TRX,global_ls,/futures/globalLongShortAccountRatio/history,2026-04-26T00:22:34.470854+00:00
2025-06-22 00:00:00+00:00,1.93,65.81,v3,12h,TRX,global_ls,/futures/globalLongShortAccountRatio/history,2026-04-26T00:22:34.470854+00:00
2025-06-22 12:00:00+00:00,1.85,64.89,v3,12h,TRX,global_ls,/futures/globalLongShortAccountRatio/history,2026-04-26T00:22:34.470854+00:00
2025-06-23 00:00:00+00:00,1.61,61.63,v3,12h,TRX,global_ls,/futures/globalLongShortAccountRatio/history,2026-04-26T00:22:34.470854+00:00
2025-06-23 12:00:00+00:00,1.63,61.9,v3,12h,TRX,global_ls,/futures/globalLongShortAccountRatio/history,2026-04-26T00:22:34.470854+00:00
2025-06-24 00:00:00+00:00,1.63,62.04,v3,12h,TRX,global_ls,/futures/globalLongShortAccountRatio/history,2026-04-26T00:22:34.470854+00:00
2025-06-24 12:00:00+00:00,1.61,61.74,v3,12h,TRX,global_ls,/futures/globalLongShortAccountRatio/history,2026-04-26T00:22:34.470854+00:00
2025-06-25 00:00:00+00:00,1.62,61.8,v3,12h,TRX,global_ls,/futures/globalLongShortAccountRatio/history,2026-04-26T00:22:34.470854+00:00
2025-06-25 12:00:00+00:00,1.68,62.65,v3,12h,TRX,global_ls,/futures/globalLongShortAccountRatio/history,2026-04-26T00:22:34.470854+00:00
2025-06-26 00:00:00+00:00,1.69,62.88,v3,12h,TRX,global_ls,/futures/globalLongShortAccountRatio/history,2026-04-26T00:22:34.470854+00:00
2025-06-26 12:00:00+00:00,1.54,60.56,v3,12h,TRX,global_ls,/futures/globalLongShortAccountRatio/history,2026-04-26T00:22:34.470854+00:00
2025-06-27 00:00:00+00:00,1.56,61.0,v3,12h,TRX,global_ls,/futures/globalLongShortAccountRatio/history,2026-04-26T00:22:34.470854+00:00
2025-06-27 12:00:00+00:00,1.65,62.31,v3,12h,TRX,global_ls,/futures/globalLongShortAccountRatio/history,2026-04-26T00:22:34.470854+00:00
2025-06-28 00:00:00+00:00,1.67,62.51,v3,12h,TRX,global_ls,/futures/globalLongShortAccountRatio/history,2026-04-26T00:22:34.470854+00:00
2025-06-28 12:00:00+00:00,1.61,61.73,v3,12h,TRX,global_ls,/futures/globalLongShortAccountRatio/history,2026-04-26T00:22:34.470854+00:00
2025-06-29 00:00:00+00:00,1.73,63.33,v3,12h,TRX,global_ls,/futures/globalLongShortAccountRatio/history,2026-04-26T00:22:34.470854+00:00
2025-06-29 12:00:00+00:00,1.68,62.61,v3,12h,TRX,global_ls,/futures/globalLongShortAccountRatio/history,2026-04-26T00:22:34.470854+00:00
2025-06-30 00:00:00+00:00,1.7,63.0,v3,12h,TRX,global_ls,/futures/globalLongShortAccountRatio/history,2026-04-26T00:22:34.470854+00:00
2025-06-30 12:00:00+00:00,1.67,62.57,v3,12h,TRX,global_ls,/futures/globalLongShortAccountRatio/history,2026-04-26T00:22:34.470854+00:00
2025-07-01 00:00:00+00:00,1.6,61.55,v3,12h,TRX,global_ls,/futures/globalLongShortAccountRatio/history,2026-04-26T00:22:34.470854+00:00
2025-07-01 12:00:00+00:00,1.52,60.25,v3,12h,TRX,global_ls,/futures/globalLongShortAccountRatio/history,2026-04-26T00:22:34.470854+00:00
2025-07-02 00:00:00+00:00,1.53,60.4,v3,12h,TRX,global_ls,/futures/globalLongShortAccountRatio/history,2026-04-26T00:22:34.470854+00:00
2025-07-02 12:00:00+00:00,1.44,58.99,v3,12h,TRX,global_ls,/futures/globalLongShortAccountRatio/history,2026-04-26T00:22:34.470854+00:00
2025-07-03 00:00:00+00:00,1.44,59.07,v3,12h,TRX,global_ls,/futures/globalLongShortAccountRatio/history,2026-04-26T00:22:34.470854+00:00
2025-07-03 12:00:00+00:00,1.45,59.14,v3,12h,TRX,global_ls,/futures/globalLongShortAccountRatio/history,2026-04-26T00:22:34.470854+00:00
2025-07-04 00:00:00+00:00,1.41,58.46,v3,12h,TRX,global_ls,/futures/globalLongShortAccountRatio/history,2026-04-26T00:22:34.470854+00:00
2025-07-04 12:00:00+00:00,1.36,57.66,v3,12h,TRX,global_ls,/futures/globalLongShortAccountRatio/history,2026-04-26T00:22:34.470854+00:00
2025-07-05 00:00:00+00:00,1.42,58.75,v3,12h,TRX,global_ls,/futures/globalLongShortAccountRatio/history,2026-04-26T00:22:34.470854+00:00
2025-07-05 12:00:00+00:00,1.39,58.16,v3,12h,TRX,global_ls,/futures/globalLongShortAccountRatio/history,2026-04-26T00:22:34.470854+00:00
2025-07-06 00:00:00+00:00,1.32,56.97,v3,12h,TRX,global_ls,/futures/globalLongShortAccountRatio/history,2026-04-26T00:22:34.470854+00:00
2025-07-06 12:00:00+00:00,1.33,57.03,v3,12h,TRX,global_ls,/futures/globalLongShortAccountRatio/history,2026-04-26T00:22:34.470854+00:00
2025-07-07 00:00:00+00:00,1.35,57.4,v3,12h,TRX,global_ls,/futures/globalLongShortAccountRatio/history,2026-04-26T00:22:34.470854+00:00
2025-07-07 12:00:00+00:00,1.4,58.29,v3,12h,TRX,global_ls,/futures/globalLongShortAccountRatio/history,2026-04-26T00:22:34.470854+00:00
2025-07-08 00:00:00+00:00,1.38,58.02,v3,12h,TRX,global_ls,/futures/globalLongShortAccountRatio/history,2026-04-26T00:22:34.470854+00:00
2025-07-08 12:00:00+00:00,1.33,57.05,v3,12h,TRX,global_ls,/futures/globalLongShortAccountRatio/history,2026-04-26T00:22:34.470854+00:00
2025-07-09 00:00:00+00:00,1.27,55.97,v3,12h,TRX,global_ls,/futures/globalLongShortAccountRatio/history,2026-04-26T00:22:34.470854+00:00
2025-07-09 12:00:00+00:00,1.28,56.21,v3,12h,TRX,global_ls,/futures/globalLongShortAccountRatio/history,2026-04-26T00:22:34.470854+00:00
2025-07-10 00:00:00+00:00,1.28,56.17,v3,12h,TRX,global_ls,/futures/globalLongShortAccountRatio/history,2026-04-26T00:22:34.470854+00:00
2025-07-10 12:00:00+00:00,1.28,56.06,v3,12h,TRX,global_ls,/futures/globalLongShortAccountRatio/history,2026-04-26T00:22:34.470854+00:00
2025-07-11 00:00:00+00:00,1.29,56.39,v3,12h,TRX,global_ls,/futures/globalLongShortAccountRatio/history,2026-04-26T00:22:34.470854+00:00
2025-07-11 12:00:00+00:00,1.25,55.51,v3,12h,TRX,global_ls,/futures/globalLongShortAccountRatio/history,2026-04-26T00:22:34.470854+00:00
2025-07-12 00:00:00+00:00,1.27,55.85,v3,12h,TRX,global_ls,/futures/globalLongShortAccountRatio/history,2026-04-26T00:22:34.470854+00:00
2025-07-12 12:00:00+00:00,1.33,57.06,v3,12h,TRX,global_ls,/futures/globalLongShortAccountRatio/history,2026-04-26T00:22:34.470854+00:00
2025-07-13 00:00:00+00:00,1.52,60.3,v3,12h,TRX,global_ls,/futures/globalLongShortAccountRatio/history,2026-04-26T00:22:34.470854+00:00
2025-07-13 12:00:00+00:00,1.51,60.12,v3,12h,TRX,global_ls,/futures/globalLongShortAccountRatio/history,2026-04-26T00:22:34.470854+00:00
2025-07-14 00:00:00+00:00,1.53,60.49,v3,12h,TRX,global_ls,/futures/globalLongShortAccountRatio/history,2026-04-26T00:22:34.470854+00:00
2025-07-14 12:00:00+00:00,1.32,56.88,v3,12h,TRX,global_ls,/futures/globalLongShortAccountRatio/history,2026-04-26T00:22:34.470854+00:00
2025-07-15 00:00:00+00:00,1.38,57.99,v3,12h,TRX,global_ls,/futures/globalLongShortAccountRatio/history,2026-04-26T00:22:34.470854+00:00
2025-07-15 12:00:00+00:00,1.22,54.97,v3,12h,TRX,global_ls,/futures/globalLongShortAccountRatio/history,2026-04-26T00:22:34.470854+00:00
2025-07-16 00:00:00+00:00,1.22,54.97,v3,12h,TRX,global_ls,/futures/globalLongShortAccountRatio/history,2026-04-26T00:22:34.470854+00:00
2025-07-16 12:00:00+00:00,1.17,54.01,v3,12h,TRX,global_ls,/futures/globalLongShortAccountRatio/history,2026-04-26T00:22:34.470854+00:00
2025-07-17 00:00:00+00:00,1.43,58.82,v3,12h,TRX,global_ls,/futures/globalLongShortAccountRatio/history,2026-04-26T00:22:34.470854+00:00
2025-07-17 12:00:00+00:00,1.37,57.83,v3,12h,TRX,global_ls,/futures/globalLongShortAccountRatio/history,2026-04-26T00:22:34.470854+00:00
2025-07-18 00:00:00+00:00,1.38,58.04,v3,12h,TRX,global_ls,/futures/globalLongShortAccountRatio/history,2026-04-26T00:22:34.470854+00:00
2025-07-18 12:00:00+00:00,1.53,60.45,v3,12h,TRX,global_ls,/futures/globalLongShortAccountRatio/history,2026-04-26T00:22:34.470854+00:00
2025-07-19 00:00:00+00:00,1.68,62.62,v3,12h,TRX,global_ls,/futures/globalLongShortAccountRatio/history,2026-04-26T00:22:34.470854+00:00
2025-07-19 12:00:00+00:00,1.7,63.01,v3,12h,TRX,global_ls,/futures/globalLongShortAccountRatio/history,2026-04-26T00:22:34.470854+00:00
2025-07-20 00:00:00+00:00,1.68,62.69,v3,12h,TRX,global_ls,/futures/globalLongShortAccountRatio/history,2026-04-26T00:22:34.470854+00:00
2025-07-20 12:00:00+00:00,1.68,62.73,v3,12h,TRX,global_ls,/futures/globalLongShortAccountRatio/history,2026-04-26T00:22:34.470854+00:00
2025-07-21 00:00:00+00:00,1.7,62.96,v3,12h,TRX,global_ls,/futures/globalLongShortAccountRatio/history,2026-04-26T00:22:34.470854+00:00
2025-07-21 12:00:00+00:00,1.61,61.71,v3,12h,TRX,global_ls,/futures/globalLongShortAccountRatio/history,2026-04-26T00:22:34.470854+00:00
2025-07-22 00:00:00+00:00,1.66,62.42,v3,12h,TRX,global_ls,/futures/globalLongShortAccountRatio/history,2026-04-26T00:22:34.470854+00:00
2025-07-22 12:00:00+00:00,1.63,61.94,v3,12h,TRX,global_ls,/futures/globalLongShortAccountRatio/history,2026-04-26T00:22:34.470854+00:00
2025-07-23 00:00:00+00:00,1.85,64.9,v3,12h,TRX,global_ls,/futures/globalLongShortAccountRatio/history,2026-04-26T00:22:34.470854+00:00
2025-07-23 12:00:00+00:00,1.97,66.33,v3,12h,TRX,global_ls,/futures/globalLongShortAccountRatio/history,2026-04-26T00:22:34.470854+00:00
2025-07-24 00:00:00+00:00,1.73,63.32,v3,12h,TRX,global_ls,/futures/globalLongShortAccountRatio/history,2026-04-26T00:22:34.470854+00:00
2025-07-24 12:00:00+00:00,1.7,63.01,v3,12h,TRX,global_ls,/futures/globalLongShortAccountRatio/history,2026-04-26T00:22:34.470854+00:00
2025-07-25 00:00:00+00:00,1.71,63.13,v3,12h,TRX,global_ls,/futures/globalLongShortAccountRatio/history,2026-04-26T00:22:34.470854+00:00
2025-07-25 12:00:00+00:00,1.83,64.64,v3,12h,TRX,global_ls,/futures/globalLongShortAccountRatio/history,2026-04-26T00:22:34.470854+00:00
2025-07-26 00:00:00+00:00,1.91,65.61,v3,12h,TRX,global_ls,/futures/globalLongShortAccountRatio/history,2026-04-26T00:22:34.470854+00:00
2025-07-26 12:00:00+00:00,1.84,64.73,v3,12h,TRX,global_ls,/futures/globalLongShortAccountRatio/history,2026-04-26T00:22:34.470854+00:00
2025-07-27 00:00:00+00:00,1.87,65.14,v3,12h,TRX,global_ls,/futures/globalLongShortAccountRatio/history,2026-04-26T00:22:34.470854+00:00
2025-07-27 12:00:00+00:00,1.89,65.34,v3,12h,TRX,global_ls,/futures/globalLongShortAccountRatio/history,2026-04-26T00:22:34.470854+00:00
2025-07-28 00:00:00+00:00,1.87,65.17,v3,12h,TRX,global_ls,/futures/globalLongShortAccountRatio/history,2026-04-26T00:22:34.470854+00:00
2025-07-28 12:00:00+00:00,1.8,64.32,v3,12h,TRX,global_ls,/futures/globalLongShortAccountRatio/history,2026-04-26T00:22:34.470854+00:00
2025-07-29 00:00:00+00:00,1.75,63.61,v3,12h,TRX,global_ls,/futures/globalLongShortAccountRatio/history,2026-04-26T00:22:34.470854+00:00
2025-07-29 12:00:00+00:00,1.43,58.91,v3,12h,TRX,global_ls,/futures/globalLongShortAccountRatio/history,2026-04-26T00:22:34.470854+00:00
2025-07-30 00:00:00+00:00,1.67,62.47,v3,12h,TRX,global_ls,/futures/globalLongShortAccountRatio/history,2026-04-26T00:22:34.470854+00:00
2025-07-30 12:00:00+00:00,1.4,58.27,v3,12h,TRX,global_ls,/futures/globalLongShortAccountRatio/history,2026-04-26T00:22:34.470854+00:00
2025-07-31 00:00:00+00:00,1.74,63.51,v3,12h,TRX,global_ls,/futures/globalLongShortAccountRatio/history,2026-04-26T00:22:34.470854+00:00
2025-07-31 12:00:00+00:00,1.55,60.84,v3,12h,TRX,global_ls,/futures/globalLongShortAccountRatio/history,2026-04-26T00:22:34.470854+00:00
2025-08-01 00:00:00+00:00,1.5,59.97,v3,12h,TRX,global_ls,/futures/globalLongShortAccountRatio/history,2026-04-26T00:22:34.470854+00:00
2025-08-01 12:00:00+00:00,1.46,59.27,v3,12h,TRX,global_ls,/futures/globalLongShortAccountRatio/history,2026-04-26T00:22:34.470854+00:00
2025-08-02 00:00:00+00:00,1.44,59.08,v3,12h,TRX,global_ls,/futures/globalLongShortAccountRatio/history,2026-04-26T00:22:34.470854+00:00
2025-08-02 12:00:00+00:00,1.45,59.24,v3,12h,TRX,global_ls,/futures/globalLongShortAccountRatio/history,2026-04-26T00:22:34.470854+00:00
2025-08-03 00:00:00+00:00,1.37,57.78,v3,12h,TRX,global_ls,/futures/globalLongShortAccountRatio/history,2026-04-26T00:22:34.470854+00:00
2025-08-03 12:00:00+00:00,1.59,61.39,v3,12h,TRX,global_ls,/futures/globalLongShortAccountRatio/history,2026-04-26T00:22:34.470854+00:00
2025-08-04 00:00:00+00:00,1.59,61.39,v3,12h,TRX,global_ls,/futures/globalLongShortAccountRatio/history,2026-04-26T00:22:34.470854+00:00
2025-08-04 12:00:00+00:00,1.7,62.96,v3,12h,TRX,global_ls,/futures/globalLongShortAccountRatio/history,2026-04-26T00:22:34.470854+00:00
2025-08-05 00:00:00+00:00,1.75,63.64,v3,12h,TRX,global_ls,/futures/globalLongShortAccountRatio/history,2026-04-26T00:22:34.470854+00:00
2025-08-05 12:00:00+00:00,1.7,62.89,v3,12h,TRX,global_ls,/futures/globalLongShortAccountRatio/history,2026-04-26T00:22:34.470854+00:00
2025-08-06 00:00:00+00:00,1.67,62.56,v3,12h,TRX,global_ls,/futures/globalLongShortAccountRatio/history,2026-04-26T00:22:34.470854+00:00
2025-08-06 12:00:00+00:00,1.67,62.49,v3,12h,TRX,global_ls,/futures/globalLongShortAccountRatio/history,2026-04-26T00:22:34.470854+00:00
2025-08-07 00:00:00+00:00,1.45,59.2,v3,12h,TRX,global_ls,/futures/globalLongShortAccountRatio/history,2026-04-26T00:22:34.470854+00:00
2025-08-07 12:00:00+00:00,1.43,58.86,v3,12h,TRX,global_ls,/futures/globalLongShortAccountRatio/history,2026-04-26T00:22:34.470854+00:00
2025-08-08 00:00:00+00:00,1.43,58.87,v3,12h,TRX,global_ls,/futures/globalLongShortAccountRatio/history,2026-04-26T00:22:34.470854+00:00
2025-08-08 12:00:00+00:00,1.38,58.02,v3,12h,TRX,global_ls,/futures/globalLongShortAccountRatio/history,2026-04-26T00:22:34.470854+00:00
2025-08-09 00:00:00+00:00,1.58,61.29,v3,12h,TRX,global_ls,/futures/globalLongShortAccountRatio/history,2026-04-26T00:22:34.470854+00:00
2025-08-09 12:00:00+00:00,1.51,60.08,v3,12h,TRX,global_ls,/futures/globalLongShortAccountRatio/history,2026-04-26T00:22:34.470854+00:00
2025-08-10 00:00:00+00:00,1.2,54.59,v3,12h,TRX,global_ls,/futures/globalLongShortAccountRatio/history,2026-04-26T00:22:34.470854+00:00
2025-08-10 12:00:00+00:00,1.28,56.11,v3,12h,TRX,global_ls,/futures/globalLongShortAccountRatio/history,2026-04-26T00:22:34.470854+00:00
2025-08-11 00:00:00+00:00,1.31,56.69,v3,12h,TRX,global_ls,/futures/globalLongShortAccountRatio/history,2026-04-26T00:22:34.470854+00:00
2025-08-11 12:00:00+00:00,1.31,56.74,v3,12h,TRX,global_ls,/futures/globalLongShortAccountRatio/history,2026-04-26T00:22:34.470854+00:00
2025-08-12 00:00:00+00:00,1.37,57.75,v3,12h,TRX,global_ls,/futures/globalLongShortAccountRatio/history,2026-04-26T00:22:34.470854+00:00
2025-08-12 12:00:00+00:00,1.4,58.26,v3,12h,TRX,global_ls,/futures/globalLongShortAccountRatio/history,2026-04-26T00:22:34.470854+00:00
2025-08-13 00:00:00+00:00,1.51,60.19,v3,12h,TRX,global_ls,/futures/globalLongShortAccountRatio/history,2026-04-26T00:22:34.470854+00:00
2025-08-13 12:00:00+00:00,1.71,63.16,v3,12h,TRX,global_ls,/futures/globalLongShortAccountRatio/history,2026-04-26T00:22:34.470854+00:00
2025-08-14 00:00:00+00:00,1.8,64.34,v3,12h,TRX,global_ls,/futures/globalLongShortAccountRatio/history,2026-04-26T00:22:34.470854+00:00
2025-08-14 12:00:00+00:00,1.73,63.34,v3,12h,TRX,global_ls,/futures/globalLongShortAccountRatio/history,2026-04-26T00:22:34.470854+00:00
2025-08-15 00:00:00+00:00,1.63,61.92,v3,12h,TRX,global_ls,/futures/globalLongShortAccountRatio/history,2026-04-26T00:22:34.470854+00:00
2025-08-15 12:00:00+00:00,1.7,62.97,v3,12h,TRX,global_ls,/futures/globalLongShortAccountRatio/history,2026-04-26T00:22:34.470854+00:00
2025-08-16 00:00:00+00:00,1.67,62.59,v3,12h,TRX,global_ls,/futures/globalLongShortAccountRatio/history,2026-04-26T00:22:34.470854+00:00
2025-08-16 12:00:00+00:00,1.59,61.45,v3,12h,TRX,global_ls,/futures/globalLongShortAccountRatio/history,2026-04-26T00:22:34.470854+00:00
2025-08-17 00:00:00+00:00,1.62,61.83,v3,12h,TRX,global_ls,/futures/globalLongShortAccountRatio/history,2026-04-26T00:22:34.470854+00:00
2025-08-17 12:00:00+00:00,1.63,62.02,v3,12h,TRX,global_ls,/futures/globalLongShortAccountRatio/history,2026-04-26T00:22:34.470854+00:00
2025-08-18 00:00:00+00:00,1.58,61.29,v3,12h,TRX,global_ls,/futures/globalLongShortAccountRatio/history,2026-04-26T00:22:34.470854+00:00
2025-08-18 12:00:00+00:00,1.47,59.54,v3,12h,TRX,global_ls,/futures/globalLongShortAccountRatio/history,2026-04-26T00:22:34.470854+00:00
2025-08-19 00:00:00+00:00,1.53,60.44,v3,12h,TRX,global_ls,/futures/globalLongShortAccountRatio/history,2026-04-26T00:22:34.470854+00:00
2025-08-19 12:00:00+00:00,1.56,60.92,v3,12h,TRX,global_ls,/futures/globalLongShortAccountRatio/history,2026-04-26T00:22:34.470854+00:00
2025-08-20 00:00:00+00:00,1.55,60.7,v3,12h,TRX,global_ls,/futures/globalLongShortAccountRatio/history,2026-04-26T00:22:34.470854+00:00
2025-08-20 12:00:00+00:00,1.56,60.94,v3,12h,TRX,global_ls,/futures/globalLongShortAccountRatio/history,2026-04-26T00:22:34.470854+00:00
2025-08-21 00:00:00+00:00,1.61,61.68,v3,12h,TRX,global_ls,/futures/globalLongShortAccountRatio/history,2026-04-26T00:22:34.470854+00:00
2025-08-21 12:00:00+00:00,1.66,62.45,v3,12h,TRX,global_ls,/futures/globalLongShortAccountRatio/history,2026-04-26T00:22:34.470854+00:00
2025-08-22 00:00:00+00:00,1.64,62.05,v3,12h,TRX,global_ls,/futures/globalLongShortAccountRatio/history,2026-04-26T00:22:34.470854+00:00
2025-08-22 12:00:00+00:00,1.59,61.42,v3,12h,TRX,global_ls,/futures/globalLongShortAccountRatio/history,2026-04-26T00:22:34.470854+00:00
2025-08-23 00:00:00+00:00,1.6,61.56,v3,12h,TRX,global_ls,/futures/globalLongShortAccountRatio/history,2026-04-26T00:22:34.470854+00:00
2025-08-23 12:00:00+00:00,1.63,61.93,v3,12h,TRX,global_ls,/futures/globalLongShortAccountRatio/history,2026-04-26T00:22:34.470854+00:00
2025-08-24 00:00:00+00:00,1.62,61.77,v3,12h,TRX,global_ls,/futures/globalLongShortAccountRatio/history,2026-04-26T00:22:34.470854+00:00
2025-08-24 12:00:00+00:00,1.55,60.82,v3,12h,TRX,global_ls,/futures/globalLongShortAccountRatio/history,2026-04-26T00:22:34.470854+00:00
2025-08-25 00:00:00+00:00,1.66,62.38,v3,12h,TRX,global_ls,/futures/globalLongShortAccountRatio/history,2026-04-26T00:22:34.470854+00:00
2025-08-25 12:00:00+00:00,1.57,61.04,v3,12h,TRX,global_ls,/futures/globalLongShortAccountRatio/history,2026-04-26T00:22:34.470854+00:00
2025-08-26 00:00:00+00:00,1.43,58.78,v3,12h,TRX,global_ls,/futures/globalLongShortAccountRatio/history,2026-04-26T00:22:34.470854+00:00
2025-08-26 12:00:00+00:00,1.42,58.66,v3,12h,TRX,global_ls,/futures/globalLongShortAccountRatio/history,2026-04-26T00:22:34.470854+00:00
2025-08-27 00:00:00+00:00,1.53,60.41,v3,12h,TRX,global_ls,/futures/globalLongShortAccountRatio/history,2026-04-26T00:22:34.470854+00:00
2025-08-27 12:00:00+00:00,1.49,59.85,v3,12h,TRX,global_ls,/futures/globalLongShortAccountRatio/history,2026-04-26T00:22:34.470854+00:00
2025-08-28 00:00:00+00:00,1.47,59.57,v3,12h,TRX,global_ls,/futures/globalLongShortAccountRatio/history,2026-04-26T00:22:34.470854+00:00
2025-08-28 12:00:00+00:00,1.43,58.76,v3,12h,TRX,global_ls,/futures/globalLongShortAccountRatio/history,2026-04-26T00:22:34.470854+00:00
2025-08-29 00:00:00+00:00,1.43,58.79,v3,12h,TRX,global_ls,/futures/globalLongShortAccountRatio/history,2026-04-26T00:22:34.470854+00:00
2025-08-29 12:00:00+00:00,1.39,58.23,v3,12h,TRX,global_ls,/futures/globalLongShortAccountRatio/history,2026-04-26T00:22:34.470854+00:00
2025-08-30 00:00:00+00:00,1.44,59.06,v3,12h,TRX,global_ls,/futures/globalLongShortAccountRatio/history,2026-04-26T00:22:34.470854+00:00
2025-08-30 12:00:00+00:00,1.44,58.95,v3,12h,TRX,global_ls,/futures/globalLongShortAccountRatio/history,2026-04-26T00:22:34.470854+00:00
2025-08-31 00:00:00+00:00,1.42,58.7,v3,12h,TRX,global_ls,/futures/globalLongShortAccountRatio/history,2026-04-26T00:22:34.470854+00:00
2025-08-31 12:00:00+00:00,1.38,57.91,v3,12h,TRX,global_ls,/futures/globalLongShortAccountRatio/history,2026-04-26T00:22:34.470854+00:00
2025-09-01 00:00:00+00:00,1.38,58.06,v3,12h,TRX,global_ls,/futures/globalLongShortAccountRatio/history,2026-04-26T00:22:34.470854+00:00
2025-09-01 12:00:00+00:00,1.48,59.62,v3,12h,TRX,global_ls,/futures/globalLongShortAccountRatio/history,2026-04-26T00:22:34.470854+00:00
2025-09-02 00:00:00+00:00,1.48,59.68,v3,12h,TRX,global_ls,/futures/globalLongShortAccountRatio/history,2026-04-26T00:22:34.470854+00:00
2025-09-02 12:00:00+00:00,1.39,58.09,v3,12h,TRX,global_ls,/futures/globalLongShortAccountRatio/history,2026-04-26T00:22:34.470854+00:00
2025-09-03 00:00:00+00:00,1.38,58.01,v3,12h,TRX,global_ls,/futures/globalLongShortAccountRatio/history,2026-04-26T00:22:34.470854+00:00
2025-09-03 12:00:00+00:00,1.33,57.11,v3,12h,TRX,global_ls,/futures/globalLongShortAccountRatio/history,2026-04-26T00:22:34.470854+00:00
2025-09-04 00:00:00+00:00,1.39,58.17,v3,12h,TRX,global_ls,/futures/globalLongShortAccountRatio/history,2026-04-26T00:22:34.470854+00:00
2025-09-04 12:00:00+00:00,1.44,58.93,v3,12h,TRX,global_ls,/futures/globalLongShortAccountRatio/history,2026-04-26T00:22:34.470854+00:00
2025-09-05 00:00:00+00:00,1.38,57.98,v3,12h,TRX,global_ls,/futures/globalLongShortAccountRatio/history,2026-04-26T00:22:34.470854+00:00
2025-09-05 12:00:00+00:00,1.36,57.6,v3,12h,TRX,global_ls,/futures/globalLongShortAccountRatio/history,2026-04-26T00:22:34.470854+00:00
2025-09-06 00:00:00+00:00,1.36,57.62,v3,12h,TRX,global_ls,/futures/globalLongShortAccountRatio/history,2026-04-26T00:22:34.470854+00:00
2025-09-06 12:00:00+00:00,1.34,57.33,v3,12h,TRX,global_ls,/futures/globalLongShortAccountRatio/history,2026-04-26T00:22:34.470854+00:00
2025-09-07 00:00:00+00:00,1.33,57.06,v3,12h,TRX,global_ls,/futures/globalLongShortAccountRatio/history,2026-04-26T00:22:34.470854+00:00
2025-09-07 12:00:00+00:00,1.26,55.81,v3,12h,TRX,global_ls,/futures/globalLongShortAccountRatio/history,2026-04-26T00:22:34.470854+00:00
2025-09-08 00:00:00+00:00,1.3,56.44,v3,12h,TRX,global_ls,/futures/globalLongShortAccountRatio/history,2026-04-26T00:22:34.470854+00:00
2025-09-08 12:00:00+00:00,1.31,56.61,v3,12h,TRX,global_ls,/futures/globalLongShortAccountRatio/history,2026-04-26T00:22:34.470854+00:00
2025-09-09 00:00:00+00:00,1.3,56.6,v3,12h,TRX,global_ls,/futures/globalLongShortAccountRatio/history,2026-04-26T00:22:34.470854+00:00
2025-09-09 12:00:00+00:00,1.25,55.55,v3,12h,TRX,global_ls,/futures/globalLongShortAccountRatio/history,2026-04-26T00:22:34.470854+00:00
2025-09-10 00:00:00+00:00,1.39,58.2,v3,12h,TRX,global_ls,/futures/globalLongShortAccountRatio/history,2026-04-26T00:22:34.470854+00:00
2025-09-10 12:00:00+00:00,1.44,58.94,v3,12h,TRX,global_ls,/futures/globalLongShortAccountRatio/history,2026-04-26T00:22:34.470854+00:00
2025-09-11 00:00:00+00:00,1.46,59.34,v3,12h,TRX,global_ls,/futures/globalLongShortAccountRatio/history,2026-04-26T00:22:34.470854+00:00
2025-09-11 12:00:00+00:00,1.4,58.35,v3,12h,TRX,global_ls,/futures/globalLongShortAccountRatio/history,2026-04-26T00:22:34.470854+00:00
2025-09-12 00:00:00+00:00,1.45,59.13,v3,12h,TRX,global_ls,/futures/globalLongShortAccountRatio/history,2026-04-26T00:22:34.470854+00:00
2025-09-12 12:00:00+00:00,1.51,60.12,v3,12h,TRX,global_ls,/futures/globalLongShortAccountRatio/history,2026-04-26T00:22:34.470854+00:00
2025-09-13 00:00:00+00:00,1.52,60.26,v3,12h,TRX,global_ls,/futures/globalLongShortAccountRatio/history,2026-04-26T00:22:34.470854+00:00
2025-09-13 12:00:00+00:00,1.57,61.04,v3,12h,TRX,global_ls,/futures/globalLongShortAccountRatio/history,2026-04-26T00:22:34.470854+00:00
2025-09-14 00:00:00+00:00,1.58,61.21,v3,12h,TRX,global_ls,/futures/globalLongShortAccountRatio/history,2026-04-26T00:22:34.470854+00:00
2025-09-14 12:00:00+00:00,1.58,61.16,v3,12h,TRX,global_ls,/futures/globalLongShortAccountRatio/history,2026-04-26T00:22:34.470854+00:00
2025-09-15 00:00:00+00:00,1.46,59.41,v3,12h,TRX,global_ls,/futures/globalLongShortAccountRatio/history,2026-04-26T00:22:34.470854+00:00
2025-09-15 12:00:00+00:00,1.52,60.35,v3,12h,TRX,global_ls,/futures/globalLongShortAccountRatio/history,2026-04-26T00:22:34.470854+00:00
2025-09-16 00:00:00+00:00,1.55,60.7,v3,12h,TRX,global_ls,/futures/globalLongShortAccountRatio/history,2026-04-26T00:22:34.470854+00:00
2025-09-16 12:00:00+00:00,1.58,61.22,v3,12h,TRX,global_ls,/futures/globalLongShortAccountRatio/history,2026-04-26T00:22:34.470854+00:00
2025-09-17 00:00:00+00:00,1.64,62.1,v3,12h,TRX,global_ls,/futures/globalLongShortAccountRatio/history,2026-04-26T00:22:34.470854+00:00
2025-09-17 12:00:00+00:00,1.6,61.48,v3,12h,TRX,global_ls,/futures/globalLongShortAccountRatio/history,2026-04-26T00:22:34.470854+00:00
2025-09-18 00:00:00+00:00,1.54,60.65,v3,12h,TRX,global_ls,/futures/globalLongShortAccountRatio/history,2026-04-26T00:22:34.470854+00:00
2025-09-18 12:00:00+00:00,1.56,60.86,v3,12h,TRX,global_ls,/futures/globalLongShortAccountRatio/history,2026-04-26T00:22:34.470854+00:00
2025-09-19 00:00:00+00:00,1.62,61.76,v3,12h,TRX,global_ls,/futures/globalLongShortAccountRatio/history,2026-04-26T00:22:34.470854+00:00
2025-09-19 12:00:00+00:00,1.68,62.71,v3,12h,TRX,global_ls,/futures/globalLongShortAccountRatio/history,2026-04-26T00:22:34.470854+00:00
2025-09-20 00:00:00+00:00,1.72,63.23,v3,12h,TRX,global_ls,/futures/globalLongShortAccountRatio/history,2026-04-26T00:22:34.470854+00:00
2025-09-20 12:00:00+00:00,1.84,64.76,v3,12h,TRX,global_ls,/futures/globalLongShortAccountRatio/history,2026-04-26T00:22:34.470854+00:00
2025-09-21 00:00:00+00:00,1.92,65.79,v3,12h,TRX,global_ls,/futures/globalLongShortAccountRatio/history,2026-04-26T00:22:34.470854+00:00
2025-09-21 12:00:00+00:00,1.82,64.51,v3,12h,TRX,global_ls,/futures/globalLongShortAccountRatio/history,2026-04-26T00:22:34.470854+00:00
2025-09-22 00:00:00+00:00,1.76,63.76,v3,12h,TRX,global_ls,/futures/globalLongShortAccountRatio/history,2026-04-26T00:22:34.470854+00:00
2025-09-22 12:00:00+00:00,1.63,61.99,v3,12h,TRX,global_ls,/futures/globalLongShortAccountRatio/history,2026-04-26T00:22:34.470854+00:00
2025-09-23 00:00:00+00:00,1.75,63.67,v3,12h,TRX,global_ls,/futures/globalLongShortAccountRatio/history,2026-04-26T00:22:34.470854+00:00
2025-09-23 12:00:00+00:00,1.96,66.24,v3,12h,TRX,global_ls,/futures/globalLongShortAccountRatio/history,2026-04-26T00:22:34.470854+00:00
2025-09-24 00:00:00+00:00,1.68,62.63,v3,12h,TRX,global_ls,/futures/globalLongShortAccountRatio/history,2026-04-26T00:22:34.470854+00:00
2025-09-24 12:00:00+00:00,1.66,62.44,v3,12h,TRX,global_ls,/futures/globalLongShortAccountRatio/history,2026-04-26T00:22:34.470854+00:00
2025-09-25 00:00:00+00:00,1.7,62.94,v3,12h,TRX,global_ls,/futures/globalLongShortAccountRatio/history,2026-04-26T00:22:34.470854+00:00
2025-09-25 12:00:00+00:00,1.6,61.51,v3,12h,TRX,global_ls,/futures/globalLongShortAccountRatio/history,2026-04-26T00:22:34.470854+00:00
2025-09-26 00:00:00+00:00,1.62,61.83,v3,12h,TRX,global_ls,/futures/globalLongShortAccountRatio/history,2026-04-26T00:22:34.470854+00:00
2025-09-26 12:00:00+00:00,1.73,63.33,v3,12h,TRX,global_ls,/futures/globalLongShortAccountRatio/history,2026-04-26T00:22:34.470854+00:00
2025-09-27 00:00:00+00:00,1.9,65.48,v3,12h,TRX,global_ls,/futures/globalLongShortAccountRatio/history,2026-04-26T00:22:34.470854+00:00
2025-09-27 12:00:00+00:00,2.14,68.12,v3,12h,TRX,global_ls,/futures/globalLongShortAccountRatio/history,2026-04-26T00:22:34.470854+00:00
2025-09-28 00:00:00+00:00,2.13,68.0,v3,12h,TRX,global_ls,/futures/globalLongShortAccountRatio/history,2026-04-26T00:22:34.470854+00:00
2025-09-28 12:00:00+00:00,1.99,66.55,v3,12h,TRX,global_ls,/futures/globalLongShortAccountRatio/history,2026-04-26T00:22:34.470854+00:00
2025-09-29 00:00:00+00:00,1.71,63.04,v3,12h,TRX,global_ls,/futures/globalLongShortAccountRatio/history,2026-04-26T00:22:34.470854+00:00
2025-09-29 12:00:00+00:00,1.52,60.24,v3,12h,TRX,global_ls,/futures/globalLongShortAccountRatio/history,2026-04-26T00:22:34.470854+00:00
2025-09-30 00:00:00+00:00,1.54,60.68,v3,12h,TRX,global_ls,/futures/globalLongShortAccountRatio/history,2026-04-26T00:22:34.470854+00:00
2025-09-30 12:00:00+00:00,1.67,62.49,v3,12h,TRX,global_ls,/futures/globalLongShortAccountRatio/history,2026-04-26T00:22:34.470854+00:00
2025-10-01 00:00:00+00:00,1.59,61.44,v3,12h,TRX,global_ls,/futures/globalLongShortAccountRatio/history,2026-04-26T00:22:34.470854+00:00
2025-10-01 12:00:00+00:00,1.56,60.88,v3,12h,TRX,global_ls,/futures/globalLongShortAccountRatio/history,2026-04-26T00:22:34.470854+00:00
2025-10-02 00:00:00+00:00,1.73,63.42,v3,12h,TRX,global_ls,/futures/globalLongShortAccountRatio/history,2026-04-26T00:22:34.470854+00:00
2025-10-02 12:00:00+00:00,1.96,66.18,v3,12h,TRX,global_ls,/futures/globalLongShortAccountRatio/history,2026-04-26T00:22:34.470854+00:00
2025-10-03 00:00:00+00:00,1.99,66.58,v3,12h,TRX,global_ls,/futures/globalLongShortAccountRatio/history,2026-04-26T00:22:34.470854+00:00
2025-10-03 12:00:00+00:00,1.99,66.59,v3,12h,TRX,global_ls,/futures/globalLongShortAccountRatio/history,2026-04-26T00:22:34.470854+00:00
2025-10-04 00:00:00+00:00,1.87,65.19,v3,12h,TRX,global_ls,/futures/globalLongShortAccountRatio/history,2026-04-26T00:22:34.470854+00:00
2025-10-04 12:00:00+00:00,1.62,61.85,v3,12h,TRX,global_ls,/futures/globalLongShortAccountRatio/history,2026-04-26T00:22:34.470854+00:00
2025-10-05 00:00:00+00:00,1.52,60.26,v3,12h,TRX,global_ls,/futures/globalLongShortAccountRatio/history,2026-04-26T00:22:34.470854+00:00
2025-10-05 12:00:00+00:00,1.61,61.66,v3,12h,TRX,global_ls,/futures/globalLongShortAccountRatio/history,2026-04-26T00:22:34.470854+00:00
2025-10-06 00:00:00+00:00,1.64,62.16,v3,12h,TRX,global_ls,/futures/globalLongShortAccountRatio/history,2026-04-26T00:22:34.470854+00:00
2025-10-06 12:00:00+00:00,1.75,63.62,v3,12h,TRX,global_ls,/futures/globalLongShortAccountRatio/history,2026-04-26T00:22:34.470854+00:00
2025-10-07 00:00:00+00:00,1.83,64.65,v3,12h,TRX,global_ls,/futures/globalLongShortAccountRatio/history,2026-04-26T00:22:34.470854+00:00
2025-10-07 12:00:00+00:00,1.92,65.76,v3,12h,TRX,global_ls,/futures/globalLongShortAccountRatio/history,2026-04-26T00:22:34.470854+00:00
2025-10-08 00:00:00+00:00,1.58,61.27,v3,12h,TRX,global_ls,/futures/globalLongShortAccountRatio/history,2026-04-26T00:22:34.470854+00:00
2025-10-08 12:00:00+00:00,1.4,58.25,v3,12h,TRX,global_ls,/futures/globalLongShortAccountRatio/history,2026-04-26T00:22:34.470854+00:00
2025-10-09 00:00:00+00:00,1.39,58.22,v3,12h,TRX,global_ls,/futures/globalLongShortAccountRatio/history,2026-04-26T00:22:34.470854+00:00
2025-10-09 12:00:00+00:00,1.49,59.9,v3,12h,TRX,global_ls,/futures/globalLongShortAccountRatio/history,2026-04-26T00:22:34.470854+00:00
2025-10-10 00:00:00+00:00,1.47,59.45,v3,12h,TRX,global_ls,/futures/globalLongShortAccountRatio/history,2026-04-26T00:22:34.470854+00:00
2025-10-10 12:00:00+00:00,1.38,58.03,v3,12h,TRX,global_ls,/futures/globalLongShortAccountRatio/history,2026-04-26T00:22:34.470854+00:00
2025-10-11 00:00:00+00:00,1.28,56.08,v3,12h,TRX,global_ls,/futures/globalLongShortAccountRatio/history,2026-04-26T00:22:34.470854+00:00
2025-10-11 12:00:00+00:00,1.36,57.67,v3,12h,TRX,global_ls,/futures/globalLongShortAccountRatio/history,2026-04-26T00:22:34.470854+00:00
2025-10-12 00:00:00+00:00,1.43,58.77,v3,12h,TRX,global_ls,/futures/globalLongShortAccountRatio/history,2026-04-26T00:22:34.470854+00:00
2025-10-12 12:00:00+00:00,1.53,60.45,v3,12h,TRX,global_ls,/futures/globalLongShortAccountRatio/history,2026-04-26T00:22:34.470854+00:00
2025-10-13 00:00:00+00:00,1.46,59.31,v3,12h,TRX,global_ls,/futures/globalLongShortAccountRatio/history,2026-04-26T00:22:34.470854+00:00
2025-10-13 12:00:00+00:00,1.46,59.3,v3,12h,TRX,global_ls,/futures/globalLongShortAccountRatio/history,2026-04-26T00:22:34.470854+00:00
2025-10-14 00:00:00+00:00,1.5,59.97,v3,12h,TRX,global_ls,/futures/globalLongShortAccountRatio/history,2026-04-26T00:22:34.470854+00:00
2025-10-14 12:00:00+00:00,1.47,59.43,v3,12h,TRX,global_ls,/futures/globalLongShortAccountRatio/history,2026-04-26T00:22:34.470854+00:00
2025-10-15 00:00:00+00:00,1.53,60.44,v3,12h,TRX,global_ls,/futures/globalLongShortAccountRatio/history,2026-04-26T00:22:34.470854+00:00
2025-10-15 12:00:00+00:00,1.56,60.92,v3,12h,TRX,global_ls,/futures/globalLongShortAccountRatio/history,2026-04-26T00:22:34.470854+00:00
2025-10-16 00:00:00+00:00,1.51,60.12,v3,12h,TRX,global_ls,/futures/globalLongShortAccountRatio/history,2026-04-26T00:22:34.470854+00:00
2025-10-16 12:00:00+00:00,1.56,60.97,v3,12h,TRX,global_ls,/futures/globalLongShortAccountRatio/history,2026-04-26T00:22:34.470854+00:00
2025-10-17 00:00:00+00:00,1.59,61.42,v3,12h,TRX,global_ls,/futures/globalLongShortAccountRatio/history,2026-04-26T00:22:34.470854+00:00
2025-10-17 12:00:00+00:00,1.6,61.57,v3,12h,TRX,global_ls,/futures/globalLongShortAccountRatio/history,2026-04-26T00:22:34.470854+00:00
2025-10-18 00:00:00+00:00,1.58,61.21,v3,12h,TRX,global_ls,/futures/globalLongShortAccountRatio/history,2026-04-26T00:22:34.470854+00:00
2025-10-18 12:00:00+00:00,1.59,61.38,v3,12h,TRX,global_ls,/futures/globalLongShortAccountRatio/history,2026-04-26T00:22:34.470854+00:00
2025-10-19 00:00:00+00:00,1.58,61.3,v3,12h,TRX,global_ls,/futures/globalLongShortAccountRatio/history,2026-04-26T00:22:34.470854+00:00
2025-10-19 12:00:00+00:00,1.55,60.75,v3,12h,TRX,global_ls,/futures/globalLongShortAccountRatio/history,2026-04-26T00:22:34.470854+00:00
2025-10-20 00:00:00+00:00,1.61,61.65,v3,12h,TRX,global_ls,/futures/globalLongShortAccountRatio/history,2026-04-26T00:22:34.470854+00:00
2025-10-20 12:00:00+00:00,1.74,63.47,v3,12h,TRX,global_ls,/futures/globalLongShortAccountRatio/history,2026-04-26T00:22:34.470854+00:00
2025-10-21 00:00:00+00:00,1.79,64.1,v3,12h,TRX,global_ls,/futures/globalLongShortAccountRatio/history,2026-04-26T00:22:34.470854+00:00
2025-10-21 12:00:00+00:00,1.82,64.47,v3,12h,TRX,global_ls,/futures/globalLongShortAccountRatio/history,2026-04-26T00:22:34.470854+00:00
2025-10-22 00:00:00+00:00,1.83,64.7,v3,12h,TRX,global_ls,/futures/globalLongShortAccountRatio/history,2026-04-26T00:22:34.470854+00:00
2025-10-22 12:00:00+00:00,1.94,65.97,v3,12h,TRX,global_ls,/futures/globalLongShortAccountRatio/history,2026-04-26T00:22:34.470854+00:00
2025-10-23 00:00:00+00:00,1.87,65.21,v3,12h,TRX,global_ls,/futures/globalLongShortAccountRatio/history,2026-04-26T00:22:34.470854+00:00
2025-10-23 12:00:00+00:00,1.92,65.73,v3,12h,TRX,global_ls,/futures/globalLongShortAccountRatio/history,2026-04-26T00:22:34.470854+00:00
2025-10-24 00:00:00+00:00,1.66,62.33,v3,12h,TRX,global_ls,/futures/globalLongShortAccountRatio/history,2026-04-26T00:22:34.470854+00:00
2025-10-24 12:00:00+00:00,1.53,60.44,v3,12h,TRX,global_ls,/futures/globalLongShortAccountRatio/history,2026-04-26T00:22:34.470854+00:00
2025-10-25 00:00:00+00:00,1.65,62.19,v3,12h,TRX,global_ls,/futures/globalLongShortAccountRatio/history,2026-04-26T00:22:34.470854+00:00
2025-10-25 12:00:00+00:00,1.76,63.7,v3,12h,TRX,global_ls,/futures/globalLongShortAccountRatio/history,2026-04-26T00:22:34.470854+00:00
2025-10-26 00:00:00+00:00,1.79,64.17,v3,12h,TRX,global_ls,/futures/globalLongShortAccountRatio/history,2026-04-26T00:22:34.470854+00:00
2025-10-26 12:00:00+00:00,1.83,64.63,v3,12h,TRX,global_ls,/futures/globalLongShortAccountRatio/history,2026-04-26T00:22:34.470854+00:00
2025-10-27 00:00:00+00:00,1.7,63.01,v3,12h,TRX,global_ls,/futures/globalLongShortAccountRatio/history,2026-04-26T00:22:34.470854+00:00
2025-10-27 12:00:00+00:00,1.64,62.13,v3,12h,TRX,global_ls,/futures/globalLongShortAccountRatio/history,2026-04-26T00:22:34.470854+00:00
2025-10-28 00:00:00+00:00,1.61,61.61,v3,12h,TRX,global_ls,/futures/globalLongShortAccountRatio/history,2026-04-26T00:22:34.470854+00:00
2025-10-28 12:00:00+00:00,1.6,61.55,v3,12h,TRX,global_ls,/futures/globalLongShortAccountRatio/history,2026-04-26T00:22:34.470854+00:00
2025-10-29 00:00:00+00:00,1.5,60.03,v3,12h,TRX,global_ls,/futures/globalLongShortAccountRatio/history,2026-04-26T00:22:34.470854+00:00
2025-10-29 12:00:00+00:00,1.49,59.89,v3,12h,TRX,global_ls,/futures/globalLongShortAccountRatio/history,2026-04-26T00:22:34.470854+00:00
2025-10-30 00:00:00+00:00,1.39,58.21,v3,12h,TRX,global_ls,/futures/globalLongShortAccountRatio/history,2026-04-26T00:22:34.470854+00:00
2025-10-30 12:00:00+00:00,1.35,57.51,v3,12h,TRX,global_ls,/futures/globalLongShortAccountRatio/history,2026-04-26T00:22:34.470854+00:00
2025-10-31 00:00:00+00:00,1.41,58.44,v3,12h,TRX,global_ls,/futures/globalLongShortAccountRatio/history,2026-04-26T00:22:34.470854+00:00
2025-10-31 12:00:00+00:00,1.42,58.7,v3,12h,TRX,global_ls,/futures/globalLongShortAccountRatio/history,2026-04-26T00:22:34.470854+00:00
2025-11-01 00:00:00+00:00,1.47,59.51,v3,12h,TRX,global_ls,/futures/globalLongShortAccountRatio/history,2026-04-26T00:22:34.470854+00:00
2025-11-01 12:00:00+00:00,1.54,60.58,v3,12h,TRX,global_ls,/futures/globalLongShortAccountRatio/history,2026-04-26T00:22:34.470854+00:00
2025-11-02 00:00:00+00:00,1.58,61.24,v3,12h,TRX,global_ls,/futures/globalLongShortAccountRatio/history,2026-04-26T00:22:34.470854+00:00
2025-11-02 12:00:00+00:00,1.55,60.84,v3,12h,TRX,global_ls,/futures/globalLongShortAccountRatio/history,2026-04-26T00:22:34.470854+00:00
2025-11-03 00:00:00+00:00,1.59,61.39,v3,12h,TRX,global_ls,/futures/globalLongShortAccountRatio/history,2026-04-26T00:22:34.470854+00:00
2025-11-03 12:00:00+00:00,1.59,61.37,v3,12h,TRX,global_ls,/futures/globalLongShortAccountRatio/history,2026-04-26T00:22:34.470854+00:00
2025-11-04 00:00:00+00:00,1.44,59.0,v3,12h,TRX,global_ls,/futures/globalLongShortAccountRatio/history,2026-04-26T00:22:34.470854+00:00
2025-11-04 12:00:00+00:00,1.37,57.78,v3,12h,TRX,global_ls,/futures/globalLongShortAccountRatio/history,2026-04-26T00:22:34.470854+00:00
2025-11-05 00:00:00+00:00,1.41,58.55,v3,12h,TRX,global_ls,/futures/globalLongShortAccountRatio/history,2026-04-26T00:22:34.470854+00:00
2025-11-05 12:00:00+00:00,1.56,60.88,v3,12h,TRX,global_ls,/futures/globalLongShortAccountRatio/history,2026-04-26T00:22:34.470854+00:00
2025-11-06 00:00:00+00:00,1.65,62.26,v3,12h,TRX,global_ls,/futures/globalLongShortAccountRatio/history,2026-04-26T00:22:34.470854+00:00
2025-11-06 12:00:00+00:00,1.66,62.35,v3,12h,TRX,global_ls,/futures/globalLongShortAccountRatio/history,2026-04-26T00:22:34.470854+00:00
2025-11-07 00:00:00+00:00,1.54,60.65,v3,12h,TRX,global_ls,/futures/globalLongShortAccountRatio/history,2026-04-26T00:22:34.470854+00:00
2025-11-07 12:00:00+00:00,1.5,60.07,v3,12h,TRX,global_ls,/futures/globalLongShortAccountRatio/history,2026-04-26T00:22:34.470854+00:00
2025-11-08 00:00:00+00:00,1.41,58.5,v3,12h,TRX,global_ls,/futures/globalLongShortAccountRatio/history,2026-04-26T00:22:34.470854+00:00
2025-11-08 12:00:00+00:00,1.52,60.27,v3,12h,TRX,global_ls,/futures/globalLongShortAccountRatio/history,2026-04-26T00:22:34.470854+00:00
2025-11-09 00:00:00+00:00,1.53,60.45,v3,12h,TRX,global_ls,/futures/globalLongShortAccountRatio/history,2026-04-26T00:22:34.470854+00:00
2025-11-09 12:00:00+00:00,1.47,59.48,v3,12h,TRX,global_ls,/futures/globalLongShortAccountRatio/history,2026-04-26T00:22:34.470854+00:00
2025-11-10 00:00:00+00:00,1.53,60.52,v3,12h,TRX,global_ls,/futures/globalLongShortAccountRatio/history,2026-04-26T00:22:34.470854+00:00
2025-11-10 12:00:00+00:00,1.52,60.25,v3,12h,TRX,global_ls,/futures/globalLongShortAccountRatio/history,2026-04-26T00:22:34.470854+00:00
2025-11-11 00:00:00+00:00,1.49,59.86,v3,12h,TRX,global_ls,/futures/globalLongShortAccountRatio/history,2026-04-26T00:22:34.470854+00:00
2025-11-11 12:00:00+00:00,1.59,61.35,v3,12h,TRX,global_ls,/futures/globalLongShortAccountRatio/history,2026-04-26T00:22:34.470854+00:00
2025-11-12 00:00:00+00:00,1.55,60.84,v3,12h,TRX,global_ls,/futures/globalLongShortAccountRatio/history,2026-04-26T00:22:34.470854+00:00
2025-11-12 12:00:00+00:00,1.81,64.39,v3,12h,TRX,global_ls,/futures/globalLongShortAccountRatio/history,2026-04-26T00:22:34.470854+00:00
2025-11-13 00:00:00+00:00,1.72,63.28,v3,12h,TRX,global_ls,/futures/globalLongShortAccountRatio/history,2026-04-26T00:22:34.470854+00:00
2025-11-13 12:00:00+00:00,1.83,64.62,v3,12h,TRX,global_ls,/futures/globalLongShortAccountRatio/history,2026-04-26T00:22:34.470854+00:00
2025-11-14 00:00:00+00:00,1.81,64.41,v3,12h,TRX,global_ls,/futures/globalLongShortAccountRatio/history,2026-04-26T00:22:34.470854+00:00
2025-11-14 12:00:00+00:00,1.76,63.76,v3,12h,TRX,global_ls,/futures/globalLongShortAccountRatio/history,2026-04-26T00:22:34.470854+00:00
2025-11-15 00:00:00+00:00,1.76,63.71,v3,12h,TRX,global_ls,/futures/globalLongShortAccountRatio/history,2026-04-26T00:22:34.470854+00:00
2025-11-15 12:00:00+00:00,1.74,63.46,v3,12h,TRX,global_ls,/futures/globalLongShortAccountRatio/history,2026-04-26T00:22:34.470854+00:00
2025-11-16 00:00:00+00:00,1.69,62.75,v3,12h,TRX,global_ls,/futures/globalLongShortAccountRatio/history,2026-04-26T00:22:34.470854+00:00
2025-11-16 12:00:00+00:00,1.73,63.33,v3,12h,TRX,global_ls,/futures/globalLongShortAccountRatio/history,2026-04-26T00:22:34.470854+00:00
2025-11-17 00:00:00+00:00,1.82,64.52,v3,12h,TRX,global_ls,/futures/globalLongShortAccountRatio/history,2026-04-26T00:22:34.470854+00:00
2025-11-17 12:00:00+00:00,1.79,64.14,v3,12h,TRX,global_ls,/futures/globalLongShortAccountRatio/history,2026-04-26T00:22:34.470854+00:00
2025-11-18 00:00:00+00:00,1.66,62.46,v3,12h,TRX,global_ls,/futures/globalLongShortAccountRatio/history,2026-04-26T00:22:34.470854+00:00
2025-11-18 12:00:00+00:00,1.52,60.27,v3,12h,TRX,global_ls,/futures/globalLongShortAccountRatio/history,2026-04-26T00:22:34.470854+00:00
2025-11-19 00:00:00+00:00,1.54,60.64,v3,12h,TRX,global_ls,/futures/globalLongShortAccountRatio/history,2026-04-26T00:22:34.470854+00:00
2025-11-19 12:00:00+00:00,1.47,59.49,v3,12h,TRX,global_ls,/futures/globalLongShortAccountRatio/history,2026-04-26T00:22:34.470854+00:00
2025-11-20 00:00:00+00:00,1.52,60.25,v3,12h,TRX,global_ls,/futures/globalLongShortAccountRatio/history,2026-04-26T00:22:34.470854+00:00
2025-11-20 12:00:00+00:00,1.5,60.05,v3,12h,TRX,global_ls,/futures/globalLongShortAccountRatio/history,2026-04-26T00:22:34.470854+00:00
2025-11-21 00:00:00+00:00,1.36,57.7,v3,12h,TRX,global_ls,/futures/globalLongShortAccountRatio/history,2026-04-26T00:22:34.470854+00:00
2025-11-21 12:00:00+00:00,1.18,54.02,v3,12h,TRX,global_ls,/futures/globalLongShortAccountRatio/history,2026-04-26T00:22:34.470854+00:00
2025-11-22 00:00:00+00:00,1.24,55.44,v3,12h,TRX,global_ls,/futures/globalLongShortAccountRatio/history,2026-04-26T00:22:34.470854+00:00
2025-11-22 12:00:00+00:00,1.18,54.06,v3,12h,TRX,global_ls,/futures/globalLongShortAccountRatio/history,2026-04-26T00:22:34.470854+00:00
2025-11-23 00:00:00+00:00,1.19,54.23,v3,12h,TRX,global_ls,/futures/globalLongShortAccountRatio/history,2026-04-26T00:22:34.470854+00:00
2025-11-23 12:00:00+00:00,1.19,54.34,v3,12h,TRX,global_ls,/futures/globalLongShortAccountRatio/history,2026-04-26T00:22:34.470854+00:00
2025-11-24 00:00:00+00:00,1.16,53.72,v3,12h,TRX,global_ls,/futures/globalLongShortAccountRatio/history,2026-04-26T00:22:34.470854+00:00
2025-11-24 12:00:00+00:00,1.29,56.33,v3,12h,TRX,global_ls,/futures/globalLongShortAccountRatio/history,2026-04-26T00:22:34.470854+00:00
2025-11-25 00:00:00+00:00,1.24,55.25,v3,12h,TRX,global_ls,/futures/globalLongShortAccountRatio/history,2026-04-26T00:22:34.470854+00:00
2025-11-25 12:00:00+00:00,1.15,53.4,v3,12h,TRX,global_ls,/futures/globalLongShortAccountRatio/history,2026-04-26T00:22:34.470854+00:00
2025-11-26 00:00:00+00:00,1.15,53.48,v3,12h,TRX,global_ls,/futures/globalLongShortAccountRatio/history,2026-04-26T00:22:34.470854+00:00
2025-11-26 12:00:00+00:00,1.15,53.48,v3,12h,TRX,global_ls,/futures/globalLongShortAccountRatio/history,2026-04-26T00:22:34.470854+00:00
2025-11-27 00:00:00+00:00,1.14,53.32,v3,12h,TRX,global_ls,/futures/globalLongShortAccountRatio/history,2026-04-26T00:22:34.470854+00:00
2025-11-27 12:00:00+00:00,1.19,54.27,v3,12h,TRX,global_ls,/futures/globalLongShortAccountRatio/history,2026-04-26T00:22:34.470854+00:00
2025-11-28 00:00:00+00:00,1.19,54.26,v3,12h,TRX,global_ls,/futures/globalLongShortAccountRatio/history,2026-04-26T00:22:34.470854+00:00
2025-11-28 12:00:00+00:00,1.21,54.84,v3,12h,TRX,global_ls,/futures/globalLongShortAccountRatio/history,2026-04-26T00:22:34.470854+00:00
2025-11-29 00:00:00+00:00,1.32,56.85,v3,12h,TRX,global_ls,/futures/globalLongShortAccountRatio/history,2026-04-26T00:22:34.470854+00:00
2025-11-29 12:00:00+00:00,1.34,57.32,v3,12h,TRX,global_ls,/futures/globalLongShortAccountRatio/history,2026-04-26T00:22:34.470854+00:00
2025-11-30 00:00:00+00:00,1.42,58.64,v3,12h,TRX,global_ls,/futures/globalLongShortAccountRatio/history,2026-04-26T00:22:34.470854+00:00
2025-11-30 12:00:00+00:00,1.41,58.49,v3,12h,TRX,global_ls,/futures/globalLongShortAccountRatio/history,2026-04-26T00:22:34.470854+00:00
2025-12-01 00:00:00+00:00,1.42,58.62,v3,12h,TRX,global_ls,/futures/globalLongShortAccountRatio/history,2026-04-26T00:22:34.470854+00:00
2025-12-01 12:00:00+00:00,1.47,59.56,v3,12h,TRX,global_ls,/futures/globalLongShortAccountRatio/history,2026-04-26T00:22:34.470854+00:00
2025-12-02 00:00:00+00:00,1.45,59.2,v3,12h,TRX,global_ls,/futures/globalLongShortAccountRatio/history,2026-04-26T00:22:34.470854+00:00
2025-12-02 12:00:00+00:00,1.49,59.84,v3,12h,TRX,global_ls,/futures/globalLongShortAccountRatio/history,2026-04-26T00:22:34.470854+00:00
2025-12-03 00:00:00+00:00,1.5,59.95,v3,12h,TRX,global_ls,/futures/globalLongShortAccountRatio/history,2026-04-26T00:22:34.470854+00:00
2025-12-03 12:00:00+00:00,1.41,58.44,v3,12h,TRX,global_ls,/futures/globalLongShortAccountRatio/history,2026-04-26T00:22:34.470854+00:00
2025-12-04 00:00:00+00:00,1.41,58.43,v3,12h,TRX,global_ls,/futures/globalLongShortAccountRatio/history,2026-04-26T00:22:34.470854+00:00
2025-12-04 12:00:00+00:00,1.39,58.2,v3,12h,TRX,global_ls,/futures/globalLongShortAccountRatio/history,2026-04-26T00:22:34.470854+00:00
2025-12-05 00:00:00+00:00,1.45,59.23,v3,12h,TRX,global_ls,/futures/globalLongShortAccountRatio/history,2026-04-26T00:22:34.470854+00:00
2025-12-05 12:00:00+00:00,1.61,61.7,v3,12h,TRX,global_ls,/futures/globalLongShortAccountRatio/history,2026-04-26T00:22:34.470854+00:00
2025-12-06 00:00:00+00:00,1.69,62.77,v3,12h,TRX,global_ls,/futures/globalLongShortAccountRatio/history,2026-04-26T00:22:34.470854+00:00
2025-12-06 12:00:00+00:00,1.74,63.53,v3,12h,TRX,global_ls,/futures/globalLongShortAccountRatio/history,2026-04-26T00:22:34.470854+00:00
2025-12-07 00:00:00+00:00,1.74,63.56,v3,12h,TRX,global_ls,/futures/globalLongShortAccountRatio/history,2026-04-26T00:22:34.470854+00:00
2025-12-07 12:00:00+00:00,1.64,62.14,v3,12h,TRX,global_ls,/futures/globalLongShortAccountRatio/history,2026-04-26T00:22:34.470854+00:00
2025-12-08 00:00:00+00:00,1.7,62.9,v3,12h,TRX,global_ls,/futures/globalLongShortAccountRatio/history,2026-04-26T00:22:34.470854+00:00
2025-12-08 12:00:00+00:00,1.65,62.27,v3,12h,TRX,global_ls,/futures/globalLongShortAccountRatio/history,2026-04-26T00:22:34.470854+00:00
2025-12-09 00:00:00+00:00,1.52,60.28,v3,12h,TRX,global_ls,/futures/globalLongShortAccountRatio/history,2026-04-26T00:22:34.470854+00:00
2025-12-09 12:00:00+00:00,1.33,57.0,v3,12h,TRX,global_ls,/futures/globalLongShortAccountRatio/history,2026-04-26T00:22:34.470854+00:00
2025-12-10 00:00:00+00:00,1.23,55.16,v3,12h,TRX,global_ls,/futures/globalLongShortAccountRatio/history,2026-04-26T00:22:34.470854+00:00
2025-12-10 12:00:00+00:00,1.16,53.61,v3,12h,TRX,global_ls,/futures/globalLongShortAccountRatio/history,2026-04-26T00:22:34.470854+00:00
2025-12-11 00:00:00+00:00,1.1,52.42,v3,12h,TRX,global_ls,/futures/globalLongShortAccountRatio/history,2026-04-26T00:22:34.470854+00:00
2025-12-11 12:00:00+00:00,1.15,53.58,v3,12h,TRX,global_ls,/futures/globalLongShortAccountRatio/history,2026-04-26T00:22:34.470854+00:00
2025-12-12 00:00:00+00:00,1.44,58.99,v3,12h,TRX,global_ls,/futures/globalLongShortAccountRatio/history,2026-04-26T00:22:34.470854+00:00
2025-12-12 12:00:00+00:00,1.34,57.26,v3,12h,TRX,global_ls,/futures/globalLongShortAccountRatio/history,2026-04-26T00:22:34.470854+00:00
2025-12-13 00:00:00+00:00,1.3,56.52,v3,12h,TRX,global_ls,/futures/globalLongShortAccountRatio/history,2026-04-26T00:22:34.470854+00:00
2025-12-13 12:00:00+00:00,1.23,55.2,v3,12h,TRX,global_ls,/futures/globalLongShortAccountRatio/history,2026-04-26T00:22:34.470854+00:00
2025-12-14 00:00:00+00:00,1.24,55.36,v3,12h,TRX,global_ls,/futures/globalLongShortAccountRatio/history,2026-04-26T00:22:34.470854+00:00
2025-12-14 12:00:00+00:00,1.24,55.34,v3,12h,TRX,global_ls,/futures/globalLongShortAccountRatio/history,2026-04-26T00:22:34.470854+00:00
2025-12-15 00:00:00+00:00,1.28,56.16,v3,12h,TRX,global_ls,/futures/globalLongShortAccountRatio/history,2026-04-26T00:22:34.470854+00:00
2025-12-15 12:00:00+00:00,1.48,59.62,v3,12h,TRX,global_ls,/futures/globalLongShortAccountRatio/history,2026-04-26T00:22:34.470854+00:00
2025-12-16 00:00:00+00:00,1.76,63.75,v3,12h,TRX,global_ls,/futures/globalLongShortAccountRatio/history,2026-04-26T00:22:34.470854+00:00
2025-12-16 12:00:00+00:00,1.92,65.78,v3,12h,TRX,global_ls,/futures/globalLongShortAccountRatio/history,2026-04-26T00:22:34.470854+00:00
2025-12-17 00:00:00+00:00,1.9,65.47,v3,12h,TRX,global_ls,/futures/globalLongShortAccountRatio/history,2026-04-26T00:22:34.470854+00:00
2025-12-17 12:00:00+00:00,1.92,65.73,v3,12h,TRX,global_ls,/futures/globalLongShortAccountRatio/history,2026-04-26T00:22:34.470854+00:00
2025-12-18 00:00:00+00:00,1.89,65.45,v3,12h,TRX,global_ls,/futures/globalLongShortAccountRatio/history,2026-04-26T00:22:34.470854+00:00
2025-12-18 12:00:00+00:00,1.8,64.32,v3,12h,TRX,global_ls,/futures/globalLongShortAccountRatio/history,2026-04-26T00:22:34.470854+00:00
2025-12-19 00:00:00+00:00,1.77,63.84,v3,12h,TRX,global_ls,/futures/globalLongShortAccountRatio/history,2026-04-26T00:22:34.470854+00:00
2025-12-19 12:00:00+00:00,1.85,64.93,v3,12h,TRX,global_ls,/futures/globalLongShortAccountRatio/history,2026-04-26T00:22:34.470854+00:00
2025-12-20 00:00:00+00:00,1.82,64.55,v3,12h,TRX,global_ls,/futures/globalLongShortAccountRatio/history,2026-04-26T00:22:34.470854+00:00
2025-12-20 12:00:00+00:00,1.85,64.92,v3,12h,TRX,global_ls,/futures/globalLongShortAccountRatio/history,2026-04-26T00:22:34.470854+00:00
2025-12-21 00:00:00+00:00,1.78,64.0,v3,12h,TRX,global_ls,/futures/globalLongShortAccountRatio/history,2026-04-26T00:22:34.470854+00:00
2025-12-21 12:00:00+00:00,1.87,65.15,v3,12h,TRX,global_ls,/futures/globalLongShortAccountRatio/history,2026-04-26T00:22:34.470854+00:00
2025-12-22 00:00:00+00:00,1.58,61.16,v3,12h,TRX,global_ls,/futures/globalLongShortAccountRatio/history,2026-04-26T00:22:34.470854+00:00
2025-12-22 12:00:00+00:00,1.59,61.39,v3,12h,TRX,global_ls,/futures/globalLongShortAccountRatio/history,2026-04-26T00:22:34.470854+00:00
2025-12-23 00:00:00+00:00,1.65,62.32,v3,12h,TRX,global_ls,/futures/globalLongShortAccountRatio/history,2026-04-26T00:22:34.470854+00:00
2025-12-23 12:00:00+00:00,1.69,62.77,v3,12h,TRX,global_ls,/futures/globalLongShortAccountRatio/history,2026-04-26T00:22:34.470854+00:00
2025-12-24 00:00:00+00:00,1.58,61.29,v3,12h,TRX,global_ls,/futures/globalLongShortAccountRatio/history,2026-04-26T00:22:34.470854+00:00
2025-12-24 12:00:00+00:00,1.55,60.83,v3,12h,TRX,global_ls,/futures/globalLongShortAccountRatio/history,2026-04-26T00:22:34.470854+00:00
2025-12-25 00:00:00+00:00,1.41,58.52,v3,12h,TRX,global_ls,/futures/globalLongShortAccountRatio/history,2026-04-26T00:22:34.470854+00:00
2025-12-25 12:00:00+00:00,1.17,53.89,v3,12h,TRX,global_ls,/futures/globalLongShortAccountRatio/history,2026-04-26T00:22:34.470854+00:00
2025-12-26 00:00:00+00:00,1.16,53.74,v3,12h,TRX,global_ls,/futures/globalLongShortAccountRatio/history,2026-04-26T00:22:34.470854+00:00
2025-12-26 12:00:00+00:00,1.15,53.39,v3,12h,TRX,global_ls,/futures/globalLongShortAccountRatio/history,2026-04-26T00:22:34.470854+00:00
2025-12-27 00:00:00+00:00,1.14,53.35,v3,12h,TRX,global_ls,/futures/globalLongShortAccountRatio/history,2026-04-26T00:22:34.470854+00:00
2025-12-27 12:00:00+00:00,1.26,55.84,v3,12h,TRX,global_ls,/futures/globalLongShortAccountRatio/history,2026-04-26T00:22:34.470854+00:00
2025-12-28 00:00:00+00:00,1.19,54.41,v3,12h,TRX,global_ls,/futures/globalLongShortAccountRatio/history,2026-04-26T00:22:34.470854+00:00
2025-12-28 12:00:00+00:00,1.3,56.56,v3,12h,TRX,global_ls,/futures/globalLongShortAccountRatio/history,2026-04-26T00:22:34.470854+00:00
2025-12-29 00:00:00+00:00,1.48,59.65,v3,12h,TRX,global_ls,/futures/globalLongShortAccountRatio/history,2026-04-26T00:22:34.470854+00:00
2025-12-29 12:00:00+00:00,1.4,58.25,v3,12h,TRX,global_ls,/futures/globalLongShortAccountRatio/history,2026-04-26T00:22:34.470854+00:00
2025-12-30 00:00:00+00:00,1.39,58.09,v3,12h,TRX,global_ls,/futures/globalLongShortAccountRatio/history,2026-04-26T00:22:34.470854+00:00
2025-12-30 12:00:00+00:00,1.52,60.32,v3,12h,TRX,global_ls,/futures/globalLongShortAccountRatio/history,2026-04-26T00:22:34.470854+00:00
2025-12-31 00:00:00+00:00,1.71,63.1,v3,12h,TRX,global_ls,/futures/globalLongShortAccountRatio/history,2026-04-26T00:22:34.470854+00:00
2025-12-31 12:00:00+00:00,1.66,62.33,v3,12h,TRX,global_ls,/futures/globalLongShortAccountRatio/history,2026-04-26T00:22:34.470854+00:00
2026-01-01 00:00:00+00:00,1.62,61.84,v3,12h,TRX,global_ls,/futures/globalLongShortAccountRatio/history,2026-04-26T00:22:34.470854+00:00
2026-01-01 12:00:00+00:00,1.61,61.69,v3,12h,TRX,global_ls,/futures/globalLongShortAccountRatio/history,2026-04-26T00:22:34.470854+00:00
2026-01-02 00:00:00+00:00,1.59,61.31,v3,12h,TRX,global_ls,/futures/globalLongShortAccountRatio/history,2026-04-26T00:22:34.470854+00:00
2026-01-02 12:00:00+00:00,1.53,60.45,v3,12h,TRX,global_ls,/futures/globalLongShortAccountRatio/history,2026-04-26T00:22:34.470854+00:00
2026-01-03 00:00:00+00:00,1.56,60.99,v3,12h,TRX,global_ls,/futures/globalLongShortAccountRatio/history,2026-04-26T00:22:34.470854+00:00
2026-01-03 12:00:00+00:00,1.59,61.33,v3,12h,TRX,global_ls,/futures/globalLongShortAccountRatio/history,2026-04-26T00:22:34.470854+00:00
2026-01-04 00:00:00+00:00,1.75,63.65,v3,12h,TRX,global_ls,/futures/globalLongShortAccountRatio/history,2026-04-26T00:22:34.470854+00:00
2026-01-04 12:00:00+00:00,1.72,63.23,v3,12h,TRX,global_ls,/futures/globalLongShortAccountRatio/history,2026-04-26T00:22:34.470854+00:00
2026-01-05 00:00:00+00:00,1.69,62.76,v3,12h,TRX,global_ls,/futures/globalLongShortAccountRatio/history,2026-04-26T00:22:34.470854+00:00
2026-01-05 12:00:00+00:00,1.7,62.97,v3,12h,TRX,global_ls,/futures/globalLongShortAccountRatio/history,2026-04-26T00:22:34.470854+00:00
2026-01-06 00:00:00+00:00,1.51,60.23,v3,12h,TRX,global_ls,/futures/globalLongShortAccountRatio/history,2026-04-26T00:22:34.470854+00:00
2026-01-06 12:00:00+00:00,1.44,58.99,v3,12h,TRX,global_ls,/futures/globalLongShortAccountRatio/history,2026-04-26T00:22:34.470854+00:00
2026-01-07 00:00:00+00:00,1.42,58.63,v3,12h,TRX,global_ls,/futures/globalLongShortAccountRatio/history,2026-04-26T00:22:34.470854+00:00
2026-01-07 12:00:00+00:00,1.56,60.9,v3,12h,TRX,global_ls,/futures/globalLongShortAccountRatio/history,2026-04-26T00:22:34.470854+00:00
2026-01-08 00:00:00+00:00,1.93,65.86,v3,12h,TRX,global_ls,/futures/globalLongShortAccountRatio/history,2026-04-26T00:22:34.470854+00:00
2026-01-08 12:00:00+00:00,1.89,65.4,v3,12h,TRX,global_ls,/futures/globalLongShortAccountRatio/history,2026-04-26T00:22:34.470854+00:00
2026-01-09 00:00:00+00:00,1.95,66.07,v3,12h,TRX,global_ls,/futures/globalLongShortAccountRatio/history,2026-04-26T00:22:34.470854+00:00
2026-01-09 12:00:00+00:00,1.82,64.52,v3,12h,TRX,global_ls,/futures/globalLongShortAccountRatio/history,2026-04-26T00:22:34.470854+00:00
2026-01-10 00:00:00+00:00,1.87,65.13,v3,12h,TRX,global_ls,/futures/globalLongShortAccountRatio/history,2026-04-26T00:22:34.470854+00:00
2026-01-10 12:00:00+00:00,1.96,66.24,v3,12h,TRX,global_ls,/futures/globalLongShortAccountRatio/history,2026-04-26T00:22:34.470854+00:00
2026-01-11 00:00:00+00:00,1.76,63.8,v3,12h,TRX,global_ls,/futures/globalLongShortAccountRatio/history,2026-04-26T00:22:34.470854+00:00
2026-01-11 12:00:00+00:00,1.74,63.48,v3,12h,TRX,global_ls,/futures/globalLongShortAccountRatio/history,2026-04-26T00:22:34.470854+00:00
2026-01-12 00:00:00+00:00,1.75,63.68,v3,12h,TRX,global_ls,/futures/globalLongShortAccountRatio/history,2026-04-26T00:22:34.470854+00:00
2026-01-12 12:00:00+00:00,1.73,63.42,v3,12h,TRX,global_ls,/futures/globalLongShortAccountRatio/history,2026-04-26T00:22:34.470854+00:00
2026-01-13 00:00:00+00:00,1.75,63.58,v3,12h,TRX,global_ls,/futures/globalLongShortAccountRatio/history,2026-04-26T00:22:34.470854+00:00
2026-01-13 12:00:00+00:00,1.75,63.6,v3,12h,TRX,global_ls,/futures/globalLongShortAccountRatio/history,2026-04-26T00:22:34.470854+00:00
2026-01-14 00:00:00+00:00,1.75,63.69,v3,12h,TRX,global_ls,/futures/globalLongShortAccountRatio/history,2026-04-26T00:22:34.470854+00:00
2026-01-14 12:00:00+00:00,1.74,63.51,v3,12h,TRX,global_ls,/futures/globalLongShortAccountRatio/history,2026-04-26T00:22:34.470854+00:00
2026-01-15 00:00:00+00:00,1.79,64.11,v3,12h,TRX,global_ls,/futures/globalLongShortAccountRatio/history,2026-04-26T00:22:34.470854+00:00
2026-01-15 12:00:00+00:00,1.8,64.23,v3,12h,TRX,global_ls,/futures/globalLongShortAccountRatio/history,2026-04-26T00:22:34.470854+00:00
2026-01-16 00:00:00+00:00,1.76,63.73,v3,12h,TRX,global_ls,/futures/globalLongShortAccountRatio/history,2026-04-26T00:22:34.470854+00:00
2026-01-16 12:00:00+00:00,1.8,64.27,v3,12h,TRX,global_ls,/futures/globalLongShortAccountRatio/history,2026-04-26T00:22:34.470854+00:00
2026-01-17 00:00:00+00:00,1.78,63.97,v3,12h,TRX,global_ls,/futures/globalLongShortAccountRatio/history,2026-04-26T00:22:34.470854+00:00
2026-01-17 12:00:00+00:00,1.62,61.78,v3,12h,TRX,global_ls,/futures/globalLongShortAccountRatio/history,2026-04-26T00:22:34.470854+00:00
2026-01-18 00:00:00+00:00,1.64,62.12,v3,12h,TRX,global_ls,/futures/globalLongShortAccountRatio/history,2026-04-26T00:22:34.470854+00:00
2026-01-18 12:00:00+00:00,1.65,62.25,v3,12h,TRX,global_ls,/futures/globalLongShortAccountRatio/history,2026-04-26T00:22:34.470854+00:00
2026-01-19 00:00:00+00:00,1.6,61.53,v3,12h,TRX,global_ls,/futures/globalLongShortAccountRatio/history,2026-04-26T00:22:34.470854+00:00
2026-01-19 12:00:00+00:00,1.61,61.72,v3,12h,TRX,global_ls,/futures/globalLongShortAccountRatio/history,2026-04-26T00:22:34.470854+00:00
2026-01-20 00:00:00+00:00,1.71,63.14,v3,12h,TRX,global_ls,/futures/globalLongShortAccountRatio/history,2026-04-26T00:22:34.470854+00:00
2026-01-20 12:00:00+00:00,1.67,62.54,v3,12h,TRX,global_ls,/futures/globalLongShortAccountRatio/history,2026-04-26T00:22:34.470854+00:00
2026-01-21 00:00:00+00:00,1.66,62.39,v3,12h,TRX,global_ls,/futures/globalLongShortAccountRatio/history,2026-04-26T00:22:34.470854+00:00
2026-01-21 12:00:00+00:00,1.52,60.27,v3,12h,TRX,global_ls,/futures/globalLongShortAccountRatio/history,2026-04-26T00:22:34.470854+00:00
2026-01-22 00:00:00+00:00,1.53,60.48,v3,12h,TRX,global_ls,/futures/globalLongShortAccountRatio/history,2026-04-26T00:22:34.470854+00:00
2026-01-22 12:00:00+00:00,1.58,61.18,v3,12h,TRX,global_ls,/futures/globalLongShortAccountRatio/history,2026-04-26T00:22:34.470854+00:00
2026-01-23 00:00:00+00:00,1.7,62.96,v3,12h,TRX,global_ls,/futures/globalLongShortAccountRatio/history,2026-04-26T00:22:34.470854+00:00
2026-01-23 12:00:00+00:00,1.59,61.45,v3,12h,TRX,global_ls,/futures/globalLongShortAccountRatio/history,2026-04-26T00:22:34.470854+00:00
2026-01-24 00:00:00+00:00,1.54,60.69,v3,12h,TRX,global_ls,/futures/globalLongShortAccountRatio/history,2026-04-26T00:22:34.470854+00:00
2026-01-24 12:00:00+00:00,1.41,58.5,v3,12h,TRX,global_ls,/futures/globalLongShortAccountRatio/history,2026-04-26T00:22:34.470854+00:00
2026-01-25 00:00:00+00:00,1.35,57.37,v3,12h,TRX,global_ls,/futures/globalLongShortAccountRatio/history,2026-04-26T00:22:34.470854+00:00
2026-01-25 12:00:00+00:00,1.34,57.31,v3,12h,TRX,global_ls,/futures/globalLongShortAccountRatio/history,2026-04-26T00:22:34.470854+00:00
2026-01-26 00:00:00+00:00,1.37,57.72,v3,12h,TRX,global_ls,/futures/globalLongShortAccountRatio/history,2026-04-26T00:22:34.470854+00:00
2026-01-26 12:00:00+00:00,1.41,58.52,v3,12h,TRX,global_ls,/futures/globalLongShortAccountRatio/history,2026-04-26T00:22:34.470854+00:00
2026-01-27 00:00:00+00:00,1.3,56.59,v3,12h,TRX,global_ls,/futures/globalLongShortAccountRatio/history,2026-04-26T00:22:34.470854+00:00
2026-01-27 12:00:00+00:00,1.21,54.78,v3,12h,TRX,global_ls,/futures/globalLongShortAccountRatio/history,2026-04-26T00:22:34.470854+00:00
2026-01-28 00:00:00+00:00,1.16,53.61,v3,12h,TRX,global_ls,/futures/globalLongShortAccountRatio/history,2026-04-26T00:22:34.470854+00:00
2026-01-28 12:00:00+00:00,1.13,53.05,v3,12h,TRX,global_ls,/futures/globalLongShortAccountRatio/history,2026-04-26T00:22:34.470854+00:00
2026-01-29 00:00:00+00:00,1.13,52.97,v3,12h,TRX,global_ls,/futures/globalLongShortAccountRatio/history,2026-04-26T00:22:34.470854+00:00
2026-01-29 12:00:00+00:00,1.2,54.5,v3,12h,TRX,global_ls,/futures/globalLongShortAccountRatio/history,2026-04-26T00:22:34.470854+00:00
2026-01-30 00:00:00+00:00,1.34,57.21,v3,12h,TRX,global_ls,/futures/globalLongShortAccountRatio/history,2026-04-26T00:22:34.470854+00:00
2026-01-30 12:00:00+00:00,1.36,57.67,v3,12h,TRX,global_ls,/futures/globalLongShortAccountRatio/history,2026-04-26T00:22:34.470854+00:00
2026-01-31 00:00:00+00:00,1.4,58.41,v3,12h,TRX,global_ls,/futures/globalLongShortAccountRatio/history,2026-04-26T00:22:34.470854+00:00
2026-01-31 12:00:00+00:00,1.45,59.12,v3,12h,TRX,global_ls,/futures/globalLongShortAccountRatio/history,2026-04-26T00:22:34.470854+00:00
2026-02-01 00:00:00+00:00,1.38,57.99,v3,12h,TRX,global_ls,/futures/globalLongShortAccountRatio/history,2026-04-26T00:22:34.470854+00:00
2026-02-01 12:00:00+00:00,1.21,54.77,v3,12h,TRX,global_ls,/futures/globalLongShortAccountRatio/history,2026-04-26T00:22:34.470854+00:00
2026-02-02 00:00:00+00:00,1.14,53.35,v3,12h,TRX,global_ls,/futures/globalLongShortAccountRatio/history,2026-04-26T00:22:34.470854+00:00
2026-02-02 12:00:00+00:00,1.1,52.48,v3,12h,TRX,global_ls,/futures/globalLongShortAccountRatio/history,2026-04-26T00:22:34.470854+00:00
2026-02-03 00:00:00+00:00,1.1,52.44,v3,12h,TRX,global_ls,/futures/globalLongShortAccountRatio/history,2026-04-26T00:22:34.470854+00:00
2026-02-03 12:00:00+00:00,1.09,52.03,v3,12h,TRX,global_ls,/futures/globalLongShortAccountRatio/history,2026-04-26T00:22:34.470854+00:00
2026-02-04 00:00:00+00:00,1.11,52.58,v3,12h,TRX,global_ls,/futures/globalLongShortAccountRatio/history,2026-04-26T00:22:34.470854+00:00
2026-02-04 12:00:00+00:00,1.24,55.36,v3,12h,TRX,global_ls,/futures/globalLongShortAccountRatio/history,2026-04-26T00:22:34.470854+00:00
2026-02-05 00:00:00+00:00,1.31,56.69,v3,12h,TRX,global_ls,/futures/globalLongShortAccountRatio/history,2026-04-26T00:22:34.470854+00:00
2026-02-05 12:00:00+00:00,1.11,52.53,v3,12h,TRX,global_ls,/futures/globalLongShortAccountRatio/history,2026-04-26T00:22:34.470854+00:00
2026-02-06 00:00:00+00:00,0.95,48.78,v3,12h,TRX,global_ls,/futures/globalLongShortAccountRatio/history,2026-04-26T00:22:34.470854+00:00
2026-02-06 12:00:00+00:00,0.92,48.0,v3,12h,TRX,global_ls,/futures/globalLongShortAccountRatio/history,2026-04-26T00:22:34.470854+00:00
2026-02-07 00:00:00+00:00,0.97,49.13,v3,12h,TRX,global_ls,/futures/globalLongShortAccountRatio/history,2026-04-26T00:22:34.470854+00:00
2026-02-07 12:00:00+00:00,0.91,47.71,v3,12h,TRX,global_ls,/futures/globalLongShortAccountRatio/history,2026-04-26T00:22:34.470854+00:00
2026-02-08 00:00:00+00:00,1.01,50.28,v3,12h,TRX,global_ls,/futures/globalLongShortAccountRatio/history,2026-04-26T00:22:34.470854+00:00
2026-02-08 12:00:00+00:00,1.12,52.72,v3,12h,TRX,global_ls,/futures/globalLongShortAccountRatio/history,2026-04-26T00:22:34.470854+00:00
2026-02-09 00:00:00+00:00,1.2,54.47,v3,12h,TRX,global_ls,/futures/globalLongShortAccountRatio/history,2026-04-26T00:22:34.470854+00:00
2026-02-09 12:00:00+00:00,1.18,54.14,v3,12h,TRX,global_ls,/futures/globalLongShortAccountRatio/history,2026-04-26T00:22:34.470854+00:00
2026-02-10 00:00:00+00:00,1.21,54.64,v3,12h,TRX,global_ls,/futures/globalLongShortAccountRatio/history,2026-04-26T00:22:34.470854+00:00
2026-02-10 12:00:00+00:00,1.26,55.72,v3,12h,TRX,global_ls,/futures/globalLongShortAccountRatio/history,2026-04-26T00:22:34.470854+00:00
2026-02-11 00:00:00+00:00,1.27,55.9,v3,12h,TRX,global_ls,/futures/globalLongShortAccountRatio/history,2026-04-26T00:22:34.470854+00:00
2026-02-11 12:00:00+00:00,1.15,53.52,v3,12h,TRX,global_ls,/futures/globalLongShortAccountRatio/history,2026-04-26T00:22:34.470854+00:00
2026-02-12 00:00:00+00:00,1.14,53.28,v3,12h,TRX,global_ls,/futures/globalLongShortAccountRatio/history,2026-04-26T00:22:34.470854+00:00
2026-02-12 12:00:00+00:00,1.29,56.36,v3,12h,TRX,global_ls,/futures/globalLongShortAccountRatio/history,2026-04-26T00:22:34.470854+00:00
2026-02-13 00:00:00+00:00,1.31,56.69,v3,12h,TRX,global_ls,/futures/globalLongShortAccountRatio/history,2026-04-26T00:22:34.470854+00:00
2026-02-13 12:00:00+00:00,1.34,57.21,v3,12h,TRX,global_ls,/futures/globalLongShortAccountRatio/history,2026-04-26T00:22:34.470854+00:00
2026-02-14 00:00:00+00:00,1.34,57.21,v3,12h,TRX,global_ls,/futures/globalLongShortAccountRatio/history,2026-04-26T00:22:34.470854+00:00
2026-02-14 12:00:00+00:00,1.4,58.31,v3,12h,TRX,global_ls,/futures/globalLongShortAccountRatio/history,2026-04-26T00:22:34.470854+00:00
2026-02-15 00:00:00+00:00,1.44,58.95,v3,12h,TRX,global_ls,/futures/globalLongShortAccountRatio/history,2026-04-26T00:22:34.470854+00:00
2026-02-15 12:00:00+00:00,1.25,55.6,v3,12h,TRX,global_ls,/futures/globalLongShortAccountRatio/history,2026-04-26T00:22:34.470854+00:00
2026-02-16 00:00:00+00:00,1.17,53.91,v3,12h,TRX,global_ls,/futures/globalLongShortAccountRatio/history,2026-04-26T00:22:34.470854+00:00
2026-02-16 12:00:00+00:00,1.17,54.01,v3,12h,TRX,global_ls,/futures/globalLongShortAccountRatio/history,2026-04-26T00:22:34.470854+00:00
2026-02-17 00:00:00+00:00,1.34,57.19,v3,12h,TRX,global_ls,/futures/globalLongShortAccountRatio/history,2026-04-26T00:22:34.470854+00:00
2026-02-17 12:00:00+00:00,1.54,60.68,v3,12h,TRX,global_ls,/futures/globalLongShortAccountRatio/history,2026-04-26T00:22:34.470854+00:00
2026-02-18 00:00:00+00:00,1.44,58.95,v3,12h,TRX,global_ls,/futures/globalLongShortAccountRatio/history,2026-04-26T00:22:34.470854+00:00
2026-02-18 12:00:00+00:00,1.33,57.03,v3,12h,TRX,global_ls,/futures/globalLongShortAccountRatio/history,2026-04-26T00:22:34.470854+00:00
2026-02-19 00:00:00+00:00,1.12,52.9,v3,12h,TRX,global_ls,/futures/globalLongShortAccountRatio/history,2026-04-26T00:22:34.470854+00:00
2026-02-19 12:00:00+00:00,1.15,53.58,v3,12h,TRX,global_ls,/futures/globalLongShortAccountRatio/history,2026-04-26T00:22:34.470854+00:00
2026-02-20 00:00:00+00:00,1.28,56.04,v3,12h,TRX,global_ls,/futures/globalLongShortAccountRatio/history,2026-04-26T00:22:34.470854+00:00
2026-02-20 12:00:00+00:00,1.41,58.57,v3,12h,TRX,global_ls,/futures/globalLongShortAccountRatio/history,2026-04-26T00:22:34.470854+00:00
2026-02-21 00:00:00+00:00,1.58,61.18,v3,12h,TRX,global_ls,/futures/globalLongShortAccountRatio/history,2026-04-26T00:22:34.470854+00:00
2026-02-21 12:00:00+00:00,1.59,61.33,v3,12h,TRX,global_ls,/futures/globalLongShortAccountRatio/history,2026-04-26T00:22:34.470854+00:00
2026-02-22 00:00:00+00:00,1.58,61.22,v3,12h,TRX,global_ls,/futures/globalLongShortAccountRatio/history,2026-04-26T00:22:34.470854+00:00
2026-02-22 12:00:00+00:00,1.65,62.19,v3,12h,TRX,global_ls,/futures/globalLongShortAccountRatio/history,2026-04-26T00:22:34.470854+00:00
2026-02-23 00:00:00+00:00,1.65,62.3,v3,12h,TRX,global_ls,/futures/globalLongShortAccountRatio/history,2026-04-26T00:22:34.470854+00:00
2026-02-23 12:00:00+00:00,1.61,61.61,v3,12h,TRX,global_ls,/futures/globalLongShortAccountRatio/history,2026-04-26T00:22:34.470854+00:00
2026-02-24 00:00:00+00:00,1.41,58.46,v3,12h,TRX,global_ls,/futures/globalLongShortAccountRatio/history,2026-04-26T00:22:34.470854+00:00
2026-02-24 12:00:00+00:00,1.28,56.15,v3,12h,TRX,global_ls,/futures/globalLongShortAccountRatio/history,2026-04-26T00:22:34.470854+00:00
2026-02-25 00:00:00+00:00,1.33,57.14,v3,12h,TRX,global_ls,/futures/globalLongShortAccountRatio/history,2026-04-26T00:22:34.470854+00:00
2026-02-25 12:00:00+00:00,1.55,60.78,v3,12h,TRX,global_ls,/futures/globalLongShortAccountRatio/history,2026-04-26T00:22:34.470854+00:00
2026-02-26 00:00:00+00:00,1.34,57.26,v3,12h,TRX,global_ls,/futures/globalLongShortAccountRatio/history,2026-04-26T00:22:34.470854+00:00
2026-02-26 12:00:00+00:00,1.31,56.66,v3,12h,TRX,global_ls,/futures/globalLongShortAccountRatio/history,2026-04-26T00:22:34.470854+00:00
2026-02-27 00:00:00+00:00,1.35,57.5,v3,12h,TRX,global_ls,/futures/globalLongShortAccountRatio/history,2026-04-26T00:22:34.470854+00:00
2026-02-27 12:00:00+00:00,1.16,53.73,v3,12h,TRX,global_ls,/futures/globalLongShortAccountRatio/history,2026-04-26T00:22:34.470854+00:00
2026-02-28 00:00:00+00:00,1.07,51.58,v3,12h,TRX,global_ls,/futures/globalLongShortAccountRatio/history,2026-04-26T00:22:34.470854+00:00
2026-02-28 12:00:00+00:00,0.97,49.23,v3,12h,TRX,global_ls,/futures/globalLongShortAccountRatio/history,2026-04-26T00:22:34.470854+00:00
2026-03-01 00:00:00+00:00,0.97,49.23,v3,12h,TRX,global_ls,/futures/globalLongShortAccountRatio/history,2026-04-26T00:22:34.470854+00:00
2026-03-01 12:00:00+00:00,0.93,48.26,v3,12h,TRX,global_ls,/futures/globalLongShortAccountRatio/history,2026-04-26T00:22:34.470854+00:00
2026-03-02 00:00:00+00:00,0.9,47.28,v3,12h,TRX,global_ls,/futures/globalLongShortAccountRatio/history,2026-04-26T00:22:34.470854+00:00
2026-03-02 12:00:00+00:00,0.91,47.66,v3,12h,TRX,global_ls,/futures/globalLongShortAccountRatio/history,2026-04-26T00:22:34.470854+00:00
2026-03-03 00:00:00+00:00,0.96,48.84,v3,12h,TRX,global_ls,/futures/globalLongShortAccountRatio/history,2026-04-26T00:22:34.470854+00:00
2026-03-03 12:00:00+00:00,0.96,49.03,v3,12h,TRX,global_ls,/futures/globalLongShortAccountRatio/history,2026-04-26T00:22:34.470854+00:00
2026-03-04 00:00:00+00:00,0.92,47.99,v3,12h,TRX,global_ls,/futures/globalLongShortAccountRatio/history,2026-04-26T00:22:34.470854+00:00
2026-03-04 12:00:00+00:00,0.89,46.95,v3,12h,TRX,global_ls,/futures/globalLongShortAccountRatio/history,2026-04-26T00:22:34.470854+00:00
2026-03-05 00:00:00+00:00,1.02,50.5,v3,12h,TRX,global_ls,/futures/globalLongShortAccountRatio/history,2026-04-26T00:22:34.470854+00:00
2026-03-05 12:00:00+00:00,1.22,54.91,v3,12h,TRX,global_ls,/futures/globalLongShortAccountRatio/history,2026-04-26T00:22:34.470854+00:00
2026-03-06 00:00:00+00:00,1.13,53.13,v3,12h,TRX,global_ls,/futures/globalLongShortAccountRatio/history,2026-04-26T00:22:34.470854+00:00
2026-03-06 12:00:00+00:00,1.17,53.8,v3,12h,TRX,global_ls,/futures/globalLongShortAccountRatio/history,2026-04-26T00:22:34.470854+00:00
2026-03-07 00:00:00+00:00,1.39,58.2,v3,12h,TRX,global_ls,/futures/globalLongShortAccountRatio/history,2026-04-26T00:22:34.470854+00:00
2026-03-07 12:00:00+00:00,1.42,58.72,v3,12h,TRX,global_ls,/futures/globalLongShortAccountRatio/history,2026-04-26T00:22:34.470854+00:00
2026-03-08 00:00:00+00:00,1.43,58.87,v3,12h,TRX,global_ls,/futures/globalLongShortAccountRatio/history,2026-04-26T00:22:34.470854+00:00
2026-03-08 12:00:00+00:00,1.57,61.11,v3,12h,TRX,global_ls,/futures/globalLongShortAccountRatio/history,2026-04-26T00:22:34.470854+00:00
2026-03-09 00:00:00+00:00,1.56,60.87,v3,12h,TRX,global_ls,/futures/globalLongShortAccountRatio/history,2026-04-26T00:22:34.470854+00:00
2026-03-09 12:00:00+00:00,1.57,61.12,v3,12h,TRX,global_ls,/futures/globalLongShortAccountRatio/history,2026-04-26T00:22:34.470854+00:00
2026-03-10 00:00:00+00:00,1.42,58.62,v3,12h,TRX,global_ls,/futures/globalLongShortAccountRatio/history,2026-04-26T00:22:34.470854+00:00
2026-03-10 12:00:00+00:00,1.28,56.17,v3,12h,TRX,global_ls,/futures/globalLongShortAccountRatio/history,2026-04-26T00:22:34.470854+00:00
2026-03-11 00:00:00+00:00,1.16,53.76,v3,12h,TRX,global_ls,/futures/globalLongShortAccountRatio/history,2026-04-26T00:22:34.470854+00:00
2026-03-11 12:00:00+00:00,1.23,55.09,v3,12h,TRX,global_ls,/futures/globalLongShortAccountRatio/history,2026-04-26T00:22:34.470854+00:00
2026-03-12 00:00:00+00:00,1.45,59.23,v3,12h,TRX,global_ls,/futures/globalLongShortAccountRatio/history,2026-04-26T00:22:34.470854+00:00
2026-03-12 12:00:00+00:00,1.6,61.58,v3,12h,TRX,global_ls,/futures/globalLongShortAccountRatio/history,2026-04-26T00:22:34.470854+00:00
2026-03-13 00:00:00+00:00,1.52,60.3,v3,12h,TRX,global_ls,/futures/globalLongShortAccountRatio/history,2026-04-26T00:22:34.470854+00:00
2026-03-13 12:00:00+00:00,1.47,59.56,v3,12h,TRX,global_ls,/futures/globalLongShortAccountRatio/history,2026-04-26T00:22:34.470854+00:00
2026-03-14 00:00:00+00:00,1.47,59.43,v3,12h,TRX,global_ls,/futures/globalLongShortAccountRatio/history,2026-04-26T00:22:34.470854+00:00
2026-03-14 12:00:00+00:00,1.5,60.03,v3,12h,TRX,global_ls,/futures/globalLongShortAccountRatio/history,2026-04-26T00:22:34.470854+00:00
2026-03-15 00:00:00+00:00,1.58,61.28,v3,12h,TRX,global_ls,/futures/globalLongShortAccountRatio/history,2026-04-26T00:22:34.470854+00:00
2026-03-15 12:00:00+00:00,1.6,61.58,v3,12h,TRX,global_ls,/futures/globalLongShortAccountRatio/history,2026-04-26T00:22:34.470854+00:00
2026-03-16 00:00:00+00:00,1.68,62.65,v3,12h,TRX,global_ls,/futures/globalLongShortAccountRatio/history,2026-04-26T00:22:34.470854+00:00
2026-03-16 12:00:00+00:00,1.57,61.13,v3,12h,TRX,global_ls,/futures/globalLongShortAccountRatio/history,2026-04-26T00:22:34.470854+00:00
2026-03-17 00:00:00+00:00,1.43,58.91,v3,12h,TRX,global_ls,/futures/globalLongShortAccountRatio/history,2026-04-26T00:22:34.470854+00:00
2026-03-17 12:00:00+00:00,1.2,54.57,v3,12h,TRX,global_ls,/futures/globalLongShortAccountRatio/history,2026-04-26T00:22:34.470854+00:00
2026-03-18 00:00:00+00:00,1.27,55.98,v3,12h,TRX,global_ls,/futures/globalLongShortAccountRatio/history,2026-04-26T00:22:34.470854+00:00
2026-03-18 12:00:00+00:00,1.43,58.85,v3,12h,TRX,global_ls,/futures/globalLongShortAccountRatio/history,2026-04-26T00:22:34.470854+00:00
2026-03-19 00:00:00+00:00,1.49,59.76,v3,12h,TRX,global_ls,/futures/globalLongShortAccountRatio/history,2026-04-26T00:22:34.470854+00:00
2026-03-19 12:00:00+00:00,1.47,59.45,v3,12h,TRX,global_ls,/futures/globalLongShortAccountRatio/history,2026-04-26T00:22:34.470854+00:00
2026-03-20 00:00:00+00:00,1.53,60.49,v3,12h,TRX,global_ls,/futures/globalLongShortAccountRatio/history,2026-04-26T00:22:34.470854+00:00
2026-03-20 12:00:00+00:00,1.53,60.47,v3,12h,TRX,global_ls,/futures/globalLongShortAccountRatio/history,2026-04-26T00:22:34.470854+00:00
2026-03-21 00:00:00+00:00,1.59,61.43,v3,12h,TRX,global_ls,/futures/globalLongShortAccountRatio/history,2026-04-26T00:22:34.470854+00:00
2026-03-21 12:00:00+00:00,1.6,61.57,v3,12h,TRX,global_ls,/futures/globalLongShortAccountRatio/history,2026-04-26T00:22:34.470854+00:00
2026-03-22 00:00:00+00:00,1.55,60.72,v3,12h,TRX,global_ls,/futures/globalLongShortAccountRatio/history,2026-04-26T00:22:34.470854+00:00
2026-03-22 12:00:00+00:00,1.49,59.79,v3,12h,TRX,global_ls,/futures/globalLongShortAccountRatio/history,2026-04-26T00:22:34.470854+00:00
2026-03-23 00:00:00+00:00,1.48,59.75,v3,12h,TRX,global_ls,/futures/globalLongShortAccountRatio/history,2026-04-26T00:22:34.470854+00:00
2026-03-23 12:00:00+00:00,1.47,59.5,v3,12h,TRX,global_ls,/futures/globalLongShortAccountRatio/history,2026-04-26T00:22:34.470854+00:00
2026-03-24 00:00:00+00:00,1.59,61.37,v3,12h,TRX,global_ls,/futures/globalLongShortAccountRatio/history,2026-04-26T00:22:34.470854+00:00
2026-03-24 12:00:00+00:00,1.56,60.93,v3,12h,TRX,global_ls,/futures/globalLongShortAccountRatio/history,2026-04-26T00:22:34.470854+00:00
2026-03-25 00:00:00+00:00,1.57,61.14,v3,12h,TRX,global_ls,/futures/globalLongShortAccountRatio/history,2026-04-26T00:22:34.470854+00:00
2026-03-25 12:00:00+00:00,1.58,61.28,v3,12h,TRX,global_ls,/futures/globalLongShortAccountRatio/history,2026-04-26T00:22:34.470854+00:00
2026-03-26 00:00:00+00:00,1.71,63.05,v3,12h,TRX,global_ls,/futures/globalLongShortAccountRatio/history,2026-04-26T00:22:34.470854+00:00
2026-03-26 12:00:00+00:00,1.67,62.54,v3,12h,TRX,global_ls,/futures/globalLongShortAccountRatio/history,2026-04-26T00:22:34.470854+00:00
2026-03-27 00:00:00+00:00,1.71,63.04,v3,12h,TRX,global_ls,/futures/globalLongShortAccountRatio/history,2026-04-26T00:22:34.470854+00:00
2026-03-27 12:00:00+00:00,1.68,62.69,v3,12h,TRX,global_ls,/futures/globalLongShortAccountRatio/history,2026-04-26T00:22:34.470854+00:00
2026-03-28 00:00:00+00:00,1.65,62.29,v3,12h,TRX,global_ls,/futures/globalLongShortAccountRatio/history,2026-04-26T00:22:34.470854+00:00
2026-03-28 12:00:00+00:00,1.7,62.96,v3,12h,TRX,global_ls,/futures/globalLongShortAccountRatio/history,2026-04-26T00:22:34.470854+00:00
2026-03-29 00:00:00+00:00,1.69,62.81,v3,12h,TRX,global_ls,/futures/globalLongShortAccountRatio/history,2026-04-26T00:22:34.470854+00:00
2026-03-29 12:00:00+00:00,1.69,62.83,v3,12h,TRX,global_ls,/futures/globalLongShortAccountRatio/history,2026-04-26T00:22:34.470854+00:00
2026-03-30 00:00:00+00:00,1.62,61.76,v3,12h,TRX,global_ls,/futures/globalLongShortAccountRatio/history,2026-04-26T00:22:34.470854+00:00
2026-03-30 12:00:00+00:00,1.67,62.48,v3,12h,TRX,global_ls,/futures/globalLongShortAccountRatio/history,2026-04-26T00:22:34.470854+00:00
2026-03-31 00:00:00+00:00,1.63,62.01,v3,12h,TRX,global_ls,/futures/globalLongShortAccountRatio/history,2026-04-26T00:22:34.470854+00:00
2026-03-31 12:00:00+00:00,1.65,62.32,v3,12h,TRX,global_ls,/futures/globalLongShortAccountRatio/history,2026-04-26T00:22:34.470854+00:00
2026-04-01 00:00:00+00:00,1.51,60.11,v3,12h,TRX,global_ls,/futures/globalLongShortAccountRatio/history,2026-04-26T00:22:34.470854+00:00
2026-04-01 12:00:00+00:00,1.4,58.41,v3,12h,TRX,global_ls,/futures/globalLongShortAccountRatio/history,2026-04-26T00:22:34.470854+00:00
2026-04-02 00:00:00+00:00,1.4,58.31,v3,12h,TRX,global_ls,/futures/globalLongShortAccountRatio/history,2026-04-26T00:22:34.470854+00:00
2026-04-02 12:00:00+00:00,1.41,58.44,v3,12h,TRX,global_ls,/futures/globalLongShortAccountRatio/history,2026-04-26T00:22:34.470854+00:00
2026-04-03 00:00:00+00:00,1.39,58.22,v3,12h,TRX,global_ls,/futures/globalLongShortAccountRatio/history,2026-04-26T00:22:34.470854+00:00
2026-04-03 12:00:00+00:00,1.31,56.62,v3,12h,TRX,global_ls,/futures/globalLongShortAccountRatio/history,2026-04-26T00:22:34.470854+00:00
2026-04-04 00:00:00+00:00,1.26,55.68,v3,12h,TRX,global_ls,/futures/globalLongShortAccountRatio/history,2026-04-26T00:22:34.470854+00:00
2026-04-04 12:00:00+00:00,1.4,58.31,v3,12h,TRX,global_ls,/futures/globalLongShortAccountRatio/history,2026-04-26T00:22:34.470854+00:00
2026-04-05 00:00:00+00:00,1.45,59.25,v3,12h,TRX,global_ls,/futures/globalLongShortAccountRatio/history,2026-04-26T00:22:34.470854+00:00
2026-04-05 12:00:00+00:00,1.46,59.32,v3,12h,TRX,global_ls,/futures/globalLongShortAccountRatio/history,2026-04-26T00:22:34.470854+00:00
2026-04-06 00:00:00+00:00,1.46,59.3,v3,12h,TRX,global_ls,/futures/globalLongShortAccountRatio/history,2026-04-26T00:22:34.470854+00:00
2026-04-06 12:00:00+00:00,1.37,57.82,v3,12h,TRX,global_ls,/futures/globalLongShortAccountRatio/history,2026-04-26T00:22:34.470854+00:00
2026-04-07 00:00:00+00:00,1.26,55.7,v3,12h,TRX,global_ls,/futures/globalLongShortAccountRatio/history,2026-04-26T00:22:34.470854+00:00
2026-04-07 12:00:00+00:00,1.23,55.07,v3,12h,TRX,global_ls,/futures/globalLongShortAccountRatio/history,2026-04-26T00:22:34.470854+00:00
2026-04-08 00:00:00+00:00,1.11,52.63,v3,12h,TRX,global_ls,/futures/globalLongShortAccountRatio/history,2026-04-26T00:22:34.470854+00:00
2026-04-08 12:00:00+00:00,1.07,51.78,v3,12h,TRX,global_ls,/futures/globalLongShortAccountRatio/history,2026-04-26T00:22:34.470854+00:00
2026-04-09 00:00:00+00:00,1.18,54.17,v3,12h,TRX,global_ls,/futures/globalLongShortAccountRatio/history,2026-04-26T00:22:34.470854+00:00
2026-04-09 12:00:00+00:00,1.26,55.66,v3,12h,TRX,global_ls,/futures/globalLongShortAccountRatio/history,2026-04-26T00:22:34.470854+00:00
2026-04-10 00:00:00+00:00,1.29,56.35,v3,12h,TRX,global_ls,/futures/globalLongShortAccountRatio/history,2026-04-26T00:22:34.470854+00:00
2026-04-10 12:00:00+00:00,1.28,56.04,v3,12h,TRX,global_ls,/futures/globalLongShortAccountRatio/history,2026-04-26T00:22:34.470854+00:00
2026-04-11 00:00:00+00:00,1.19,54.37,v3,12h,TRX,global_ls,/futures/globalLongShortAccountRatio/history,2026-04-26T00:22:34.470854+00:00
2026-04-11 12:00:00+00:00,1.18,54.17,v3,12h,TRX,global_ls,/futures/globalLongShortAccountRatio/history,2026-04-26T00:22:34.470854+00:00
2026-04-12 00:00:00+00:00,1.17,53.97,v3,12h,TRX,global_ls,/futures/globalLongShortAccountRatio/history,2026-04-26T00:22:34.470854+00:00
2026-04-12 12:00:00+00:00,1.25,55.49,v3,12h,TRX,global_ls,/futures/globalLongShortAccountRatio/history,2026-04-26T00:22:34.470854+00:00
2026-04-13 00:00:00+00:00,1.07,51.78,v3,12h,TRX,global_ls,/futures/globalLongShortAccountRatio/history,2026-04-26T00:22:34.470854+00:00
2026-04-13 12:00:00+00:00,1.12,52.74,v3,12h,TRX,global_ls,/futures/globalLongShortAccountRatio/history,2026-04-26T00:22:34.470854+00:00
2026-04-14 00:00:00+00:00,1.06,51.46,v3,12h,TRX,global_ls,/futures/globalLongShortAccountRatio/history,2026-04-26T00:22:34.470854+00:00
2026-04-14 12:00:00+00:00,1.02,50.53,v3,12h,TRX,global_ls,/futures/globalLongShortAccountRatio/history,2026-04-26T00:22:34.470854+00:00
2026-04-15 00:00:00+00:00,1.08,51.87,v3,12h,TRX,global_ls,/futures/globalLongShortAccountRatio/history,2026-04-26T00:22:34.470854+00:00
2026-04-15 12:00:00+00:00,1.09,52.18,v3,12h,TRX,global_ls,/futures/globalLongShortAccountRatio/history,2026-04-26T00:22:34.470854+00:00
2026-04-16 00:00:00+00:00,1.17,53.98,v3,12h,TRX,global_ls,/futures/globalLongShortAccountRatio/history,2026-04-26T00:22:34.470854+00:00
2026-04-16 12:00:00+00:00,1.14,53.24,v3,12h,TRX,global_ls,/futures/globalLongShortAccountRatio/history,2026-04-26T00:22:34.470854+00:00
2026-04-17 00:00:00+00:00,1.17,54.0,v3,12h,TRX,global_ls,/futures/globalLongShortAccountRatio/history,2026-04-26T00:22:34.470854+00:00
2026-04-17 12:00:00+00:00,1.03,50.68,v3,12h,TRX,global_ls,/futures/globalLongShortAccountRatio/history,2026-04-26T00:22:34.470854+00:00
2026-04-18 00:00:00+00:00,1.05,51.21,v3,12h,TRX,global_ls,/futures/globalLongShortAccountRatio/history,2026-04-26T00:22:34.470854+00:00
2026-04-18 12:00:00+00:00,1.08,51.95,v3,12h,TRX,global_ls,/futures/globalLongShortAccountRatio/history,2026-04-26T00:22:34.470854+00:00
2026-04-19 00:00:00+00:00,1.2,54.45,v3,12h,TRX,global_ls,/futures/globalLongShortAccountRatio/history,2026-04-26T00:22:34.470854+00:00
2026-04-19 12:00:00+00:00,1.25,55.55,v3,12h,TRX,global_ls,/futures/globalLongShortAccountRatio/history,2026-04-26T00:22:34.470854+00:00
2026-04-20 00:00:00+00:00,1.48,59.66,v3,12h,TRX,global_ls,/futures/globalLongShortAccountRatio/history,2026-04-26T00:22:34.470854+00:00
2026-04-20 12:00:00+00:00,1.53,60.45,v3,12h,TRX,global_ls,/futures/globalLongShortAccountRatio/history,2026-04-26T00:22:34.470854+00:00
2026-04-21 00:00:00+00:00,1.4,58.32,v3,12h,TRX,global_ls,/futures/globalLongShortAccountRatio/history,2026-04-26T00:22:34.470854+00:00
2026-04-21 12:00:00+00:00,1.33,57.09,v3,12h,TRX,global_ls,/futures/globalLongShortAccountRatio/history,2026-04-26T00:22:34.470854+00:00
2026-04-22 00:00:00+00:00,1.45,59.18,v3,12h,TRX,global_ls,/futures/globalLongShortAccountRatio/history,2026-04-26T00:22:34.470854+00:00
2026-04-22 12:00:00+00:00,1.46,59.29,v3,12h,TRX,global_ls,/futures/globalLongShortAccountRatio/history,2026-04-26T00:22:34.470854+00:00
2026-04-23 00:00:00+00:00,1.33,56.98,v3,12h,TRX,global_ls,/futures/globalLongShortAccountRatio/history,2026-04-26T00:22:34.470854+00:00
2026-04-23 12:00:00+00:00,1.23,55.08,v3,12h,TRX,global_ls,/futures/globalLongShortAccountRatio/history,2026-04-26T00:22:34.470854+00:00
2026-04-24 00:00:00+00:00,1.26,55.81,v3,12h,TRX,global_ls,/futures/globalLongShortAccountRatio/history,2026-04-26T00:22:34.470854+00:00
2026-04-24 12:00:00+00:00,1.22,54.94,v3,12h,TRX,global_ls,/futures/globalLongShortAccountRatio/history,2026-04-26T00:22:34.470854+00:00
2026-04-25 00:00:00+00:00,1.1,52.34,v3,12h,TRX,global_ls,/futures/globalLongShortAccountRatio/history,2026-04-26T00:22:34.470854+00:00
2026-04-25 12:00:00+00:00,1.02,50.6,v3,12h,TRX,global_ls,/futures/globalLongShortAccountRatio/history,2026-04-26T00:22:34.470854+00:00
2026-04-26 00:00:00+00:00,1.04,50.93,v3,12h,TRX,global_ls,/futures/globalLongShortAccountRatio/history,2026-04-26T00:22:34.470854+00:00
