ts,fr_close,api_version,interval,symbol,endpoint,path,fetched_at
2025-04-28 12:00:00+00:00,-0.006292,v3,12h,XRP,fr,/futures/fundingRate/ohlc-history,2026-04-23T00:33:46.666994+00:00
2025-04-29 00:00:00+00:00,0.004954,v3,12h,XRP,fr,/futures/fundingRate/ohlc-history,2026-04-23T00:33:46.666994+00:00
2025-04-29 12:00:00+00:00,-0.003024,v3,12h,XRP,fr,/futures/fundingRate/ohlc-history,2026-04-24T04:02:42.060058+00:00
2025-04-30 00:00:00+00:00,-0.010747,v3,12h,XRP,fr,/futures/fundingRate/ohlc-history,2026-04-24T04:02:42.060058+00:00
2025-04-30 12:00:00+00:00,-0.001607,v3,12h,XRP,fr,/futures/fundingRate/ohlc-history,2026-04-24T04:02:42.060058+00:00
2025-05-01 00:00:00+00:00,0.009721,v3,12h,XRP,fr,/futures/fundingRate/ohlc-history,2026-04-24T04:02:42.060058+00:00
2025-05-01 12:00:00+00:00,0.01,v3,12h,XRP,fr,/futures/fundingRate/ohlc-history,2026-04-24T04:02:42.060058+00:00
2025-05-02 00:00:00+00:00,0.01,v3,12h,XRP,fr,/futures/fundingRate/ohlc-history,2026-04-24T04:02:42.060058+00:00
2025-05-02 12:00:00+00:00,0.001785,v3,12h,XRP,fr,/futures/fundingRate/ohlc-history,2026-04-24T04:02:42.060058+00:00
2025-05-03 00:00:00+00:00,0.004745,v3,12h,XRP,fr,/futures/fundingRate/ohlc-history,2026-04-24T04:02:42.060058+00:00
2025-05-03 12:00:00+00:00,0.004241,v3,12h,XRP,fr,/futures/fundingRate/ohlc-history,2026-04-24T04:02:42.060058+00:00
2025-05-04 00:00:00+00:00,-0.001801,v3,12h,XRP,fr,/futures/fundingRate/ohlc-history,2026-04-24T04:02:42.060058+00:00
2025-05-04 12:00:00+00:00,-0.010351,v3,12h,XRP,fr,/futures/fundingRate/ohlc-history,2026-04-24T04:02:42.060058+00:00
2025-05-05 00:00:00+00:00,-0.000296,v3,12h,XRP,fr,/futures/fundingRate/ohlc-history,2026-04-24T04:02:42.060058+00:00
2025-05-05 12:00:00+00:00,0.003992,v3,12h,XRP,fr,/futures/fundingRate/ohlc-history,2026-04-24T04:02:42.060058+00:00
2025-05-06 00:00:00+00:00,-0.001846,v3,12h,XRP,fr,/futures/fundingRate/ohlc-history,2026-04-24T04:02:42.060058+00:00
2025-05-06 12:00:00+00:00,0.006833,v3,12h,XRP,fr,/futures/fundingRate/ohlc-history,2026-04-24T04:02:42.060058+00:00
2025-05-07 00:00:00+00:00,0.006553,v3,12h,XRP,fr,/futures/fundingRate/ohlc-history,2026-04-24T04:02:42.060058+00:00
2025-05-07 12:00:00+00:00,0.006191,v3,12h,XRP,fr,/futures/fundingRate/ohlc-history,2026-04-24T04:02:42.060058+00:00
2025-05-08 00:00:00+00:00,0.01,v3,12h,XRP,fr,/futures/fundingRate/ohlc-history,2026-04-24T04:02:42.060058+00:00
2025-05-08 12:00:00+00:00,0.01,v3,12h,XRP,fr,/futures/fundingRate/ohlc-history,2026-04-24T04:02:42.060058+00:00
2025-05-09 00:00:00+00:00,0.01,v3,12h,XRP,fr,/futures/fundingRate/ohlc-history,2026-04-24T04:02:42.060058+00:00
2025-05-09 12:00:00+00:00,0.01,v3,12h,XRP,fr,/futures/fundingRate/ohlc-history,2026-04-24T04:02:42.060058+00:00
2025-05-10 00:00:00+00:00,0.01,v3,12h,XRP,fr,/futures/fundingRate/ohlc-history,2026-04-24T04:02:42.060058+00:00
2025-05-10 12:00:00+00:00,0.01,v3,12h,XRP,fr,/futures/fundingRate/ohlc-history,2026-04-24T04:02:42.060058+00:00
2025-05-11 00:00:00+00:00,0.01,v3,12h,XRP,fr,/futures/fundingRate/ohlc-history,2026-04-24T04:02:42.060058+00:00
2025-05-11 12:00:00+00:00,0.009125,v3,12h,XRP,fr,/futures/fundingRate/ohlc-history,2026-04-24T04:02:42.060058+00:00
2025-05-12 00:00:00+00:00,0.01,v3,12h,XRP,fr,/futures/fundingRate/ohlc-history,2026-04-24T04:02:42.060058+00:00
2025-05-12 12:00:00+00:00,0.01,v3,12h,XRP,fr,/futures/fundingRate/ohlc-history,2026-04-24T04:02:42.060058+00:00
2025-05-13 00:00:00+00:00,0.01,v3,12h,XRP,fr,/futures/fundingRate/ohlc-history,2026-04-24T04:02:42.060058+00:00
2025-05-13 12:00:00+00:00,0.01,v3,12h,XRP,fr,/futures/fundingRate/ohlc-history,2026-04-24T04:02:42.060058+00:00
2025-05-14 00:00:00+00:00,0.01,v3,12h,XRP,fr,/futures/fundingRate/ohlc-history,2026-04-24T04:02:42.060058+00:00
2025-05-14 12:00:00+00:00,0.002786,v3,12h,XRP,fr,/futures/fundingRate/ohlc-history,2026-04-24T04:02:42.060058+00:00
2025-05-15 00:00:00+00:00,0.000927,v3,12h,XRP,fr,/futures/fundingRate/ohlc-history,2026-04-24T04:02:42.060058+00:00
2025-05-15 12:00:00+00:00,0.00861,v3,12h,XRP,fr,/futures/fundingRate/ohlc-history,2026-04-24T04:02:42.060058+00:00
2025-05-16 00:00:00+00:00,0.005762,v3,12h,XRP,fr,/futures/fundingRate/ohlc-history,2026-04-24T04:02:42.060058+00:00
2025-05-16 12:00:00+00:00,0.007415,v3,12h,XRP,fr,/futures/fundingRate/ohlc-history,2026-04-24T04:02:42.060058+00:00
2025-05-17 00:00:00+00:00,0.01,v3,12h,XRP,fr,/futures/fundingRate/ohlc-history,2026-04-24T04:02:42.060058+00:00
2025-05-17 12:00:00+00:00,0.003262,v3,12h,XRP,fr,/futures/fundingRate/ohlc-history,2026-04-24T04:02:42.060058+00:00
2025-05-18 00:00:00+00:00,-0.000602,v3,12h,XRP,fr,/futures/fundingRate/ohlc-history,2026-04-24T04:02:42.060058+00:00
2025-05-18 12:00:00+00:00,0.006737,v3,12h,XRP,fr,/futures/fundingRate/ohlc-history,2026-04-24T04:02:42.060058+00:00
2025-05-19 00:00:00+00:00,-0.009083,v3,12h,XRP,fr,/futures/fundingRate/ohlc-history,2026-04-24T04:02:42.060058+00:00
2025-05-19 12:00:00+00:00,0.01,v3,12h,XRP,fr,/futures/fundingRate/ohlc-history,2026-04-24T04:02:42.060058+00:00
2025-05-20 00:00:00+00:00,0.01,v3,12h,XRP,fr,/futures/fundingRate/ohlc-history,2026-04-24T04:02:42.060058+00:00
2025-05-20 12:00:00+00:00,0.001799,v3,12h,XRP,fr,/futures/fundingRate/ohlc-history,2026-04-24T04:02:42.060058+00:00
2025-05-21 00:00:00+00:00,-0.004134,v3,12h,XRP,fr,/futures/fundingRate/ohlc-history,2026-04-24T04:02:42.060058+00:00
2025-05-21 12:00:00+00:00,0.01,v3,12h,XRP,fr,/futures/fundingRate/ohlc-history,2026-04-24T04:02:42.060058+00:00
2025-05-22 00:00:00+00:00,0.01,v3,12h,XRP,fr,/futures/fundingRate/ohlc-history,2026-04-24T04:02:42.060058+00:00
2025-05-22 12:00:00+00:00,0.01,v3,12h,XRP,fr,/futures/fundingRate/ohlc-history,2026-04-24T04:02:42.060058+00:00
2025-05-23 00:00:00+00:00,0.01,v3,12h,XRP,fr,/futures/fundingRate/ohlc-history,2026-04-24T04:02:42.060058+00:00
2025-05-23 12:00:00+00:00,-0.003369,v3,12h,XRP,fr,/futures/fundingRate/ohlc-history,2026-04-24T04:02:42.060058+00:00
2025-05-24 00:00:00+00:00,0.01,v3,12h,XRP,fr,/futures/fundingRate/ohlc-history,2026-04-24T04:02:42.060058+00:00
2025-05-24 12:00:00+00:00,0.007622,v3,12h,XRP,fr,/futures/fundingRate/ohlc-history,2026-04-24T04:02:42.060058+00:00
2025-05-25 00:00:00+00:00,-0.009362,v3,12h,XRP,fr,/futures/fundingRate/ohlc-history,2026-04-24T04:02:42.060058+00:00
2025-05-25 12:00:00+00:00,0.004896,v3,12h,XRP,fr,/futures/fundingRate/ohlc-history,2026-04-24T04:02:42.060058+00:00
2025-05-26 00:00:00+00:00,0.01,v3,12h,XRP,fr,/futures/fundingRate/ohlc-history,2026-04-24T04:02:42.060058+00:00
2025-05-26 12:00:00+00:00,-0.005469,v3,12h,XRP,fr,/futures/fundingRate/ohlc-history,2026-04-24T04:02:42.060058+00:00
2025-05-27 00:00:00+00:00,0.007989,v3,12h,XRP,fr,/futures/fundingRate/ohlc-history,2026-04-24T04:02:42.060058+00:00
2025-05-27 12:00:00+00:00,0.01,v3,12h,XRP,fr,/futures/fundingRate/ohlc-history,2026-04-24T04:02:42.060058+00:00
2025-05-28 00:00:00+00:00,-0.006313,v3,12h,XRP,fr,/futures/fundingRate/ohlc-history,2026-04-24T04:02:42.060058+00:00
2025-05-28 12:00:00+00:00,-0.006519,v3,12h,XRP,fr,/futures/fundingRate/ohlc-history,2026-04-24T04:02:42.060058+00:00
2025-05-29 00:00:00+00:00,0.01,v3,12h,XRP,fr,/futures/fundingRate/ohlc-history,2026-04-24T04:02:42.060058+00:00
2025-05-29 12:00:00+00:00,0.008959,v3,12h,XRP,fr,/futures/fundingRate/ohlc-history,2026-04-24T04:02:42.060058+00:00
2025-05-30 00:00:00+00:00,0.004058,v3,12h,XRP,fr,/futures/fundingRate/ohlc-history,2026-04-24T04:02:42.060058+00:00
2025-05-30 12:00:00+00:00,0.001619,v3,12h,XRP,fr,/futures/fundingRate/ohlc-history,2026-04-24T04:02:42.060058+00:00
2025-05-31 00:00:00+00:00,0.006278,v3,12h,XRP,fr,/futures/fundingRate/ohlc-history,2026-04-24T04:02:42.060058+00:00
2025-05-31 12:00:00+00:00,0.01,v3,12h,XRP,fr,/futures/fundingRate/ohlc-history,2026-04-24T04:02:42.060058+00:00
2025-06-01 00:00:00+00:00,-0.004865,v3,12h,XRP,fr,/futures/fundingRate/ohlc-history,2026-04-24T04:02:42.060058+00:00
2025-06-01 12:00:00+00:00,0.004446,v3,12h,XRP,fr,/futures/fundingRate/ohlc-history,2026-04-24T04:02:42.060058+00:00
2025-06-02 00:00:00+00:00,0.004558,v3,12h,XRP,fr,/futures/fundingRate/ohlc-history,2026-04-24T04:02:42.060058+00:00
2025-06-02 12:00:00+00:00,0.01,v3,12h,XRP,fr,/futures/fundingRate/ohlc-history,2026-04-24T04:02:42.060058+00:00
2025-06-03 00:00:00+00:00,0.01,v3,12h,XRP,fr,/futures/fundingRate/ohlc-history,2026-04-24T04:02:42.060058+00:00
2025-06-03 12:00:00+00:00,0.01,v3,12h,XRP,fr,/futures/fundingRate/ohlc-history,2026-04-24T04:02:42.060058+00:00
2025-06-04 00:00:00+00:00,0.009918,v3,12h,XRP,fr,/futures/fundingRate/ohlc-history,2026-04-24T04:02:42.060058+00:00
2025-06-04 12:00:00+00:00,-0.002316,v3,12h,XRP,fr,/futures/fundingRate/ohlc-history,2026-04-24T04:02:42.060058+00:00
2025-06-05 00:00:00+00:00,0.01,v3,12h,XRP,fr,/futures/fundingRate/ohlc-history,2026-04-24T04:02:42.060058+00:00
2025-06-05 12:00:00+00:00,-0.011209,v3,12h,XRP,fr,/futures/fundingRate/ohlc-history,2026-04-24T04:02:42.060058+00:00
2025-06-06 00:00:00+00:00,0.00476,v3,12h,XRP,fr,/futures/fundingRate/ohlc-history,2026-04-24T04:02:42.060058+00:00
2025-06-06 12:00:00+00:00,0.01,v3,12h,XRP,fr,/futures/fundingRate/ohlc-history,2026-04-24T04:02:42.060058+00:00
2025-06-07 00:00:00+00:00,0.009377,v3,12h,XRP,fr,/futures/fundingRate/ohlc-history,2026-04-24T04:02:42.060058+00:00
2025-06-07 12:00:00+00:00,0.00768,v3,12h,XRP,fr,/futures/fundingRate/ohlc-history,2026-04-24T04:02:42.060058+00:00
2025-06-08 00:00:00+00:00,0.01,v3,12h,XRP,fr,/futures/fundingRate/ohlc-history,2026-04-24T04:02:42.060058+00:00
2025-06-08 12:00:00+00:00,0.01,v3,12h,XRP,fr,/futures/fundingRate/ohlc-history,2026-04-24T04:02:42.060058+00:00
2025-06-09 00:00:00+00:00,-0.003206,v3,12h,XRP,fr,/futures/fundingRate/ohlc-history,2026-04-24T04:02:42.060058+00:00
2025-06-09 12:00:00+00:00,0.01,v3,12h,XRP,fr,/futures/fundingRate/ohlc-history,2026-04-24T04:02:42.060058+00:00
2025-06-10 00:00:00+00:00,0.00606,v3,12h,XRP,fr,/futures/fundingRate/ohlc-history,2026-04-24T04:02:42.060058+00:00
2025-06-10 12:00:00+00:00,0.01,v3,12h,XRP,fr,/futures/fundingRate/ohlc-history,2026-04-24T04:02:42.060058+00:00
2025-06-11 00:00:00+00:00,0.01,v3,12h,XRP,fr,/futures/fundingRate/ohlc-history,2026-04-24T04:02:42.060058+00:00
2025-06-11 12:00:00+00:00,0.009195,v3,12h,XRP,fr,/futures/fundingRate/ohlc-history,2026-04-24T04:02:42.060058+00:00
2025-06-12 00:00:00+00:00,0.001171,v3,12h,XRP,fr,/futures/fundingRate/ohlc-history,2026-04-24T04:02:42.060058+00:00
2025-06-12 12:00:00+00:00,-0.002032,v3,12h,XRP,fr,/futures/fundingRate/ohlc-history,2026-04-24T04:02:42.060058+00:00
2025-06-13 00:00:00+00:00,-0.006954,v3,12h,XRP,fr,/futures/fundingRate/ohlc-history,2026-04-24T04:02:42.060058+00:00
2025-06-13 12:00:00+00:00,0.005942,v3,12h,XRP,fr,/futures/fundingRate/ohlc-history,2026-04-24T04:02:42.060058+00:00
2025-06-14 00:00:00+00:00,0.001638,v3,12h,XRP,fr,/futures/fundingRate/ohlc-history,2026-04-24T04:02:42.060058+00:00
2025-06-14 12:00:00+00:00,0.000772,v3,12h,XRP,fr,/futures/fundingRate/ohlc-history,2026-04-24T04:02:42.060058+00:00
2025-06-15 00:00:00+00:00,0.009994,v3,12h,XRP,fr,/futures/fundingRate/ohlc-history,2026-04-24T04:02:42.060058+00:00
2025-06-15 12:00:00+00:00,-0.001729,v3,12h,XRP,fr,/futures/fundingRate/ohlc-history,2026-04-24T04:02:42.060058+00:00
2025-06-16 00:00:00+00:00,0.003268,v3,12h,XRP,fr,/futures/fundingRate/ohlc-history,2026-04-24T04:02:42.060058+00:00
2025-06-16 12:00:00+00:00,0.01,v3,12h,XRP,fr,/futures/fundingRate/ohlc-history,2026-04-24T04:02:42.060058+00:00
2025-06-17 00:00:00+00:00,0.01,v3,12h,XRP,fr,/futures/fundingRate/ohlc-history,2026-04-24T04:02:42.060058+00:00
2025-06-17 12:00:00+00:00,0.003334,v3,12h,XRP,fr,/futures/fundingRate/ohlc-history,2026-04-24T04:02:42.060058+00:00
2025-06-18 00:00:00+00:00,0.000269,v3,12h,XRP,fr,/futures/fundingRate/ohlc-history,2026-04-24T04:02:42.060058+00:00
2025-06-18 12:00:00+00:00,0.004287,v3,12h,XRP,fr,/futures/fundingRate/ohlc-history,2026-04-24T04:02:42.060058+00:00
2025-06-19 00:00:00+00:00,0.00792,v3,12h,XRP,fr,/futures/fundingRate/ohlc-history,2026-04-24T04:02:42.060058+00:00
2025-06-19 12:00:00+00:00,0.01,v3,12h,XRP,fr,/futures/fundingRate/ohlc-history,2026-04-24T04:02:42.060058+00:00
2025-06-20 00:00:00+00:00,0.008243,v3,12h,XRP,fr,/futures/fundingRate/ohlc-history,2026-04-24T04:02:42.060058+00:00
2025-06-20 12:00:00+00:00,-0.001052,v3,12h,XRP,fr,/futures/fundingRate/ohlc-history,2026-04-24T04:02:42.060058+00:00
2025-06-21 00:00:00+00:00,0.009914,v3,12h,XRP,fr,/futures/fundingRate/ohlc-history,2026-04-24T04:02:42.060058+00:00
2025-06-21 12:00:00+00:00,-0.001163,v3,12h,XRP,fr,/futures/fundingRate/ohlc-history,2026-04-24T04:02:42.060058+00:00
2025-06-22 00:00:00+00:00,0.009378,v3,12h,XRP,fr,/futures/fundingRate/ohlc-history,2026-04-24T04:02:42.060058+00:00
2025-06-22 12:00:00+00:00,-0.002216,v3,12h,XRP,fr,/futures/fundingRate/ohlc-history,2026-04-24T04:02:42.060058+00:00
2025-06-23 00:00:00+00:00,0.006379,v3,12h,XRP,fr,/futures/fundingRate/ohlc-history,2026-04-24T04:02:42.060058+00:00
2025-06-23 12:00:00+00:00,-0.005884,v3,12h,XRP,fr,/futures/fundingRate/ohlc-history,2026-04-24T04:02:42.060058+00:00
2025-06-24 00:00:00+00:00,0.01,v3,12h,XRP,fr,/futures/fundingRate/ohlc-history,2026-04-24T04:02:42.060058+00:00
2025-06-24 12:00:00+00:00,0.01,v3,12h,XRP,fr,/futures/fundingRate/ohlc-history,2026-04-24T04:02:42.060058+00:00
2025-06-25 00:00:00+00:00,0.01,v3,12h,XRP,fr,/futures/fundingRate/ohlc-history,2026-04-24T04:02:42.060058+00:00
2025-06-25 12:00:00+00:00,0.007632,v3,12h,XRP,fr,/futures/fundingRate/ohlc-history,2026-04-24T04:02:42.060058+00:00
2025-06-26 00:00:00+00:00,0.002621,v3,12h,XRP,fr,/futures/fundingRate/ohlc-history,2026-04-24T04:02:42.060058+00:00
2025-06-26 12:00:00+00:00,-0.000719,v3,12h,XRP,fr,/futures/fundingRate/ohlc-history,2026-04-24T04:02:42.060058+00:00
2025-06-27 00:00:00+00:00,-0.001488,v3,12h,XRP,fr,/futures/fundingRate/ohlc-history,2026-04-24T04:02:42.060058+00:00
2025-06-27 12:00:00+00:00,-0.002636,v3,12h,XRP,fr,/futures/fundingRate/ohlc-history,2026-04-24T04:02:42.060058+00:00
2025-06-28 00:00:00+00:00,0.01,v3,12h,XRP,fr,/futures/fundingRate/ohlc-history,2026-04-24T04:02:42.060058+00:00
2025-06-28 12:00:00+00:00,0.01,v3,12h,XRP,fr,/futures/fundingRate/ohlc-history,2026-04-24T04:02:42.060058+00:00
2025-06-29 00:00:00+00:00,0.005577,v3,12h,XRP,fr,/futures/fundingRate/ohlc-history,2026-04-24T04:02:42.060058+00:00
2025-06-29 12:00:00+00:00,0.009488,v3,12h,XRP,fr,/futures/fundingRate/ohlc-history,2026-04-24T04:02:42.060058+00:00
2025-06-30 00:00:00+00:00,0.007194,v3,12h,XRP,fr,/futures/fundingRate/ohlc-history,2026-04-24T04:02:42.060058+00:00
2025-06-30 12:00:00+00:00,0.01,v3,12h,XRP,fr,/futures/fundingRate/ohlc-history,2026-04-24T04:02:42.060058+00:00
2025-07-01 00:00:00+00:00,0.01,v3,12h,XRP,fr,/futures/fundingRate/ohlc-history,2026-04-24T04:02:42.060058+00:00
2025-07-01 12:00:00+00:00,-0.005536,v3,12h,XRP,fr,/futures/fundingRate/ohlc-history,2026-04-24T04:02:42.060058+00:00
2025-07-02 00:00:00+00:00,0.000896,v3,12h,XRP,fr,/futures/fundingRate/ohlc-history,2026-04-24T04:02:42.060058+00:00
2025-07-02 12:00:00+00:00,0.01,v3,12h,XRP,fr,/futures/fundingRate/ohlc-history,2026-04-24T04:02:42.060058+00:00
2025-07-03 00:00:00+00:00,0.01,v3,12h,XRP,fr,/futures/fundingRate/ohlc-history,2026-04-24T04:02:42.060058+00:00
2025-07-03 12:00:00+00:00,0.01,v3,12h,XRP,fr,/futures/fundingRate/ohlc-history,2026-04-24T04:02:42.060058+00:00
2025-07-04 00:00:00+00:00,0.007143,v3,12h,XRP,fr,/futures/fundingRate/ohlc-history,2026-04-24T04:02:42.060058+00:00
2025-07-04 12:00:00+00:00,0.000975,v3,12h,XRP,fr,/futures/fundingRate/ohlc-history,2026-04-24T04:02:42.060058+00:00
2025-07-05 00:00:00+00:00,0.001892,v3,12h,XRP,fr,/futures/fundingRate/ohlc-history,2026-04-24T04:02:42.060058+00:00
2025-07-05 12:00:00+00:00,0.000968,v3,12h,XRP,fr,/futures/fundingRate/ohlc-history,2026-04-24T04:02:42.060058+00:00
2025-07-06 00:00:00+00:00,0.01,v3,12h,XRP,fr,/futures/fundingRate/ohlc-history,2026-04-24T04:02:42.060058+00:00
2025-07-06 12:00:00+00:00,0.01,v3,12h,XRP,fr,/futures/fundingRate/ohlc-history,2026-04-24T04:02:42.060058+00:00
2025-07-07 00:00:00+00:00,0.01,v3,12h,XRP,fr,/futures/fundingRate/ohlc-history,2026-04-24T04:02:42.060058+00:00
2025-07-07 12:00:00+00:00,0.007185,v3,12h,XRP,fr,/futures/fundingRate/ohlc-history,2026-04-24T04:02:42.060058+00:00
2025-07-08 00:00:00+00:00,-0.006484,v3,12h,XRP,fr,/futures/fundingRate/ohlc-history,2026-04-24T04:02:42.060058+00:00
2025-07-08 12:00:00+00:00,0.01,v3,12h,XRP,fr,/futures/fundingRate/ohlc-history,2026-04-24T04:02:42.060058+00:00
2025-07-09 00:00:00+00:00,0.01,v3,12h,XRP,fr,/futures/fundingRate/ohlc-history,2026-04-24T04:02:42.060058+00:00
2025-07-09 12:00:00+00:00,0.01,v3,12h,XRP,fr,/futures/fundingRate/ohlc-history,2026-04-24T04:02:42.060058+00:00
2025-07-10 00:00:00+00:00,0.01,v3,12h,XRP,fr,/futures/fundingRate/ohlc-history,2026-04-24T04:02:42.060058+00:00
2025-07-10 12:00:00+00:00,0.01,v3,12h,XRP,fr,/futures/fundingRate/ohlc-history,2026-04-24T04:02:42.060058+00:00
2025-07-11 00:00:00+00:00,0.01,v3,12h,XRP,fr,/futures/fundingRate/ohlc-history,2026-04-24T04:02:42.060058+00:00
2025-07-11 12:00:00+00:00,0.01,v3,12h,XRP,fr,/futures/fundingRate/ohlc-history,2026-04-24T04:02:42.060058+00:00
2025-07-12 00:00:00+00:00,0.01,v3,12h,XRP,fr,/futures/fundingRate/ohlc-history,2026-04-24T04:02:42.060058+00:00
2025-07-12 12:00:00+00:00,0.01,v3,12h,XRP,fr,/futures/fundingRate/ohlc-history,2026-04-24T04:02:42.060058+00:00
2025-07-13 00:00:00+00:00,0.01,v3,12h,XRP,fr,/futures/fundingRate/ohlc-history,2026-04-24T04:02:42.060058+00:00
2025-07-13 12:00:00+00:00,0.01,v3,12h,XRP,fr,/futures/fundingRate/ohlc-history,2026-04-24T04:02:42.060058+00:00
2025-07-14 00:00:00+00:00,0.01,v3,12h,XRP,fr,/futures/fundingRate/ohlc-history,2026-04-24T04:02:42.060058+00:00
2025-07-14 12:00:00+00:00,0.01,v3,12h,XRP,fr,/futures/fundingRate/ohlc-history,2026-04-24T04:02:42.060058+00:00
2025-07-15 00:00:00+00:00,0.01,v3,12h,XRP,fr,/futures/fundingRate/ohlc-history,2026-04-24T04:02:42.060058+00:00
2025-07-15 12:00:00+00:00,0.01,v3,12h,XRP,fr,/futures/fundingRate/ohlc-history,2026-04-24T04:02:42.060058+00:00
2025-07-16 00:00:00+00:00,0.01,v3,12h,XRP,fr,/futures/fundingRate/ohlc-history,2026-04-24T04:02:42.060058+00:00
2025-07-16 12:00:00+00:00,0.01,v3,12h,XRP,fr,/futures/fundingRate/ohlc-history,2026-04-24T04:02:42.060058+00:00
2025-07-17 00:00:00+00:00,0.01,v3,12h,XRP,fr,/futures/fundingRate/ohlc-history,2026-04-24T04:02:42.060058+00:00
2025-07-17 12:00:00+00:00,0.033673,v3,12h,XRP,fr,/futures/fundingRate/ohlc-history,2026-04-24T04:02:42.060058+00:00
2025-07-18 00:00:00+00:00,0.04307,v3,12h,XRP,fr,/futures/fundingRate/ohlc-history,2026-04-24T04:02:42.060058+00:00
2025-07-18 12:00:00+00:00,0.01,v3,12h,XRP,fr,/futures/fundingRate/ohlc-history,2026-04-24T04:02:42.060058+00:00
2025-07-19 00:00:00+00:00,0.01,v3,12h,XRP,fr,/futures/fundingRate/ohlc-history,2026-04-24T04:02:42.060058+00:00
2025-07-19 12:00:00+00:00,0.01,v3,12h,XRP,fr,/futures/fundingRate/ohlc-history,2026-04-24T04:02:42.060058+00:00
2025-07-20 00:00:00+00:00,0.01,v3,12h,XRP,fr,/futures/fundingRate/ohlc-history,2026-04-24T04:02:42.060058+00:00
2025-07-20 12:00:00+00:00,0.01,v3,12h,XRP,fr,/futures/fundingRate/ohlc-history,2026-04-24T04:02:42.060058+00:00
2025-07-21 00:00:00+00:00,0.021374,v3,12h,XRP,fr,/futures/fundingRate/ohlc-history,2026-04-24T04:02:42.060058+00:00
2025-07-21 12:00:00+00:00,0.01,v3,12h,XRP,fr,/futures/fundingRate/ohlc-history,2026-04-24T04:02:42.060058+00:00
2025-07-22 00:00:00+00:00,0.01,v3,12h,XRP,fr,/futures/fundingRate/ohlc-history,2026-04-24T04:02:42.060058+00:00
2025-07-22 12:00:00+00:00,0.031441,v3,12h,XRP,fr,/futures/fundingRate/ohlc-history,2026-04-24T04:02:42.060058+00:00
2025-07-23 00:00:00+00:00,0.01,v3,12h,XRP,fr,/futures/fundingRate/ohlc-history,2026-04-24T04:02:42.060058+00:00
2025-07-23 12:00:00+00:00,0.01,v3,12h,XRP,fr,/futures/fundingRate/ohlc-history,2026-04-24T04:02:42.060058+00:00
2025-07-24 00:00:00+00:00,0.01,v3,12h,XRP,fr,/futures/fundingRate/ohlc-history,2026-04-24T04:02:42.060058+00:00
2025-07-24 12:00:00+00:00,0.01,v3,12h,XRP,fr,/futures/fundingRate/ohlc-history,2026-04-24T04:02:42.060058+00:00
2025-07-25 00:00:00+00:00,0.01,v3,12h,XRP,fr,/futures/fundingRate/ohlc-history,2026-04-24T04:02:42.060058+00:00
2025-07-25 12:00:00+00:00,0.01,v3,12h,XRP,fr,/futures/fundingRate/ohlc-history,2026-04-24T04:02:42.060058+00:00
2025-07-26 00:00:00+00:00,0.01,v3,12h,XRP,fr,/futures/fundingRate/ohlc-history,2026-04-24T04:02:42.060058+00:00
2025-07-26 12:00:00+00:00,0.01,v3,12h,XRP,fr,/futures/fundingRate/ohlc-history,2026-04-24T04:02:42.060058+00:00
2025-07-27 00:00:00+00:00,0.002128,v3,12h,XRP,fr,/futures/fundingRate/ohlc-history,2026-04-24T04:02:42.060058+00:00
2025-07-27 12:00:00+00:00,0.01,v3,12h,XRP,fr,/futures/fundingRate/ohlc-history,2026-04-24T04:02:42.060058+00:00
2025-07-28 00:00:00+00:00,0.006416,v3,12h,XRP,fr,/futures/fundingRate/ohlc-history,2026-04-24T04:02:42.060058+00:00
2025-07-28 12:00:00+00:00,-0.00153,v3,12h,XRP,fr,/futures/fundingRate/ohlc-history,2026-04-24T04:02:42.060058+00:00
2025-07-29 00:00:00+00:00,0.007305,v3,12h,XRP,fr,/futures/fundingRate/ohlc-history,2026-04-24T04:02:42.060058+00:00
2025-07-29 12:00:00+00:00,0.000235,v3,12h,XRP,fr,/futures/fundingRate/ohlc-history,2026-04-24T04:02:42.060058+00:00
2025-07-30 00:00:00+00:00,-0.003404,v3,12h,XRP,fr,/futures/fundingRate/ohlc-history,2026-04-24T04:02:42.060058+00:00
2025-07-30 12:00:00+00:00,0.007172,v3,12h,XRP,fr,/futures/fundingRate/ohlc-history,2026-04-24T04:02:42.060058+00:00
2025-07-31 00:00:00+00:00,0.01,v3,12h,XRP,fr,/futures/fundingRate/ohlc-history,2026-04-24T04:02:42.060058+00:00
2025-07-31 12:00:00+00:00,-0.009576,v3,12h,XRP,fr,/futures/fundingRate/ohlc-history,2026-04-24T04:02:42.060058+00:00
2025-08-01 00:00:00+00:00,0.003682,v3,12h,XRP,fr,/futures/fundingRate/ohlc-history,2026-04-24T04:02:42.060058+00:00
2025-08-01 12:00:00+00:00,0.01,v3,12h,XRP,fr,/futures/fundingRate/ohlc-history,2026-04-24T04:02:42.060058+00:00
2025-08-02 00:00:00+00:00,0.01,v3,12h,XRP,fr,/futures/fundingRate/ohlc-history,2026-04-24T04:02:42.060058+00:00
2025-08-02 12:00:00+00:00,0.002201,v3,12h,XRP,fr,/futures/fundingRate/ohlc-history,2026-04-24T04:02:42.060058+00:00
2025-08-03 00:00:00+00:00,-0.002342,v3,12h,XRP,fr,/futures/fundingRate/ohlc-history,2026-04-24T04:02:42.060058+00:00
2025-08-03 12:00:00+00:00,-0.000674,v3,12h,XRP,fr,/futures/fundingRate/ohlc-history,2026-04-24T04:02:42.060058+00:00
2025-08-04 00:00:00+00:00,0.01,v3,12h,XRP,fr,/futures/fundingRate/ohlc-history,2026-04-24T04:02:42.060058+00:00
2025-08-04 12:00:00+00:00,0.003463,v3,12h,XRP,fr,/futures/fundingRate/ohlc-history,2026-04-24T04:02:42.060058+00:00
2025-08-05 00:00:00+00:00,0.01,v3,12h,XRP,fr,/futures/fundingRate/ohlc-history,2026-04-24T04:02:42.060058+00:00
2025-08-05 12:00:00+00:00,0.004317,v3,12h,XRP,fr,/futures/fundingRate/ohlc-history,2026-04-24T04:02:42.060058+00:00
2025-08-06 00:00:00+00:00,0.004935,v3,12h,XRP,fr,/futures/fundingRate/ohlc-history,2026-04-24T04:02:42.060058+00:00
2025-08-06 12:00:00+00:00,0.005548,v3,12h,XRP,fr,/futures/fundingRate/ohlc-history,2026-04-24T04:02:42.060058+00:00
2025-08-07 00:00:00+00:00,0.01,v3,12h,XRP,fr,/futures/fundingRate/ohlc-history,2026-04-24T04:02:42.060058+00:00
2025-08-07 12:00:00+00:00,0.008734,v3,12h,XRP,fr,/futures/fundingRate/ohlc-history,2026-04-24T04:02:42.060058+00:00
2025-08-08 00:00:00+00:00,0.01,v3,12h,XRP,fr,/futures/fundingRate/ohlc-history,2026-04-24T04:02:42.060058+00:00
2025-08-08 12:00:00+00:00,0.01,v3,12h,XRP,fr,/futures/fundingRate/ohlc-history,2026-04-24T04:02:42.060058+00:00
2025-08-09 00:00:00+00:00,0.01,v3,12h,XRP,fr,/futures/fundingRate/ohlc-history,2026-04-24T04:02:42.060058+00:00
2025-08-09 12:00:00+00:00,0.005917,v3,12h,XRP,fr,/futures/fundingRate/ohlc-history,2026-04-24T04:02:42.060058+00:00
2025-08-10 00:00:00+00:00,0.009588,v3,12h,XRP,fr,/futures/fundingRate/ohlc-history,2026-04-24T04:02:42.060058+00:00
2025-08-10 12:00:00+00:00,0.003886,v3,12h,XRP,fr,/futures/fundingRate/ohlc-history,2026-04-24T04:02:42.060058+00:00
2025-08-11 00:00:00+00:00,0.01,v3,12h,XRP,fr,/futures/fundingRate/ohlc-history,2026-04-24T04:02:42.060058+00:00
2025-08-11 12:00:00+00:00,0.001695,v3,12h,XRP,fr,/futures/fundingRate/ohlc-history,2026-04-24T04:02:42.060058+00:00
2025-08-12 00:00:00+00:00,0.008929,v3,12h,XRP,fr,/futures/fundingRate/ohlc-history,2026-04-24T04:02:42.060058+00:00
2025-08-12 12:00:00+00:00,0.01,v3,12h,XRP,fr,/futures/fundingRate/ohlc-history,2026-04-24T04:02:42.060058+00:00
2025-08-13 00:00:00+00:00,0.01,v3,12h,XRP,fr,/futures/fundingRate/ohlc-history,2026-04-24T04:02:42.060058+00:00
2025-08-13 12:00:00+00:00,0.01,v3,12h,XRP,fr,/futures/fundingRate/ohlc-history,2026-04-24T04:02:42.060058+00:00
2025-08-14 00:00:00+00:00,0.01,v3,12h,XRP,fr,/futures/fundingRate/ohlc-history,2026-04-24T04:02:42.060058+00:00
2025-08-14 12:00:00+00:00,-0.00653,v3,12h,XRP,fr,/futures/fundingRate/ohlc-history,2026-04-24T04:02:42.060058+00:00
2025-08-15 00:00:00+00:00,0.01,v3,12h,XRP,fr,/futures/fundingRate/ohlc-history,2026-04-24T04:02:42.060058+00:00
2025-08-15 12:00:00+00:00,0.000405,v3,12h,XRP,fr,/futures/fundingRate/ohlc-history,2026-04-24T04:02:42.060058+00:00
2025-08-16 00:00:00+00:00,0.01,v3,12h,XRP,fr,/futures/fundingRate/ohlc-history,2026-04-24T04:02:42.060058+00:00
2025-08-16 12:00:00+00:00,0.003105,v3,12h,XRP,fr,/futures/fundingRate/ohlc-history,2026-04-24T04:02:42.060058+00:00
2025-08-17 00:00:00+00:00,0.009001,v3,12h,XRP,fr,/futures/fundingRate/ohlc-history,2026-04-24T04:02:42.060058+00:00
2025-08-17 12:00:00+00:00,-0.005092,v3,12h,XRP,fr,/futures/fundingRate/ohlc-history,2026-04-24T04:02:42.060058+00:00
2025-08-18 00:00:00+00:00,-0.004535,v3,12h,XRP,fr,/futures/fundingRate/ohlc-history,2026-04-24T04:02:42.060058+00:00
2025-08-18 12:00:00+00:00,0.01,v3,12h,XRP,fr,/futures/fundingRate/ohlc-history,2026-04-24T04:02:42.060058+00:00
2025-08-19 00:00:00+00:00,0.009354,v3,12h,XRP,fr,/futures/fundingRate/ohlc-history,2026-04-24T04:02:42.060058+00:00
2025-08-19 12:00:00+00:00,0.00059,v3,12h,XRP,fr,/futures/fundingRate/ohlc-history,2026-04-24T04:02:42.060058+00:00
2025-08-20 00:00:00+00:00,0.001277,v3,12h,XRP,fr,/futures/fundingRate/ohlc-history,2026-04-24T04:02:42.060058+00:00
2025-08-20 12:00:00+00:00,0.006191,v3,12h,XRP,fr,/futures/fundingRate/ohlc-history,2026-04-24T04:02:42.060058+00:00
2025-08-21 00:00:00+00:00,0.01,v3,12h,XRP,fr,/futures/fundingRate/ohlc-history,2026-04-24T04:02:42.060058+00:00
2025-08-21 12:00:00+00:00,0.01,v3,12h,XRP,fr,/futures/fundingRate/ohlc-history,2026-04-24T04:02:42.060058+00:00
2025-08-22 00:00:00+00:00,0.004658,v3,12h,XRP,fr,/futures/fundingRate/ohlc-history,2026-04-24T04:02:42.060058+00:00
2025-08-22 12:00:00+00:00,0.01,v3,12h,XRP,fr,/futures/fundingRate/ohlc-history,2026-04-24T04:02:42.060058+00:00
2025-08-23 00:00:00+00:00,0.01,v3,12h,XRP,fr,/futures/fundingRate/ohlc-history,2026-04-24T04:02:42.060058+00:00
2025-08-23 12:00:00+00:00,0.01,v3,12h,XRP,fr,/futures/fundingRate/ohlc-history,2026-04-24T04:02:42.060058+00:00
2025-08-24 00:00:00+00:00,0.01,v3,12h,XRP,fr,/futures/fundingRate/ohlc-history,2026-04-24T04:02:42.060058+00:00
2025-08-24 12:00:00+00:00,0.01,v3,12h,XRP,fr,/futures/fundingRate/ohlc-history,2026-04-24T04:02:42.060058+00:00
2025-08-25 00:00:00+00:00,0.009094,v3,12h,XRP,fr,/futures/fundingRate/ohlc-history,2026-04-24T04:02:42.060058+00:00
2025-08-25 12:00:00+00:00,-0.005087,v3,12h,XRP,fr,/futures/fundingRate/ohlc-history,2026-04-24T04:02:42.060058+00:00
2025-08-26 00:00:00+00:00,0.004915,v3,12h,XRP,fr,/futures/fundingRate/ohlc-history,2026-04-24T04:02:42.060058+00:00
2025-08-26 12:00:00+00:00,0.01,v3,12h,XRP,fr,/futures/fundingRate/ohlc-history,2026-04-24T04:02:42.060058+00:00
2025-08-27 00:00:00+00:00,0.009144,v3,12h,XRP,fr,/futures/fundingRate/ohlc-history,2026-04-24T04:02:42.060058+00:00
2025-08-27 12:00:00+00:00,0.008466,v3,12h,XRP,fr,/futures/fundingRate/ohlc-history,2026-04-24T04:02:42.060058+00:00
2025-08-28 00:00:00+00:00,0.01,v3,12h,XRP,fr,/futures/fundingRate/ohlc-history,2026-04-24T04:02:42.060058+00:00
2025-08-28 12:00:00+00:00,0.001268,v3,12h,XRP,fr,/futures/fundingRate/ohlc-history,2026-04-24T04:02:42.060058+00:00
2025-08-29 00:00:00+00:00,0.003224,v3,12h,XRP,fr,/futures/fundingRate/ohlc-history,2026-04-24T04:02:42.060058+00:00
2025-08-29 12:00:00+00:00,-0.001886,v3,12h,XRP,fr,/futures/fundingRate/ohlc-history,2026-04-24T04:02:42.060058+00:00
2025-08-30 00:00:00+00:00,-0.000497,v3,12h,XRP,fr,/futures/fundingRate/ohlc-history,2026-04-24T04:02:42.060058+00:00
2025-08-30 12:00:00+00:00,0.003465,v3,12h,XRP,fr,/futures/fundingRate/ohlc-history,2026-04-24T04:02:42.060058+00:00
2025-08-31 00:00:00+00:00,0.01,v3,12h,XRP,fr,/futures/fundingRate/ohlc-history,2026-04-24T04:02:42.060058+00:00
2025-08-31 12:00:00+00:00,0.001954,v3,12h,XRP,fr,/futures/fundingRate/ohlc-history,2026-04-24T04:02:42.060058+00:00
2025-09-01 00:00:00+00:00,0.01,v3,12h,XRP,fr,/futures/fundingRate/ohlc-history,2026-04-24T04:02:42.060058+00:00
2025-09-01 12:00:00+00:00,0.007171,v3,12h,XRP,fr,/futures/fundingRate/ohlc-history,2026-04-24T04:02:42.060058+00:00
2025-09-02 00:00:00+00:00,0.01,v3,12h,XRP,fr,/futures/fundingRate/ohlc-history,2026-04-24T04:02:42.060058+00:00
2025-09-02 12:00:00+00:00,0.00915,v3,12h,XRP,fr,/futures/fundingRate/ohlc-history,2026-04-24T04:02:42.060058+00:00
2025-09-03 00:00:00+00:00,0.007069,v3,12h,XRP,fr,/futures/fundingRate/ohlc-history,2026-04-24T04:02:42.060058+00:00
2025-09-03 12:00:00+00:00,0.004198,v3,12h,XRP,fr,/futures/fundingRate/ohlc-history,2026-04-24T04:02:42.060058+00:00
2025-09-04 00:00:00+00:00,0.004551,v3,12h,XRP,fr,/futures/fundingRate/ohlc-history,2026-04-24T04:02:42.060058+00:00
2025-09-04 12:00:00+00:00,0.003207,v3,12h,XRP,fr,/futures/fundingRate/ohlc-history,2026-04-24T04:02:42.060058+00:00
2025-09-05 00:00:00+00:00,0.01,v3,12h,XRP,fr,/futures/fundingRate/ohlc-history,2026-04-24T04:02:42.060058+00:00
2025-09-05 12:00:00+00:00,0.009833,v3,12h,XRP,fr,/futures/fundingRate/ohlc-history,2026-04-24T04:02:42.060058+00:00
2025-09-06 00:00:00+00:00,0.000425,v3,12h,XRP,fr,/futures/fundingRate/ohlc-history,2026-04-24T04:02:42.060058+00:00
2025-09-06 12:00:00+00:00,0.002526,v3,12h,XRP,fr,/futures/fundingRate/ohlc-history,2026-04-24T04:02:42.060058+00:00
2025-09-07 00:00:00+00:00,0.01,v3,12h,XRP,fr,/futures/fundingRate/ohlc-history,2026-04-24T04:02:42.060058+00:00
2025-09-07 12:00:00+00:00,0.007212,v3,12h,XRP,fr,/futures/fundingRate/ohlc-history,2026-04-24T04:02:42.060058+00:00
2025-09-08 00:00:00+00:00,0.01,v3,12h,XRP,fr,/futures/fundingRate/ohlc-history,2026-04-24T04:02:42.060058+00:00
2025-09-08 12:00:00+00:00,0.01,v3,12h,XRP,fr,/futures/fundingRate/ohlc-history,2026-04-24T04:02:42.060058+00:00
2025-09-09 00:00:00+00:00,0.01,v3,12h,XRP,fr,/futures/fundingRate/ohlc-history,2026-04-24T04:02:42.060058+00:00
2025-09-09 12:00:00+00:00,0.004524,v3,12h,XRP,fr,/futures/fundingRate/ohlc-history,2026-04-24T04:02:42.060058+00:00
2025-09-10 00:00:00+00:00,0.009318,v3,12h,XRP,fr,/futures/fundingRate/ohlc-history,2026-04-24T04:02:42.060058+00:00
2025-09-10 12:00:00+00:00,0.01,v3,12h,XRP,fr,/futures/fundingRate/ohlc-history,2026-04-24T04:02:42.060058+00:00
2025-09-11 00:00:00+00:00,0.01,v3,12h,XRP,fr,/futures/fundingRate/ohlc-history,2026-04-24T04:02:42.060058+00:00
2025-09-11 12:00:00+00:00,0.01,v3,12h,XRP,fr,/futures/fundingRate/ohlc-history,2026-04-24T04:02:42.060058+00:00
2025-09-12 00:00:00+00:00,0.01,v3,12h,XRP,fr,/futures/fundingRate/ohlc-history,2026-04-24T04:02:42.060058+00:00
2025-09-12 12:00:00+00:00,0.01,v3,12h,XRP,fr,/futures/fundingRate/ohlc-history,2026-04-24T04:02:42.060058+00:00
2025-09-13 00:00:00+00:00,0.01,v3,12h,XRP,fr,/futures/fundingRate/ohlc-history,2026-04-24T04:02:42.060058+00:00
2025-09-13 12:00:00+00:00,0.01,v3,12h,XRP,fr,/futures/fundingRate/ohlc-history,2026-04-24T04:02:42.060058+00:00
2025-09-14 00:00:00+00:00,0.01,v3,12h,XRP,fr,/futures/fundingRate/ohlc-history,2026-04-24T04:02:42.060058+00:00
2025-09-14 12:00:00+00:00,-0.000173,v3,12h,XRP,fr,/futures/fundingRate/ohlc-history,2026-04-24T04:02:42.060058+00:00
2025-09-15 00:00:00+00:00,-0.002501,v3,12h,XRP,fr,/futures/fundingRate/ohlc-history,2026-04-24T04:02:42.060058+00:00
2025-09-15 12:00:00+00:00,0.006165,v3,12h,XRP,fr,/futures/fundingRate/ohlc-history,2026-04-24T04:02:42.060058+00:00
2025-09-16 00:00:00+00:00,0.001676,v3,12h,XRP,fr,/futures/fundingRate/ohlc-history,2026-04-24T04:02:42.060058+00:00
2025-09-16 12:00:00+00:00,0.005613,v3,12h,XRP,fr,/futures/fundingRate/ohlc-history,2026-04-24T04:02:42.060058+00:00
2025-09-17 00:00:00+00:00,0.001274,v3,12h,XRP,fr,/futures/fundingRate/ohlc-history,2026-04-24T04:02:42.060058+00:00
2025-09-17 12:00:00+00:00,0.01,v3,12h,XRP,fr,/futures/fundingRate/ohlc-history,2026-04-24T04:02:42.060058+00:00
2025-09-18 00:00:00+00:00,0.01,v3,12h,XRP,fr,/futures/fundingRate/ohlc-history,2026-04-24T04:02:42.060058+00:00
2025-09-18 12:00:00+00:00,0.01,v3,12h,XRP,fr,/futures/fundingRate/ohlc-history,2026-04-24T04:02:42.060058+00:00
2025-09-19 00:00:00+00:00,0.000115,v3,12h,XRP,fr,/futures/fundingRate/ohlc-history,2026-04-24T04:02:42.060058+00:00
2025-09-19 12:00:00+00:00,0.003418,v3,12h,XRP,fr,/futures/fundingRate/ohlc-history,2026-04-24T04:02:42.060058+00:00
2025-09-20 00:00:00+00:00,-0.00245,v3,12h,XRP,fr,/futures/fundingRate/ohlc-history,2026-04-24T04:02:42.060058+00:00
2025-09-20 12:00:00+00:00,-0.001869,v3,12h,XRP,fr,/futures/fundingRate/ohlc-history,2026-04-24T04:02:42.060058+00:00
2025-09-21 00:00:00+00:00,0.006229,v3,12h,XRP,fr,/futures/fundingRate/ohlc-history,2026-04-24T04:02:42.060058+00:00
2025-09-21 12:00:00+00:00,0.002242,v3,12h,XRP,fr,/futures/fundingRate/ohlc-history,2026-04-24T04:02:42.060058+00:00
2025-09-22 00:00:00+00:00,-0.002046,v3,12h,XRP,fr,/futures/fundingRate/ohlc-history,2026-04-24T04:02:42.060058+00:00
2025-09-22 12:00:00+00:00,0.004134,v3,12h,XRP,fr,/futures/fundingRate/ohlc-history,2026-04-24T04:02:42.060058+00:00
2025-09-23 00:00:00+00:00,-0.003225,v3,12h,XRP,fr,/futures/fundingRate/ohlc-history,2026-04-24T04:02:42.060058+00:00
2025-09-23 12:00:00+00:00,0.008949,v3,12h,XRP,fr,/futures/fundingRate/ohlc-history,2026-04-24T04:02:42.060058+00:00
2025-09-24 00:00:00+00:00,0.01,v3,12h,XRP,fr,/futures/fundingRate/ohlc-history,2026-04-24T04:02:42.060058+00:00
2025-09-24 12:00:00+00:00,0.01,v3,12h,XRP,fr,/futures/fundingRate/ohlc-history,2026-04-24T04:02:42.060058+00:00
2025-09-25 00:00:00+00:00,0.004284,v3,12h,XRP,fr,/futures/fundingRate/ohlc-history,2026-04-24T04:02:42.060058+00:00
2025-09-25 12:00:00+00:00,0.001605,v3,12h,XRP,fr,/futures/fundingRate/ohlc-history,2026-04-24T04:02:42.060058+00:00
2025-09-26 00:00:00+00:00,0.007489,v3,12h,XRP,fr,/futures/fundingRate/ohlc-history,2026-04-24T04:02:42.060058+00:00
2025-09-26 12:00:00+00:00,0.009639,v3,12h,XRP,fr,/futures/fundingRate/ohlc-history,2026-04-24T04:02:42.060058+00:00
2025-09-27 00:00:00+00:00,0.01,v3,12h,XRP,fr,/futures/fundingRate/ohlc-history,2026-04-24T04:02:42.060058+00:00
2025-09-27 12:00:00+00:00,0.004122,v3,12h,XRP,fr,/futures/fundingRate/ohlc-history,2026-04-24T04:02:42.060058+00:00
2025-09-28 00:00:00+00:00,0.008582,v3,12h,XRP,fr,/futures/fundingRate/ohlc-history,2026-04-24T04:02:42.060058+00:00
2025-09-28 12:00:00+00:00,0.01,v3,12h,XRP,fr,/futures/fundingRate/ohlc-history,2026-04-24T04:02:42.060058+00:00
2025-09-29 00:00:00+00:00,0.01,v3,12h,XRP,fr,/futures/fundingRate/ohlc-history,2026-04-24T04:02:42.060058+00:00
2025-09-29 12:00:00+00:00,0.01,v3,12h,XRP,fr,/futures/fundingRate/ohlc-history,2026-04-24T04:02:42.060058+00:00
2025-09-30 00:00:00+00:00,0.01,v3,12h,XRP,fr,/futures/fundingRate/ohlc-history,2026-04-24T04:02:42.060058+00:00
2025-09-30 12:00:00+00:00,0.01,v3,12h,XRP,fr,/futures/fundingRate/ohlc-history,2026-04-24T04:02:42.060058+00:00
2025-10-01 00:00:00+00:00,0.01,v3,12h,XRP,fr,/futures/fundingRate/ohlc-history,2026-04-24T04:02:42.060058+00:00
2025-10-01 12:00:00+00:00,0.01,v3,12h,XRP,fr,/futures/fundingRate/ohlc-history,2026-04-24T04:02:42.060058+00:00
2025-10-02 00:00:00+00:00,0.006357,v3,12h,XRP,fr,/futures/fundingRate/ohlc-history,2026-04-24T04:02:42.060058+00:00
2025-10-02 12:00:00+00:00,0.01,v3,12h,XRP,fr,/futures/fundingRate/ohlc-history,2026-04-24T04:02:42.060058+00:00
2025-10-03 00:00:00+00:00,0.009899,v3,12h,XRP,fr,/futures/fundingRate/ohlc-history,2026-04-24T04:02:42.060058+00:00
2025-10-03 12:00:00+00:00,0.01,v3,12h,XRP,fr,/futures/fundingRate/ohlc-history,2026-04-24T04:02:42.060058+00:00
2025-10-04 00:00:00+00:00,0.01,v3,12h,XRP,fr,/futures/fundingRate/ohlc-history,2026-04-24T04:02:42.060058+00:00
2025-10-04 12:00:00+00:00,0.01,v3,12h,XRP,fr,/futures/fundingRate/ohlc-history,2026-04-24T04:02:42.060058+00:00
2025-10-05 00:00:00+00:00,0.01,v3,12h,XRP,fr,/futures/fundingRate/ohlc-history,2026-04-24T04:02:42.060058+00:00
2025-10-05 12:00:00+00:00,0.009468,v3,12h,XRP,fr,/futures/fundingRate/ohlc-history,2026-04-24T04:02:42.060058+00:00
2025-10-06 00:00:00+00:00,0.01,v3,12h,XRP,fr,/futures/fundingRate/ohlc-history,2026-04-24T04:02:42.060058+00:00
2025-10-06 12:00:00+00:00,0.01,v3,12h,XRP,fr,/futures/fundingRate/ohlc-history,2026-04-24T04:02:42.060058+00:00
2025-10-07 00:00:00+00:00,0.00112,v3,12h,XRP,fr,/futures/fundingRate/ohlc-history,2026-04-24T04:02:42.060058+00:00
2025-10-07 12:00:00+00:00,-2.4e-05,v3,12h,XRP,fr,/futures/fundingRate/ohlc-history,2026-04-24T04:02:42.060058+00:00
2025-10-08 00:00:00+00:00,0.001224,v3,12h,XRP,fr,/futures/fundingRate/ohlc-history,2026-04-24T04:02:42.060058+00:00
2025-10-08 12:00:00+00:00,0.01,v3,12h,XRP,fr,/futures/fundingRate/ohlc-history,2026-04-24T04:02:42.060058+00:00
2025-10-09 00:00:00+00:00,-0.001735,v3,12h,XRP,fr,/futures/fundingRate/ohlc-history,2026-04-24T04:02:42.060058+00:00
2025-10-09 12:00:00+00:00,0.001617,v3,12h,XRP,fr,/futures/fundingRate/ohlc-history,2026-04-24T04:02:42.060058+00:00
2025-10-10 00:00:00+00:00,0.005849,v3,12h,XRP,fr,/futures/fundingRate/ohlc-history,2026-04-24T04:02:42.060058+00:00
2025-10-10 12:00:00+00:00,0.043589,v3,12h,XRP,fr,/futures/fundingRate/ohlc-history,2026-04-24T04:02:42.060058+00:00
2025-10-11 00:00:00+00:00,-0.01377,v3,12h,XRP,fr,/futures/fundingRate/ohlc-history,2026-04-24T04:02:42.060058+00:00
2025-10-11 12:00:00+00:00,-0.005046,v3,12h,XRP,fr,/futures/fundingRate/ohlc-history,2026-04-24T04:02:42.060058+00:00
2025-10-12 00:00:00+00:00,-0.011644,v3,12h,XRP,fr,/futures/fundingRate/ohlc-history,2026-04-24T04:02:42.060058+00:00
2025-10-12 12:00:00+00:00,-0.005287,v3,12h,XRP,fr,/futures/fundingRate/ohlc-history,2026-04-24T04:02:42.060058+00:00
2025-10-13 00:00:00+00:00,-0.006986,v3,12h,XRP,fr,/futures/fundingRate/ohlc-history,2026-04-24T04:02:42.060058+00:00
2025-10-13 12:00:00+00:00,0.01,v3,12h,XRP,fr,/futures/fundingRate/ohlc-history,2026-04-24T04:02:42.060058+00:00
2025-10-14 00:00:00+00:00,0.002186,v3,12h,XRP,fr,/futures/fundingRate/ohlc-history,2026-04-24T04:02:42.060058+00:00
2025-10-14 12:00:00+00:00,0.000448,v3,12h,XRP,fr,/futures/fundingRate/ohlc-history,2026-04-24T04:02:42.060058+00:00
2025-10-15 00:00:00+00:00,-0.009258,v3,12h,XRP,fr,/futures/fundingRate/ohlc-history,2026-04-24T04:02:42.060058+00:00
2025-10-15 12:00:00+00:00,-0.005654,v3,12h,XRP,fr,/futures/fundingRate/ohlc-history,2026-04-24T04:02:42.060058+00:00
2025-10-16 00:00:00+00:00,0.004702,v3,12h,XRP,fr,/futures/fundingRate/ohlc-history,2026-04-24T04:02:42.060058+00:00
2025-10-16 12:00:00+00:00,0.003412,v3,12h,XRP,fr,/futures/fundingRate/ohlc-history,2026-04-24T04:02:42.060058+00:00
2025-10-17 00:00:00+00:00,0.001771,v3,12h,XRP,fr,/futures/fundingRate/ohlc-history,2026-04-24T04:02:42.060058+00:00
2025-10-17 12:00:00+00:00,-0.001338,v3,12h,XRP,fr,/futures/fundingRate/ohlc-history,2026-04-24T04:02:42.060058+00:00
2025-10-18 00:00:00+00:00,-0.009163,v3,12h,XRP,fr,/futures/fundingRate/ohlc-history,2026-04-24T04:02:42.060058+00:00
2025-10-18 12:00:00+00:00,-0.002915,v3,12h,XRP,fr,/futures/fundingRate/ohlc-history,2026-04-24T04:02:42.060058+00:00
2025-10-19 00:00:00+00:00,-0.00222,v3,12h,XRP,fr,/futures/fundingRate/ohlc-history,2026-04-24T04:02:42.060058+00:00
2025-10-19 12:00:00+00:00,-0.007319,v3,12h,XRP,fr,/futures/fundingRate/ohlc-history,2026-04-24T04:02:42.060058+00:00
2025-10-20 00:00:00+00:00,0.01,v3,12h,XRP,fr,/futures/fundingRate/ohlc-history,2026-04-24T04:02:42.060058+00:00
2025-10-20 12:00:00+00:00,0.005123,v3,12h,XRP,fr,/futures/fundingRate/ohlc-history,2026-04-24T04:02:42.060058+00:00
2025-10-21 00:00:00+00:00,0.001455,v3,12h,XRP,fr,/futures/fundingRate/ohlc-history,2026-04-24T04:02:42.060058+00:00
2025-10-21 12:00:00+00:00,0.009889,v3,12h,XRP,fr,/futures/fundingRate/ohlc-history,2026-04-24T04:02:42.060058+00:00
2025-10-22 00:00:00+00:00,-0.002207,v3,12h,XRP,fr,/futures/fundingRate/ohlc-history,2026-04-24T04:02:42.060058+00:00
2025-10-22 12:00:00+00:00,0.006764,v3,12h,XRP,fr,/futures/fundingRate/ohlc-history,2026-04-24T04:02:42.060058+00:00
2025-10-23 00:00:00+00:00,0.004753,v3,12h,XRP,fr,/futures/fundingRate/ohlc-history,2026-04-24T04:02:42.060058+00:00
2025-10-23 12:00:00+00:00,0.00278,v3,12h,XRP,fr,/futures/fundingRate/ohlc-history,2026-04-24T04:02:42.060058+00:00
2025-10-24 00:00:00+00:00,-0.00088,v3,12h,XRP,fr,/futures/fundingRate/ohlc-history,2026-04-24T04:02:42.060058+00:00
2025-10-24 12:00:00+00:00,0.009362,v3,12h,XRP,fr,/futures/fundingRate/ohlc-history,2026-04-24T04:02:42.060058+00:00
2025-10-25 00:00:00+00:00,0.005614,v3,12h,XRP,fr,/futures/fundingRate/ohlc-history,2026-04-24T04:02:42.060058+00:00
2025-10-25 12:00:00+00:00,0.01,v3,12h,XRP,fr,/futures/fundingRate/ohlc-history,2026-04-24T04:02:42.060058+00:00
2025-10-26 00:00:00+00:00,0.003736,v3,12h,XRP,fr,/futures/fundingRate/ohlc-history,2026-04-24T04:02:42.060058+00:00
2025-10-26 12:00:00+00:00,0.01,v3,12h,XRP,fr,/futures/fundingRate/ohlc-history,2026-04-24T04:02:42.060058+00:00
2025-10-27 00:00:00+00:00,0.009737,v3,12h,XRP,fr,/futures/fundingRate/ohlc-history,2026-04-24T04:02:42.060058+00:00
2025-10-27 12:00:00+00:00,0.006151,v3,12h,XRP,fr,/futures/fundingRate/ohlc-history,2026-04-24T04:02:42.060058+00:00
2025-10-28 00:00:00+00:00,0.003154,v3,12h,XRP,fr,/futures/fundingRate/ohlc-history,2026-04-24T04:02:42.060058+00:00
2025-10-28 12:00:00+00:00,0.000859,v3,12h,XRP,fr,/futures/fundingRate/ohlc-history,2026-04-24T04:02:42.060058+00:00
2025-10-29 00:00:00+00:00,0.009351,v3,12h,XRP,fr,/futures/fundingRate/ohlc-history,2026-04-24T04:02:42.060058+00:00
2025-10-29 12:00:00+00:00,0.003056,v3,12h,XRP,fr,/futures/fundingRate/ohlc-history,2026-04-24T04:02:42.060058+00:00
2025-10-30 00:00:00+00:00,0.007395,v3,12h,XRP,fr,/futures/fundingRate/ohlc-history,2026-04-24T04:02:42.060058+00:00
2025-10-30 12:00:00+00:00,-0.006501,v3,12h,XRP,fr,/futures/fundingRate/ohlc-history,2026-04-24T04:02:42.060058+00:00
2025-10-31 00:00:00+00:00,0.003617,v3,12h,XRP,fr,/futures/fundingRate/ohlc-history,2026-04-24T04:02:42.060058+00:00
2025-10-31 12:00:00+00:00,6.8e-05,v3,12h,XRP,fr,/futures/fundingRate/ohlc-history,2026-04-24T04:02:42.060058+00:00
2025-11-01 00:00:00+00:00,-0.002977,v3,12h,XRP,fr,/futures/fundingRate/ohlc-history,2026-04-24T04:02:42.060058+00:00
2025-11-01 12:00:00+00:00,0.006796,v3,12h,XRP,fr,/futures/fundingRate/ohlc-history,2026-04-24T04:02:42.060058+00:00
2025-11-02 00:00:00+00:00,0.007945,v3,12h,XRP,fr,/futures/fundingRate/ohlc-history,2026-04-24T04:02:42.060058+00:00
2025-11-02 12:00:00+00:00,0.000957,v3,12h,XRP,fr,/futures/fundingRate/ohlc-history,2026-04-24T04:02:42.060058+00:00
2025-11-03 00:00:00+00:00,-0.006162,v3,12h,XRP,fr,/futures/fundingRate/ohlc-history,2026-04-24T04:02:42.060058+00:00
2025-11-03 12:00:00+00:00,0.001902,v3,12h,XRP,fr,/futures/fundingRate/ohlc-history,2026-04-24T04:02:42.060058+00:00
2025-11-04 00:00:00+00:00,0.009338,v3,12h,XRP,fr,/futures/fundingRate/ohlc-history,2026-04-24T04:02:42.060058+00:00
2025-11-04 12:00:00+00:00,-0.002613,v3,12h,XRP,fr,/futures/fundingRate/ohlc-history,2026-04-24T04:02:42.060058+00:00
2025-11-05 00:00:00+00:00,0.003968,v3,12h,XRP,fr,/futures/fundingRate/ohlc-history,2026-04-24T04:02:42.060058+00:00
2025-11-05 12:00:00+00:00,-0.001693,v3,12h,XRP,fr,/futures/fundingRate/ohlc-history,2026-04-24T04:02:42.060058+00:00
2025-11-06 00:00:00+00:00,0.002928,v3,12h,XRP,fr,/futures/fundingRate/ohlc-history,2026-04-24T04:02:42.060058+00:00
2025-11-06 12:00:00+00:00,-0.009608,v3,12h,XRP,fr,/futures/fundingRate/ohlc-history,2026-04-24T04:02:42.060058+00:00
2025-11-07 00:00:00+00:00,-0.002126,v3,12h,XRP,fr,/futures/fundingRate/ohlc-history,2026-04-24T04:02:42.060058+00:00
2025-11-07 12:00:00+00:00,0.01,v3,12h,XRP,fr,/futures/fundingRate/ohlc-history,2026-04-24T04:02:42.060058+00:00
2025-11-08 00:00:00+00:00,0.006608,v3,12h,XRP,fr,/futures/fundingRate/ohlc-history,2026-04-24T04:02:42.060058+00:00
2025-11-08 12:00:00+00:00,-0.002526,v3,12h,XRP,fr,/futures/fundingRate/ohlc-history,2026-04-24T04:02:42.060058+00:00
2025-11-09 00:00:00+00:00,4.2e-05,v3,12h,XRP,fr,/futures/fundingRate/ohlc-history,2026-04-24T04:02:42.060058+00:00
2025-11-09 12:00:00+00:00,-0.000349,v3,12h,XRP,fr,/futures/fundingRate/ohlc-history,2026-04-24T04:02:42.060058+00:00
2025-11-10 00:00:00+00:00,0.01,v3,12h,XRP,fr,/futures/fundingRate/ohlc-history,2026-04-24T04:02:42.060058+00:00
2025-11-10 12:00:00+00:00,0.008934,v3,12h,XRP,fr,/futures/fundingRate/ohlc-history,2026-04-24T04:02:42.060058+00:00
2025-11-11 00:00:00+00:00,0.002018,v3,12h,XRP,fr,/futures/fundingRate/ohlc-history,2026-04-24T04:02:42.060058+00:00
2025-11-11 12:00:00+00:00,0.002181,v3,12h,XRP,fr,/futures/fundingRate/ohlc-history,2026-04-24T04:02:42.060058+00:00
2025-11-12 00:00:00+00:00,-0.006147,v3,12h,XRP,fr,/futures/fundingRate/ohlc-history,2026-04-24T04:02:42.060058+00:00
2025-11-12 12:00:00+00:00,-0.007225,v3,12h,XRP,fr,/futures/fundingRate/ohlc-history,2026-04-24T04:02:42.060058+00:00
2025-11-13 00:00:00+00:00,0.01,v3,12h,XRP,fr,/futures/fundingRate/ohlc-history,2026-04-24T04:02:42.060058+00:00
2025-11-13 12:00:00+00:00,-0.015122,v3,12h,XRP,fr,/futures/fundingRate/ohlc-history,2026-04-24T04:02:42.060058+00:00
2025-11-14 00:00:00+00:00,0.007512,v3,12h,XRP,fr,/futures/fundingRate/ohlc-history,2026-04-24T04:02:42.060058+00:00
2025-11-14 12:00:00+00:00,0.000768,v3,12h,XRP,fr,/futures/fundingRate/ohlc-history,2026-04-24T04:02:42.060058+00:00
2025-11-15 00:00:00+00:00,-0.011966,v3,12h,XRP,fr,/futures/fundingRate/ohlc-history,2026-04-24T04:02:42.060058+00:00
2025-11-15 12:00:00+00:00,-0.006152,v3,12h,XRP,fr,/futures/fundingRate/ohlc-history,2026-04-24T04:02:42.060058+00:00
2025-11-16 00:00:00+00:00,-0.001679,v3,12h,XRP,fr,/futures/fundingRate/ohlc-history,2026-04-24T04:02:42.060058+00:00
2025-11-16 12:00:00+00:00,0.000859,v3,12h,XRP,fr,/futures/fundingRate/ohlc-history,2026-04-24T04:02:42.060058+00:00
2025-11-17 00:00:00+00:00,0.001947,v3,12h,XRP,fr,/futures/fundingRate/ohlc-history,2026-04-24T04:02:42.060058+00:00
2025-11-17 12:00:00+00:00,-0.012029,v3,12h,XRP,fr,/futures/fundingRate/ohlc-history,2026-04-24T04:02:42.060058+00:00
2025-11-18 00:00:00+00:00,0.005285,v3,12h,XRP,fr,/futures/fundingRate/ohlc-history,2026-04-24T04:02:42.060058+00:00
2025-11-18 12:00:00+00:00,0.008582,v3,12h,XRP,fr,/futures/fundingRate/ohlc-history,2026-04-24T04:02:42.060058+00:00
2025-11-19 00:00:00+00:00,-0.007825,v3,12h,XRP,fr,/futures/fundingRate/ohlc-history,2026-04-24T04:02:42.060058+00:00
2025-11-19 12:00:00+00:00,-0.004854,v3,12h,XRP,fr,/futures/fundingRate/ohlc-history,2026-04-24T04:02:42.060058+00:00
2025-11-20 00:00:00+00:00,0.01,v3,12h,XRP,fr,/futures/fundingRate/ohlc-history,2026-04-24T04:02:42.060058+00:00
2025-11-20 12:00:00+00:00,-0.00907,v3,12h,XRP,fr,/futures/fundingRate/ohlc-history,2026-04-24T04:02:42.060058+00:00
2025-11-21 00:00:00+00:00,0.01,v3,12h,XRP,fr,/futures/fundingRate/ohlc-history,2026-04-24T04:02:42.060058+00:00
2025-11-21 12:00:00+00:00,0.000616,v3,12h,XRP,fr,/futures/fundingRate/ohlc-history,2026-04-24T04:02:42.060058+00:00
2025-11-22 00:00:00+00:00,-0.007571,v3,12h,XRP,fr,/futures/fundingRate/ohlc-history,2026-04-24T04:02:42.060058+00:00
2025-11-22 12:00:00+00:00,0.005333,v3,12h,XRP,fr,/futures/fundingRate/ohlc-history,2026-04-24T04:02:42.060058+00:00
2025-11-23 00:00:00+00:00,-0.001704,v3,12h,XRP,fr,/futures/fundingRate/ohlc-history,2026-04-24T04:02:42.060058+00:00
2025-11-23 12:00:00+00:00,-0.009357,v3,12h,XRP,fr,/futures/fundingRate/ohlc-history,2026-04-24T04:02:42.060058+00:00
2025-11-24 00:00:00+00:00,-0.007789,v3,12h,XRP,fr,/futures/fundingRate/ohlc-history,2026-04-24T04:02:42.060058+00:00
2025-11-24 12:00:00+00:00,0.007154,v3,12h,XRP,fr,/futures/fundingRate/ohlc-history,2026-04-24T04:02:42.060058+00:00
2025-11-25 00:00:00+00:00,0.006916,v3,12h,XRP,fr,/futures/fundingRate/ohlc-history,2026-04-24T04:02:42.060058+00:00
2025-11-25 12:00:00+00:00,-0.000589,v3,12h,XRP,fr,/futures/fundingRate/ohlc-history,2026-04-24T04:02:42.060058+00:00
2025-11-26 00:00:00+00:00,-0.010477,v3,12h,XRP,fr,/futures/fundingRate/ohlc-history,2026-04-24T04:02:42.060058+00:00
2025-11-26 12:00:00+00:00,0.003371,v3,12h,XRP,fr,/futures/fundingRate/ohlc-history,2026-04-24T04:02:42.060058+00:00
2025-11-27 00:00:00+00:00,-0.005056,v3,12h,XRP,fr,/futures/fundingRate/ohlc-history,2026-04-24T04:02:42.060058+00:00
2025-11-27 12:00:00+00:00,0.007304,v3,12h,XRP,fr,/futures/fundingRate/ohlc-history,2026-04-24T04:02:42.060058+00:00
2025-11-28 00:00:00+00:00,0.008693,v3,12h,XRP,fr,/futures/fundingRate/ohlc-history,2026-04-24T04:02:42.060058+00:00
2025-11-28 12:00:00+00:00,-0.008465,v3,12h,XRP,fr,/futures/fundingRate/ohlc-history,2026-04-24T04:02:42.060058+00:00
2025-11-29 00:00:00+00:00,-0.005539,v3,12h,XRP,fr,/futures/fundingRate/ohlc-history,2026-04-24T04:02:42.060058+00:00
2025-11-29 12:00:00+00:00,0.00776,v3,12h,XRP,fr,/futures/fundingRate/ohlc-history,2026-04-24T04:02:42.060058+00:00
2025-11-30 00:00:00+00:00,-0.011374,v3,12h,XRP,fr,/futures/fundingRate/ohlc-history,2026-04-24T04:02:42.060058+00:00
2025-11-30 12:00:00+00:00,-0.011097,v3,12h,XRP,fr,/futures/fundingRate/ohlc-history,2026-04-24T04:02:42.060058+00:00
2025-12-01 00:00:00+00:00,-0.009853,v3,12h,XRP,fr,/futures/fundingRate/ohlc-history,2026-04-24T04:02:42.060058+00:00
2025-12-01 12:00:00+00:00,-0.000818,v3,12h,XRP,fr,/futures/fundingRate/ohlc-history,2026-04-24T04:02:42.060058+00:00
2025-12-02 00:00:00+00:00,-0.005648,v3,12h,XRP,fr,/futures/fundingRate/ohlc-history,2026-04-24T04:02:42.060058+00:00
2025-12-02 12:00:00+00:00,0.01,v3,12h,XRP,fr,/futures/fundingRate/ohlc-history,2026-04-24T04:02:42.060058+00:00
2025-12-03 00:00:00+00:00,0.01,v3,12h,XRP,fr,/futures/fundingRate/ohlc-history,2026-04-24T04:02:42.060058+00:00
2025-12-03 12:00:00+00:00,0.007967,v3,12h,XRP,fr,/futures/fundingRate/ohlc-history,2026-04-24T04:02:42.060058+00:00
2025-12-04 00:00:00+00:00,0.007505,v3,12h,XRP,fr,/futures/fundingRate/ohlc-history,2026-04-24T04:02:42.060058+00:00
2025-12-04 12:00:00+00:00,-0.003847,v3,12h,XRP,fr,/futures/fundingRate/ohlc-history,2026-04-24T04:02:42.060058+00:00
2025-12-05 00:00:00+00:00,-0.001872,v3,12h,XRP,fr,/futures/fundingRate/ohlc-history,2026-04-24T04:02:42.060058+00:00
2025-12-05 12:00:00+00:00,-0.005742,v3,12h,XRP,fr,/futures/fundingRate/ohlc-history,2026-04-24T04:02:42.060058+00:00
2025-12-06 00:00:00+00:00,-0.006306,v3,12h,XRP,fr,/futures/fundingRate/ohlc-history,2026-04-24T04:02:42.060058+00:00
2025-12-06 12:00:00+00:00,-0.008166,v3,12h,XRP,fr,/futures/fundingRate/ohlc-history,2026-04-24T04:02:42.060058+00:00
2025-12-07 00:00:00+00:00,-0.010574,v3,12h,XRP,fr,/futures/fundingRate/ohlc-history,2026-04-24T04:02:42.060058+00:00
2025-12-07 12:00:00+00:00,-0.005743,v3,12h,XRP,fr,/futures/fundingRate/ohlc-history,2026-04-24T04:02:42.060058+00:00
2025-12-08 00:00:00+00:00,0.01,v3,12h,XRP,fr,/futures/fundingRate/ohlc-history,2026-04-24T04:02:42.060058+00:00
2025-12-08 12:00:00+00:00,0.003616,v3,12h,XRP,fr,/futures/fundingRate/ohlc-history,2026-04-24T04:02:42.060058+00:00
2025-12-09 00:00:00+00:00,0.004948,v3,12h,XRP,fr,/futures/fundingRate/ohlc-history,2026-04-24T04:02:42.060058+00:00
2025-12-09 12:00:00+00:00,0.008123,v3,12h,XRP,fr,/futures/fundingRate/ohlc-history,2026-04-24T04:02:42.060058+00:00
2025-12-10 00:00:00+00:00,-0.000442,v3,12h,XRP,fr,/futures/fundingRate/ohlc-history,2026-04-24T04:02:42.060058+00:00
2025-12-10 12:00:00+00:00,-0.000151,v3,12h,XRP,fr,/futures/fundingRate/ohlc-history,2026-04-24T04:02:42.060058+00:00
2025-12-11 00:00:00+00:00,-0.016257,v3,12h,XRP,fr,/futures/fundingRate/ohlc-history,2026-04-24T04:02:42.060058+00:00
2025-12-11 12:00:00+00:00,-0.004059,v3,12h,XRP,fr,/futures/fundingRate/ohlc-history,2026-04-24T04:02:42.060058+00:00
2025-12-12 00:00:00+00:00,0.007556,v3,12h,XRP,fr,/futures/fundingRate/ohlc-history,2026-04-24T04:02:42.060058+00:00
2025-12-12 12:00:00+00:00,-0.01535,v3,12h,XRP,fr,/futures/fundingRate/ohlc-history,2026-04-24T04:02:42.060058+00:00
2025-12-13 00:00:00+00:00,0.009763,v3,12h,XRP,fr,/futures/fundingRate/ohlc-history,2026-04-24T04:02:42.060058+00:00
2025-12-13 12:00:00+00:00,0.005685,v3,12h,XRP,fr,/futures/fundingRate/ohlc-history,2026-04-24T04:02:42.060058+00:00
2025-12-14 00:00:00+00:00,0.000202,v3,12h,XRP,fr,/futures/fundingRate/ohlc-history,2026-04-24T04:02:42.060058+00:00
2025-12-14 12:00:00+00:00,-0.015223,v3,12h,XRP,fr,/futures/fundingRate/ohlc-history,2026-04-24T04:02:42.060058+00:00
2025-12-15 00:00:00+00:00,-0.000761,v3,12h,XRP,fr,/futures/fundingRate/ohlc-history,2026-04-24T04:02:42.060058+00:00
2025-12-15 12:00:00+00:00,-0.029486,v3,12h,XRP,fr,/futures/fundingRate/ohlc-history,2026-04-24T04:02:42.060058+00:00
2025-12-16 00:00:00+00:00,-0.011066,v3,12h,XRP,fr,/futures/fundingRate/ohlc-history,2026-04-24T04:02:42.060058+00:00
2025-12-16 12:00:00+00:00,0.002728,v3,12h,XRP,fr,/futures/fundingRate/ohlc-history,2026-04-24T04:02:42.060058+00:00
2025-12-17 00:00:00+00:00,0.003628,v3,12h,XRP,fr,/futures/fundingRate/ohlc-history,2026-04-24T04:02:42.060058+00:00
2025-12-17 12:00:00+00:00,-0.020107,v3,12h,XRP,fr,/futures/fundingRate/ohlc-history,2026-04-24T04:02:42.060058+00:00
2025-12-18 00:00:00+00:00,-0.013887,v3,12h,XRP,fr,/futures/fundingRate/ohlc-history,2026-04-24T04:02:42.060058+00:00
2025-12-18 12:00:00+00:00,-0.009002,v3,12h,XRP,fr,/futures/fundingRate/ohlc-history,2026-04-24T04:02:42.060058+00:00
2025-12-19 00:00:00+00:00,0.008398,v3,12h,XRP,fr,/futures/fundingRate/ohlc-history,2026-04-24T04:02:42.060058+00:00
2025-12-19 12:00:00+00:00,-0.000271,v3,12h,XRP,fr,/futures/fundingRate/ohlc-history,2026-04-24T04:02:42.060058+00:00
2025-12-20 00:00:00+00:00,-0.004947,v3,12h,XRP,fr,/futures/fundingRate/ohlc-history,2026-04-24T04:02:42.060058+00:00
2025-12-20 12:00:00+00:00,0.002138,v3,12h,XRP,fr,/futures/fundingRate/ohlc-history,2026-04-24T04:02:42.060058+00:00
2025-12-21 00:00:00+00:00,0.001374,v3,12h,XRP,fr,/futures/fundingRate/ohlc-history,2026-04-24T04:02:42.060058+00:00
2025-12-21 12:00:00+00:00,-0.000836,v3,12h,XRP,fr,/futures/fundingRate/ohlc-history,2026-04-24T04:02:42.060058+00:00
2025-12-22 00:00:00+00:00,0.01,v3,12h,XRP,fr,/futures/fundingRate/ohlc-history,2026-04-24T04:02:42.060058+00:00
2025-12-22 12:00:00+00:00,-0.00838,v3,12h,XRP,fr,/futures/fundingRate/ohlc-history,2026-04-24T04:02:42.060058+00:00
2025-12-23 00:00:00+00:00,-0.001545,v3,12h,XRP,fr,/futures/fundingRate/ohlc-history,2026-04-24T04:02:42.060058+00:00
2025-12-23 12:00:00+00:00,0.005386,v3,12h,XRP,fr,/futures/fundingRate/ohlc-history,2026-04-24T04:02:42.060058+00:00
2025-12-24 00:00:00+00:00,-0.006579,v3,12h,XRP,fr,/futures/fundingRate/ohlc-history,2026-04-24T04:02:42.060058+00:00
2025-12-24 12:00:00+00:00,0.007247,v3,12h,XRP,fr,/futures/fundingRate/ohlc-history,2026-04-24T04:02:42.060058+00:00
2025-12-25 00:00:00+00:00,-0.002123,v3,12h,XRP,fr,/futures/fundingRate/ohlc-history,2026-04-24T04:02:42.060058+00:00
2025-12-25 12:00:00+00:00,-0.009756,v3,12h,XRP,fr,/futures/fundingRate/ohlc-history,2026-04-24T04:02:42.060058+00:00
2025-12-26 00:00:00+00:00,0.009831,v3,12h,XRP,fr,/futures/fundingRate/ohlc-history,2026-04-24T04:02:42.060058+00:00
2025-12-26 12:00:00+00:00,-0.005694,v3,12h,XRP,fr,/futures/fundingRate/ohlc-history,2026-04-24T04:02:42.060058+00:00
2025-12-27 00:00:00+00:00,-0.000928,v3,12h,XRP,fr,/futures/fundingRate/ohlc-history,2026-04-24T04:02:42.060058+00:00
2025-12-27 12:00:00+00:00,0.00834,v3,12h,XRP,fr,/futures/fundingRate/ohlc-history,2026-04-24T04:02:42.060058+00:00
2025-12-28 00:00:00+00:00,0.01,v3,12h,XRP,fr,/futures/fundingRate/ohlc-history,2026-04-24T04:02:42.060058+00:00
2025-12-28 12:00:00+00:00,0.002448,v3,12h,XRP,fr,/futures/fundingRate/ohlc-history,2026-04-24T04:02:42.060058+00:00
2025-12-29 00:00:00+00:00,0.007201,v3,12h,XRP,fr,/futures/fundingRate/ohlc-history,2026-04-24T04:02:42.060058+00:00
2025-12-29 12:00:00+00:00,-0.014637,v3,12h,XRP,fr,/futures/fundingRate/ohlc-history,2026-04-24T04:02:42.060058+00:00
2025-12-30 00:00:00+00:00,-0.008138,v3,12h,XRP,fr,/futures/fundingRate/ohlc-history,2026-04-24T04:02:42.060058+00:00
2025-12-30 12:00:00+00:00,0.000359,v3,12h,XRP,fr,/futures/fundingRate/ohlc-history,2026-04-24T04:02:42.060058+00:00
2025-12-31 00:00:00+00:00,0.005179,v3,12h,XRP,fr,/futures/fundingRate/ohlc-history,2026-04-24T04:02:42.060058+00:00
2025-12-31 12:00:00+00:00,-0.019079,v3,12h,XRP,fr,/futures/fundingRate/ohlc-history,2026-04-24T04:02:42.060058+00:00
2026-01-01 00:00:00+00:00,-0.006941,v3,12h,XRP,fr,/futures/fundingRate/ohlc-history,2026-04-24T04:02:42.060058+00:00
2026-01-01 12:00:00+00:00,0.008081,v3,12h,XRP,fr,/futures/fundingRate/ohlc-history,2026-04-24T04:02:42.060058+00:00
2026-01-02 00:00:00+00:00,0.01,v3,12h,XRP,fr,/futures/fundingRate/ohlc-history,2026-04-24T04:02:42.060058+00:00
2026-01-02 12:00:00+00:00,0.01,v3,12h,XRP,fr,/futures/fundingRate/ohlc-history,2026-04-24T04:02:42.060058+00:00
2026-01-03 00:00:00+00:00,0.01,v3,12h,XRP,fr,/futures/fundingRate/ohlc-history,2026-04-24T04:02:42.060058+00:00
2026-01-03 12:00:00+00:00,0.005323,v3,12h,XRP,fr,/futures/fundingRate/ohlc-history,2026-04-24T04:02:42.060058+00:00
2026-01-04 00:00:00+00:00,-0.00144,v3,12h,XRP,fr,/futures/fundingRate/ohlc-history,2026-04-24T04:02:42.060058+00:00
2026-01-04 12:00:00+00:00,0.007724,v3,12h,XRP,fr,/futures/fundingRate/ohlc-history,2026-04-24T04:02:42.060058+00:00
2026-01-05 00:00:00+00:00,-0.002884,v3,12h,XRP,fr,/futures/fundingRate/ohlc-history,2026-04-24T04:02:42.060058+00:00
2026-01-05 12:00:00+00:00,0.01,v3,12h,XRP,fr,/futures/fundingRate/ohlc-history,2026-04-24T04:02:42.060058+00:00
2026-01-06 00:00:00+00:00,0.01,v3,12h,XRP,fr,/futures/fundingRate/ohlc-history,2026-04-24T04:02:42.060058+00:00
2026-01-06 12:00:00+00:00,-0.001054,v3,12h,XRP,fr,/futures/fundingRate/ohlc-history,2026-04-24T04:02:42.060058+00:00
2026-01-07 00:00:00+00:00,0.01,v3,12h,XRP,fr,/futures/fundingRate/ohlc-history,2026-04-24T04:02:42.060058+00:00
2026-01-07 12:00:00+00:00,0.0096,v3,12h,XRP,fr,/futures/fundingRate/ohlc-history,2026-04-24T04:02:42.060058+00:00
2026-01-08 00:00:00+00:00,0.008769,v3,12h,XRP,fr,/futures/fundingRate/ohlc-history,2026-04-24T04:02:42.060058+00:00
2026-01-08 12:00:00+00:00,0.001079,v3,12h,XRP,fr,/futures/fundingRate/ohlc-history,2026-04-24T04:02:42.060058+00:00
2026-01-09 00:00:00+00:00,-0.0013,v3,12h,XRP,fr,/futures/fundingRate/ohlc-history,2026-04-24T04:02:42.060058+00:00
2026-01-09 12:00:00+00:00,-0.006244,v3,12h,XRP,fr,/futures/fundingRate/ohlc-history,2026-04-24T04:02:42.060058+00:00
2026-01-10 00:00:00+00:00,-0.002295,v3,12h,XRP,fr,/futures/fundingRate/ohlc-history,2026-04-24T04:02:42.060058+00:00
2026-01-10 12:00:00+00:00,-0.001991,v3,12h,XRP,fr,/futures/fundingRate/ohlc-history,2026-04-24T04:02:42.060058+00:00
2026-01-11 00:00:00+00:00,-0.003886,v3,12h,XRP,fr,/futures/fundingRate/ohlc-history,2026-04-24T04:02:42.060058+00:00
2026-01-11 12:00:00+00:00,-0.011226,v3,12h,XRP,fr,/futures/fundingRate/ohlc-history,2026-04-24T04:02:42.060058+00:00
2026-01-12 00:00:00+00:00,-0.006069,v3,12h,XRP,fr,/futures/fundingRate/ohlc-history,2026-04-24T04:02:42.060058+00:00
2026-01-12 12:00:00+00:00,-0.001549,v3,12h,XRP,fr,/futures/fundingRate/ohlc-history,2026-04-24T04:02:42.060058+00:00
2026-01-13 00:00:00+00:00,0.008714,v3,12h,XRP,fr,/futures/fundingRate/ohlc-history,2026-04-24T04:02:42.060058+00:00
2026-01-13 12:00:00+00:00,0.008249,v3,12h,XRP,fr,/futures/fundingRate/ohlc-history,2026-04-24T04:02:42.060058+00:00
2026-01-14 00:00:00+00:00,0.01,v3,12h,XRP,fr,/futures/fundingRate/ohlc-history,2026-04-24T04:02:42.060058+00:00
2026-01-14 12:00:00+00:00,0.009657,v3,12h,XRP,fr,/futures/fundingRate/ohlc-history,2026-04-24T04:02:42.060058+00:00
2026-01-15 00:00:00+00:00,0.001094,v3,12h,XRP,fr,/futures/fundingRate/ohlc-history,2026-04-24T04:02:42.060058+00:00
2026-01-15 12:00:00+00:00,-0.004432,v3,12h,XRP,fr,/futures/fundingRate/ohlc-history,2026-04-24T04:02:42.060058+00:00
2026-01-16 00:00:00+00:00,-0.007345,v3,12h,XRP,fr,/futures/fundingRate/ohlc-history,2026-04-24T04:02:42.060058+00:00
2026-01-16 12:00:00+00:00,0.009556,v3,12h,XRP,fr,/futures/fundingRate/ohlc-history,2026-04-24T04:02:42.060058+00:00
2026-01-17 00:00:00+00:00,0.003849,v3,12h,XRP,fr,/futures/fundingRate/ohlc-history,2026-04-24T04:02:42.060058+00:00
2026-01-17 12:00:00+00:00,0.008439,v3,12h,XRP,fr,/futures/fundingRate/ohlc-history,2026-04-24T04:02:42.060058+00:00
2026-01-18 00:00:00+00:00,-0.005382,v3,12h,XRP,fr,/futures/fundingRate/ohlc-history,2026-04-24T04:02:42.060058+00:00
2026-01-18 12:00:00+00:00,-0.000918,v3,12h,XRP,fr,/futures/fundingRate/ohlc-history,2026-04-24T04:02:42.060058+00:00
2026-01-19 00:00:00+00:00,-0.008155,v3,12h,XRP,fr,/futures/fundingRate/ohlc-history,2026-04-24T04:02:42.060058+00:00
2026-01-19 12:00:00+00:00,0.01,v3,12h,XRP,fr,/futures/fundingRate/ohlc-history,2026-04-24T04:02:42.060058+00:00
2026-01-20 00:00:00+00:00,0.005358,v3,12h,XRP,fr,/futures/fundingRate/ohlc-history,2026-04-24T04:02:42.060058+00:00
2026-01-20 12:00:00+00:00,-0.000982,v3,12h,XRP,fr,/futures/fundingRate/ohlc-history,2026-04-24T04:02:42.060058+00:00
2026-01-21 00:00:00+00:00,0.00228,v3,12h,XRP,fr,/futures/fundingRate/ohlc-history,2026-04-24T04:02:42.060058+00:00
2026-01-21 12:00:00+00:00,0.004122,v3,12h,XRP,fr,/futures/fundingRate/ohlc-history,2026-04-24T04:02:42.060058+00:00
2026-01-22 00:00:00+00:00,0.009424,v3,12h,XRP,fr,/futures/fundingRate/ohlc-history,2026-04-24T04:02:42.060058+00:00
2026-01-22 12:00:00+00:00,-0.002589,v3,12h,XRP,fr,/futures/fundingRate/ohlc-history,2026-04-24T04:02:42.060058+00:00
2026-01-23 00:00:00+00:00,0.005217,v3,12h,XRP,fr,/futures/fundingRate/ohlc-history,2026-04-24T04:02:42.060058+00:00
2026-01-23 12:00:00+00:00,0.000533,v3,12h,XRP,fr,/futures/fundingRate/ohlc-history,2026-04-24T04:02:42.060058+00:00
2026-01-24 00:00:00+00:00,0.00058,v3,12h,XRP,fr,/futures/fundingRate/ohlc-history,2026-04-24T04:02:42.060058+00:00
2026-01-24 12:00:00+00:00,0.003152,v3,12h,XRP,fr,/futures/fundingRate/ohlc-history,2026-04-24T04:02:42.060058+00:00
2026-01-25 00:00:00+00:00,0.001096,v3,12h,XRP,fr,/futures/fundingRate/ohlc-history,2026-04-24T04:02:42.060058+00:00
2026-01-25 12:00:00+00:00,-0.014859,v3,12h,XRP,fr,/futures/fundingRate/ohlc-history,2026-04-24T04:02:42.060058+00:00
2026-01-26 00:00:00+00:00,0.009465,v3,12h,XRP,fr,/futures/fundingRate/ohlc-history,2026-04-24T04:02:42.060058+00:00
2026-01-26 12:00:00+00:00,0.004594,v3,12h,XRP,fr,/futures/fundingRate/ohlc-history,2026-04-24T04:02:42.060058+00:00
2026-01-27 00:00:00+00:00,0.004289,v3,12h,XRP,fr,/futures/fundingRate/ohlc-history,2026-04-24T04:02:42.060058+00:00
2026-01-27 12:00:00+00:00,0.009467,v3,12h,XRP,fr,/futures/fundingRate/ohlc-history,2026-04-24T04:02:42.060058+00:00
2026-01-28 00:00:00+00:00,0.01,v3,12h,XRP,fr,/futures/fundingRate/ohlc-history,2026-04-24T04:02:42.060058+00:00
2026-01-28 12:00:00+00:00,0.007856,v3,12h,XRP,fr,/futures/fundingRate/ohlc-history,2026-04-24T04:02:42.060058+00:00
2026-01-29 00:00:00+00:00,-0.000656,v3,12h,XRP,fr,/futures/fundingRate/ohlc-history,2026-04-24T04:02:42.060058+00:00
2026-01-29 12:00:00+00:00,-0.012818,v3,12h,XRP,fr,/futures/fundingRate/ohlc-history,2026-04-24T04:02:42.060058+00:00
2026-01-30 00:00:00+00:00,-0.002418,v3,12h,XRP,fr,/futures/fundingRate/ohlc-history,2026-04-24T04:02:42.060058+00:00
2026-01-30 12:00:00+00:00,-0.01881,v3,12h,XRP,fr,/futures/fundingRate/ohlc-history,2026-04-24T04:02:42.060058+00:00
2026-01-31 00:00:00+00:00,-0.011913,v3,12h,XRP,fr,/futures/fundingRate/ohlc-history,2026-04-24T04:02:42.060058+00:00
2026-01-31 12:00:00+00:00,-0.014917,v3,12h,XRP,fr,/futures/fundingRate/ohlc-history,2026-04-24T04:02:42.060058+00:00
2026-02-01 00:00:00+00:00,0.000768,v3,12h,XRP,fr,/futures/fundingRate/ohlc-history,2026-04-24T04:02:42.060058+00:00
2026-02-01 12:00:00+00:00,-0.003837,v3,12h,XRP,fr,/futures/fundingRate/ohlc-history,2026-04-24T04:02:42.060058+00:00
2026-02-02 00:00:00+00:00,0.004721,v3,12h,XRP,fr,/futures/fundingRate/ohlc-history,2026-04-24T04:02:42.060058+00:00
2026-02-02 12:00:00+00:00,-0.001697,v3,12h,XRP,fr,/futures/fundingRate/ohlc-history,2026-04-24T04:02:42.060058+00:00
2026-02-03 00:00:00+00:00,-0.009748,v3,12h,XRP,fr,/futures/fundingRate/ohlc-history,2026-04-24T04:02:42.060058+00:00
2026-02-03 12:00:00+00:00,0.00614,v3,12h,XRP,fr,/futures/fundingRate/ohlc-history,2026-04-24T04:02:42.060058+00:00
2026-02-04 00:00:00+00:00,0.0042,v3,12h,XRP,fr,/futures/fundingRate/ohlc-history,2026-04-24T04:02:42.060058+00:00
2026-02-04 12:00:00+00:00,-0.008434,v3,12h,XRP,fr,/futures/fundingRate/ohlc-history,2026-04-24T04:02:42.060058+00:00
2026-02-05 00:00:00+00:00,-0.003172,v3,12h,XRP,fr,/futures/fundingRate/ohlc-history,2026-04-24T04:02:42.060058+00:00
2026-02-05 12:00:00+00:00,-0.014713,v3,12h,XRP,fr,/futures/fundingRate/ohlc-history,2026-04-24T04:02:42.060058+00:00
2026-02-06 00:00:00+00:00,-0.020699,v3,12h,XRP,fr,/futures/fundingRate/ohlc-history,2026-04-24T04:02:42.060058+00:00
2026-02-06 12:00:00+00:00,-0.014133,v3,12h,XRP,fr,/futures/fundingRate/ohlc-history,2026-04-24T04:02:42.060058+00:00
2026-02-07 00:00:00+00:00,0.006814,v3,12h,XRP,fr,/futures/fundingRate/ohlc-history,2026-04-24T04:02:42.060058+00:00
2026-02-07 12:00:00+00:00,-0.00623,v3,12h,XRP,fr,/futures/fundingRate/ohlc-history,2026-04-24T04:02:42.060058+00:00
2026-02-08 00:00:00+00:00,-0.01857,v3,12h,XRP,fr,/futures/fundingRate/ohlc-history,2026-04-24T04:02:42.060058+00:00
2026-02-08 12:00:00+00:00,-0.011418,v3,12h,XRP,fr,/futures/fundingRate/ohlc-history,2026-04-24T04:02:42.060058+00:00
2026-02-09 00:00:00+00:00,-0.013464,v3,12h,XRP,fr,/futures/fundingRate/ohlc-history,2026-04-24T04:02:42.060058+00:00
2026-02-09 12:00:00+00:00,-0.009506,v3,12h,XRP,fr,/futures/fundingRate/ohlc-history,2026-04-24T04:02:42.060058+00:00
2026-02-10 00:00:00+00:00,-0.018318,v3,12h,XRP,fr,/futures/fundingRate/ohlc-history,2026-04-24T04:02:42.060058+00:00
2026-02-10 12:00:00+00:00,-0.016026,v3,12h,XRP,fr,/futures/fundingRate/ohlc-history,2026-04-24T04:02:42.060058+00:00
2026-02-11 00:00:00+00:00,0.002673,v3,12h,XRP,fr,/futures/fundingRate/ohlc-history,2026-04-24T04:02:42.060058+00:00
2026-02-11 12:00:00+00:00,0.002669,v3,12h,XRP,fr,/futures/fundingRate/ohlc-history,2026-04-24T04:02:42.060058+00:00
2026-02-12 00:00:00+00:00,-0.005421,v3,12h,XRP,fr,/futures/fundingRate/ohlc-history,2026-04-24T04:02:42.060058+00:00
2026-02-12 12:00:00+00:00,-0.008722,v3,12h,XRP,fr,/futures/fundingRate/ohlc-history,2026-04-24T04:02:42.060058+00:00
2026-02-13 00:00:00+00:00,0.002618,v3,12h,XRP,fr,/futures/fundingRate/ohlc-history,2026-04-24T04:02:42.060058+00:00
2026-02-13 12:00:00+00:00,-0.000333,v3,12h,XRP,fr,/futures/fundingRate/ohlc-history,2026-04-24T04:02:42.060058+00:00
2026-02-14 00:00:00+00:00,-0.014302,v3,12h,XRP,fr,/futures/fundingRate/ohlc-history,2026-04-24T04:02:42.060058+00:00
2026-02-14 12:00:00+00:00,-0.015613,v3,12h,XRP,fr,/futures/fundingRate/ohlc-history,2026-04-24T04:02:42.060058+00:00
2026-02-15 00:00:00+00:00,-0.010966,v3,12h,XRP,fr,/futures/fundingRate/ohlc-history,2026-04-24T04:02:42.060058+00:00
2026-02-15 12:00:00+00:00,-0.010297,v3,12h,XRP,fr,/futures/fundingRate/ohlc-history,2026-04-24T04:02:42.060058+00:00
2026-02-16 00:00:00+00:00,-0.019234,v3,12h,XRP,fr,/futures/fundingRate/ohlc-history,2026-04-24T04:02:42.060058+00:00
2026-02-16 12:00:00+00:00,-0.003147,v3,12h,XRP,fr,/futures/fundingRate/ohlc-history,2026-04-24T04:02:42.060058+00:00
2026-02-17 00:00:00+00:00,-0.003377,v3,12h,XRP,fr,/futures/fundingRate/ohlc-history,2026-04-24T04:02:42.060058+00:00
2026-02-17 12:00:00+00:00,0.00013,v3,12h,XRP,fr,/futures/fundingRate/ohlc-history,2026-04-24T04:02:42.060058+00:00
2026-02-18 00:00:00+00:00,-0.00118,v3,12h,XRP,fr,/futures/fundingRate/ohlc-history,2026-04-24T04:02:42.060058+00:00
2026-02-18 12:00:00+00:00,-0.002326,v3,12h,XRP,fr,/futures/fundingRate/ohlc-history,2026-04-24T04:02:42.060058+00:00
2026-02-19 00:00:00+00:00,0.000274,v3,12h,XRP,fr,/futures/fundingRate/ohlc-history,2026-04-24T04:02:42.060058+00:00
2026-02-19 12:00:00+00:00,0.002765,v3,12h,XRP,fr,/futures/fundingRate/ohlc-history,2026-04-24T04:02:42.060058+00:00
2026-02-20 00:00:00+00:00,-0.011309,v3,12h,XRP,fr,/futures/fundingRate/ohlc-history,2026-04-24T04:02:42.060058+00:00
2026-02-20 12:00:00+00:00,0.004631,v3,12h,XRP,fr,/futures/fundingRate/ohlc-history,2026-04-24T04:02:42.060058+00:00
2026-02-21 00:00:00+00:00,0.00148,v3,12h,XRP,fr,/futures/fundingRate/ohlc-history,2026-04-24T04:02:42.060058+00:00
2026-02-21 12:00:00+00:00,-0.005998,v3,12h,XRP,fr,/futures/fundingRate/ohlc-history,2026-04-24T04:02:42.060058+00:00
2026-02-22 00:00:00+00:00,-0.011709,v3,12h,XRP,fr,/futures/fundingRate/ohlc-history,2026-04-24T04:02:42.060058+00:00
2026-02-22 12:00:00+00:00,-0.020972,v3,12h,XRP,fr,/futures/fundingRate/ohlc-history,2026-04-24T04:02:42.060058+00:00
2026-02-23 00:00:00+00:00,-0.001991,v3,12h,XRP,fr,/futures/fundingRate/ohlc-history,2026-04-24T04:02:42.060058+00:00
2026-02-23 12:00:00+00:00,-0.003371,v3,12h,XRP,fr,/futures/fundingRate/ohlc-history,2026-04-24T04:02:42.060058+00:00
2026-02-24 00:00:00+00:00,-0.010464,v3,12h,XRP,fr,/futures/fundingRate/ohlc-history,2026-04-24T04:02:42.060058+00:00
2026-02-24 12:00:00+00:00,0.008322,v3,12h,XRP,fr,/futures/fundingRate/ohlc-history,2026-04-24T04:02:42.060058+00:00
2026-02-25 00:00:00+00:00,-0.005455,v3,12h,XRP,fr,/futures/fundingRate/ohlc-history,2026-04-24T04:02:42.060058+00:00
2026-02-25 12:00:00+00:00,0.01,v3,12h,XRP,fr,/futures/fundingRate/ohlc-history,2026-04-24T04:02:42.060058+00:00
2026-02-26 00:00:00+00:00,0.004078,v3,12h,XRP,fr,/futures/fundingRate/ohlc-history,2026-04-24T04:02:42.060058+00:00
2026-02-26 12:00:00+00:00,-0.005385,v3,12h,XRP,fr,/futures/fundingRate/ohlc-history,2026-04-24T04:02:42.060058+00:00
2026-02-27 00:00:00+00:00,-0.00575,v3,12h,XRP,fr,/futures/fundingRate/ohlc-history,2026-04-24T04:02:42.060058+00:00
2026-02-27 12:00:00+00:00,-0.021992,v3,12h,XRP,fr,/futures/fundingRate/ohlc-history,2026-04-24T04:02:42.060058+00:00
2026-02-28 00:00:00+00:00,-0.018352,v3,12h,XRP,fr,/futures/fundingRate/ohlc-history,2026-04-24T04:02:42.060058+00:00
2026-02-28 12:00:00+00:00,-0.016279,v3,12h,XRP,fr,/futures/fundingRate/ohlc-history,2026-04-24T04:02:42.060058+00:00
2026-03-01 00:00:00+00:00,0.002762,v3,12h,XRP,fr,/futures/fundingRate/ohlc-history,2026-04-24T04:02:42.060058+00:00
2026-03-01 12:00:00+00:00,-0.001988,v3,12h,XRP,fr,/futures/fundingRate/ohlc-history,2026-04-24T04:02:42.060058+00:00
2026-03-02 00:00:00+00:00,-0.000659,v3,12h,XRP,fr,/futures/fundingRate/ohlc-history,2026-04-24T04:02:42.060058+00:00
2026-03-02 12:00:00+00:00,0.002468,v3,12h,XRP,fr,/futures/fundingRate/ohlc-history,2026-04-24T04:02:42.060058+00:00
2026-03-03 00:00:00+00:00,-0.019026,v3,12h,XRP,fr,/futures/fundingRate/ohlc-history,2026-04-24T04:02:42.060058+00:00
2026-03-03 12:00:00+00:00,0.003765,v3,12h,XRP,fr,/futures/fundingRate/ohlc-history,2026-04-24T04:02:42.060058+00:00
2026-03-04 00:00:00+00:00,0.01,v3,12h,XRP,fr,/futures/fundingRate/ohlc-history,2026-04-24T04:02:42.060058+00:00
2026-03-04 12:00:00+00:00,0.01,v3,12h,XRP,fr,/futures/fundingRate/ohlc-history,2026-04-24T04:02:42.060058+00:00
2026-03-05 00:00:00+00:00,-0.004814,v3,12h,XRP,fr,/futures/fundingRate/ohlc-history,2026-04-24T04:02:42.060058+00:00
2026-03-05 12:00:00+00:00,0.004685,v3,12h,XRP,fr,/futures/fundingRate/ohlc-history,2026-04-24T04:02:42.060058+00:00
2026-03-06 00:00:00+00:00,-0.00646,v3,12h,XRP,fr,/futures/fundingRate/ohlc-history,2026-04-24T04:02:42.060058+00:00
2026-03-06 12:00:00+00:00,-0.015399,v3,12h,XRP,fr,/futures/fundingRate/ohlc-history,2026-04-24T04:02:42.060058+00:00
2026-03-07 00:00:00+00:00,-0.010091,v3,12h,XRP,fr,/futures/fundingRate/ohlc-history,2026-04-24T04:02:42.060058+00:00
2026-03-07 12:00:00+00:00,-0.014165,v3,12h,XRP,fr,/futures/fundingRate/ohlc-history,2026-04-24T04:02:42.060058+00:00
2026-03-08 00:00:00+00:00,-0.017739,v3,12h,XRP,fr,/futures/fundingRate/ohlc-history,2026-04-24T04:02:42.060058+00:00
2026-03-08 12:00:00+00:00,-0.014493,v3,12h,XRP,fr,/futures/fundingRate/ohlc-history,2026-04-24T04:02:42.060058+00:00
2026-03-09 00:00:00+00:00,-0.017027,v3,12h,XRP,fr,/futures/fundingRate/ohlc-history,2026-04-24T04:02:42.060058+00:00
2026-03-09 12:00:00+00:00,-4.4e-05,v3,12h,XRP,fr,/futures/fundingRate/ohlc-history,2026-04-24T04:02:42.060058+00:00
2026-03-10 00:00:00+00:00,0.002668,v3,12h,XRP,fr,/futures/fundingRate/ohlc-history,2026-04-24T04:02:42.060058+00:00
2026-03-10 12:00:00+00:00,-0.006844,v3,12h,XRP,fr,/futures/fundingRate/ohlc-history,2026-04-24T04:02:42.060058+00:00
2026-03-11 00:00:00+00:00,-0.006717,v3,12h,XRP,fr,/futures/fundingRate/ohlc-history,2026-04-24T04:02:42.060058+00:00
2026-03-11 12:00:00+00:00,-0.001197,v3,12h,XRP,fr,/futures/fundingRate/ohlc-history,2026-04-24T04:02:42.060058+00:00
2026-03-12 00:00:00+00:00,-0.011486,v3,12h,XRP,fr,/futures/fundingRate/ohlc-history,2026-04-24T04:02:42.060058+00:00
2026-03-12 12:00:00+00:00,-0.001631,v3,12h,XRP,fr,/futures/fundingRate/ohlc-history,2026-04-24T04:02:42.060058+00:00
2026-03-13 00:00:00+00:00,0.01,v3,12h,XRP,fr,/futures/fundingRate/ohlc-history,2026-04-24T04:02:42.060058+00:00
2026-03-13 12:00:00+00:00,-0.00377,v3,12h,XRP,fr,/futures/fundingRate/ohlc-history,2026-04-24T04:02:42.060058+00:00
2026-03-14 00:00:00+00:00,-0.007535,v3,12h,XRP,fr,/futures/fundingRate/ohlc-history,2026-04-24T04:02:42.060058+00:00
2026-03-14 12:00:00+00:00,-0.009162,v3,12h,XRP,fr,/futures/fundingRate/ohlc-history,2026-04-24T04:02:42.060058+00:00
2026-03-15 00:00:00+00:00,0.007625,v3,12h,XRP,fr,/futures/fundingRate/ohlc-history,2026-04-24T04:02:42.060058+00:00
2026-03-15 12:00:00+00:00,0.009316,v3,12h,XRP,fr,/futures/fundingRate/ohlc-history,2026-04-24T04:02:42.060058+00:00
2026-03-16 00:00:00+00:00,0.01,v3,12h,XRP,fr,/futures/fundingRate/ohlc-history,2026-04-24T04:02:42.060058+00:00
2026-03-16 12:00:00+00:00,0.003052,v3,12h,XRP,fr,/futures/fundingRate/ohlc-history,2026-04-24T04:02:42.060058+00:00
2026-03-17 00:00:00+00:00,0.003464,v3,12h,XRP,fr,/futures/fundingRate/ohlc-history,2026-04-24T04:02:42.060058+00:00
2026-03-17 12:00:00+00:00,0.001426,v3,12h,XRP,fr,/futures/fundingRate/ohlc-history,2026-04-24T04:02:42.060058+00:00
2026-03-18 00:00:00+00:00,-0.004737,v3,12h,XRP,fr,/futures/fundingRate/ohlc-history,2026-04-24T04:02:42.060058+00:00
2026-03-18 12:00:00+00:00,-0.006358,v3,12h,XRP,fr,/futures/fundingRate/ohlc-history,2026-04-24T04:02:42.060058+00:00
2026-03-19 00:00:00+00:00,0.01,v3,12h,XRP,fr,/futures/fundingRate/ohlc-history,2026-04-24T04:02:42.060058+00:00
2026-03-19 12:00:00+00:00,-0.004799,v3,12h,XRP,fr,/futures/fundingRate/ohlc-history,2026-04-24T04:02:42.060058+00:00
2026-03-20 00:00:00+00:00,-0.005259,v3,12h,XRP,fr,/futures/fundingRate/ohlc-history,2026-04-24T04:02:42.060058+00:00
2026-03-20 12:00:00+00:00,0.002182,v3,12h,XRP,fr,/futures/fundingRate/ohlc-history,2026-04-24T04:02:42.060058+00:00
2026-03-21 00:00:00+00:00,-0.002238,v3,12h,XRP,fr,/futures/fundingRate/ohlc-history,2026-04-24T04:02:42.060058+00:00
2026-03-21 12:00:00+00:00,-0.009195,v3,12h,XRP,fr,/futures/fundingRate/ohlc-history,2026-04-24T04:02:42.060058+00:00
2026-03-22 00:00:00+00:00,-0.00317,v3,12h,XRP,fr,/futures/fundingRate/ohlc-history,2026-04-24T04:02:42.060058+00:00
2026-03-22 12:00:00+00:00,0.003667,v3,12h,XRP,fr,/futures/fundingRate/ohlc-history,2026-04-24T04:02:42.060058+00:00
2026-03-23 00:00:00+00:00,-0.001171,v3,12h,XRP,fr,/futures/fundingRate/ohlc-history,2026-04-24T04:02:42.060058+00:00
2026-03-23 12:00:00+00:00,0.00667,v3,12h,XRP,fr,/futures/fundingRate/ohlc-history,2026-04-24T04:02:42.060058+00:00
2026-03-24 00:00:00+00:00,-0.00124,v3,12h,XRP,fr,/futures/fundingRate/ohlc-history,2026-04-24T04:02:42.060058+00:00
2026-03-24 12:00:00+00:00,-0.009222,v3,12h,XRP,fr,/futures/fundingRate/ohlc-history,2026-04-24T04:02:42.060058+00:00
2026-03-25 00:00:00+00:00,0.002867,v3,12h,XRP,fr,/futures/fundingRate/ohlc-history,2026-04-24T04:02:42.060058+00:00
2026-03-25 12:00:00+00:00,-0.005926,v3,12h,XRP,fr,/futures/fundingRate/ohlc-history,2026-04-24T04:02:42.060058+00:00
2026-03-26 00:00:00+00:00,-0.018438,v3,12h,XRP,fr,/futures/fundingRate/ohlc-history,2026-04-24T04:02:42.060058+00:00
2026-03-26 12:00:00+00:00,-0.017972,v3,12h,XRP,fr,/futures/fundingRate/ohlc-history,2026-04-24T04:02:42.060058+00:00
2026-03-27 00:00:00+00:00,-0.003695,v3,12h,XRP,fr,/futures/fundingRate/ohlc-history,2026-04-24T04:02:42.060058+00:00
2026-03-27 12:00:00+00:00,-0.014411,v3,12h,XRP,fr,/futures/fundingRate/ohlc-history,2026-04-24T04:02:42.060058+00:00
2026-03-28 00:00:00+00:00,-0.004767,v3,12h,XRP,fr,/futures/fundingRate/ohlc-history,2026-04-24T04:02:42.060058+00:00
2026-03-28 12:00:00+00:00,-0.001468,v3,12h,XRP,fr,/futures/fundingRate/ohlc-history,2026-04-24T04:02:42.060058+00:00
2026-03-29 00:00:00+00:00,-0.004282,v3,12h,XRP,fr,/futures/fundingRate/ohlc-history,2026-04-24T04:02:42.060058+00:00
2026-03-29 12:00:00+00:00,-0.014292,v3,12h,XRP,fr,/futures/fundingRate/ohlc-history,2026-04-24T04:02:42.060058+00:00
2026-03-30 00:00:00+00:00,0.009675,v3,12h,XRP,fr,/futures/fundingRate/ohlc-history,2026-04-24T04:02:42.060058+00:00
2026-03-30 12:00:00+00:00,-0.007922,v3,12h,XRP,fr,/futures/fundingRate/ohlc-history,2026-04-24T04:02:42.060058+00:00
2026-03-31 00:00:00+00:00,-0.012925,v3,12h,XRP,fr,/futures/fundingRate/ohlc-history,2026-04-24T04:02:42.060058+00:00
2026-03-31 12:00:00+00:00,0.0056,v3,12h,XRP,fr,/futures/fundingRate/ohlc-history,2026-04-24T04:02:42.060058+00:00
2026-04-01 00:00:00+00:00,0.008079,v3,12h,XRP,fr,/futures/fundingRate/ohlc-history,2026-04-24T04:02:42.060058+00:00
2026-04-01 12:00:00+00:00,0.005733,v3,12h,XRP,fr,/futures/fundingRate/ohlc-history,2026-04-24T04:02:42.060058+00:00
2026-04-02 00:00:00+00:00,-0.009973,v3,12h,XRP,fr,/futures/fundingRate/ohlc-history,2026-04-24T04:02:42.060058+00:00
2026-04-02 12:00:00+00:00,-0.004744,v3,12h,XRP,fr,/futures/fundingRate/ohlc-history,2026-04-24T04:02:42.060058+00:00
2026-04-03 00:00:00+00:00,0.004044,v3,12h,XRP,fr,/futures/fundingRate/ohlc-history,2026-04-24T04:02:42.060058+00:00
2026-04-03 12:00:00+00:00,0.003136,v3,12h,XRP,fr,/futures/fundingRate/ohlc-history,2026-04-24T04:02:42.060058+00:00
2026-04-04 00:00:00+00:00,-0.009195,v3,12h,XRP,fr,/futures/fundingRate/ohlc-history,2026-04-24T04:02:42.060058+00:00
2026-04-04 12:00:00+00:00,-0.011222,v3,12h,XRP,fr,/futures/fundingRate/ohlc-history,2026-04-24T04:02:42.060058+00:00
2026-04-05 00:00:00+00:00,-0.019243,v3,12h,XRP,fr,/futures/fundingRate/ohlc-history,2026-04-24T04:02:42.060058+00:00
2026-04-05 12:00:00+00:00,-0.00049,v3,12h,XRP,fr,/futures/fundingRate/ohlc-history,2026-04-24T04:02:42.060058+00:00
2026-04-06 00:00:00+00:00,0.01,v3,12h,XRP,fr,/futures/fundingRate/ohlc-history,2026-04-24T04:02:42.060058+00:00
2026-04-06 12:00:00+00:00,0.002855,v3,12h,XRP,fr,/futures/fundingRate/ohlc-history,2026-04-24T04:02:42.060058+00:00
2026-04-07 00:00:00+00:00,-0.006592,v3,12h,XRP,fr,/futures/fundingRate/ohlc-history,2026-04-24T04:02:42.060058+00:00
2026-04-07 12:00:00+00:00,0.007693,v3,12h,XRP,fr,/futures/fundingRate/ohlc-history,2026-04-24T04:02:42.060058+00:00
2026-04-08 00:00:00+00:00,0.01,v3,12h,XRP,fr,/futures/fundingRate/ohlc-history,2026-04-24T04:02:42.060058+00:00
2026-04-08 12:00:00+00:00,0.003376,v3,12h,XRP,fr,/futures/fundingRate/ohlc-history,2026-04-24T04:02:42.060058+00:00
2026-04-09 00:00:00+00:00,-0.010321,v3,12h,XRP,fr,/futures/fundingRate/ohlc-history,2026-04-24T04:02:42.060058+00:00
2026-04-09 12:00:00+00:00,0.006373,v3,12h,XRP,fr,/futures/fundingRate/ohlc-history,2026-04-24T04:02:42.060058+00:00
2026-04-10 00:00:00+00:00,0.001055,v3,12h,XRP,fr,/futures/fundingRate/ohlc-history,2026-04-24T04:02:42.060058+00:00
2026-04-10 12:00:00+00:00,0.008244,v3,12h,XRP,fr,/futures/fundingRate/ohlc-history,2026-04-24T04:02:42.060058+00:00
2026-04-11 00:00:00+00:00,-0.008448,v3,12h,XRP,fr,/futures/fundingRate/ohlc-history,2026-04-24T04:02:42.060058+00:00
2026-04-11 12:00:00+00:00,0.007387,v3,12h,XRP,fr,/futures/fundingRate/ohlc-history,2026-04-24T04:02:42.060058+00:00
2026-04-12 00:00:00+00:00,-0.015322,v3,12h,XRP,fr,/futures/fundingRate/ohlc-history,2026-04-24T04:02:42.060058+00:00
2026-04-12 12:00:00+00:00,-0.007318,v3,12h,XRP,fr,/futures/fundingRate/ohlc-history,2026-04-24T04:02:42.060058+00:00
2026-04-13 00:00:00+00:00,0.005479,v3,12h,XRP,fr,/futures/fundingRate/ohlc-history,2026-04-24T04:02:42.060058+00:00
2026-04-13 12:00:00+00:00,0.01,v3,12h,XRP,fr,/futures/fundingRate/ohlc-history,2026-04-24T04:02:42.060058+00:00
2026-04-14 00:00:00+00:00,0.004821,v3,12h,XRP,fr,/futures/fundingRate/ohlc-history,2026-04-24T04:02:42.060058+00:00
2026-04-14 12:00:00+00:00,0.000424,v3,12h,XRP,fr,/futures/fundingRate/ohlc-history,2026-04-24T04:02:42.060058+00:00
2026-04-15 00:00:00+00:00,-0.000485,v3,12h,XRP,fr,/futures/fundingRate/ohlc-history,2026-04-24T04:02:42.060058+00:00
2026-04-15 12:00:00+00:00,0.01,v3,12h,XRP,fr,/futures/fundingRate/ohlc-history,2026-04-24T04:02:42.060058+00:00
2026-04-16 00:00:00+00:00,0.001845,v3,12h,XRP,fr,/futures/fundingRate/ohlc-history,2026-04-24T04:02:42.060058+00:00
2026-04-16 12:00:00+00:00,0.003093,v3,12h,XRP,fr,/futures/fundingRate/ohlc-history,2026-04-24T04:02:42.060058+00:00
2026-04-17 00:00:00+00:00,0.002411,v3,12h,XRP,fr,/futures/fundingRate/ohlc-history,2026-04-24T04:02:42.060058+00:00
2026-04-17 12:00:00+00:00,0.008078,v3,12h,XRP,fr,/futures/fundingRate/ohlc-history,2026-04-24T04:02:42.060058+00:00
2026-04-18 00:00:00+00:00,0.008881,v3,12h,XRP,fr,/futures/fundingRate/ohlc-history,2026-04-24T04:02:42.060058+00:00
2026-04-18 12:00:00+00:00,0.00162,v3,12h,XRP,fr,/futures/fundingRate/ohlc-history,2026-04-24T04:02:42.060058+00:00
2026-04-19 00:00:00+00:00,0.000437,v3,12h,XRP,fr,/futures/fundingRate/ohlc-history,2026-04-24T04:02:42.060058+00:00
2026-04-19 12:00:00+00:00,0.003363,v3,12h,XRP,fr,/futures/fundingRate/ohlc-history,2026-04-24T04:02:42.060058+00:00
2026-04-20 00:00:00+00:00,-0.004179,v3,12h,XRP,fr,/futures/fundingRate/ohlc-history,2026-04-24T04:02:42.060058+00:00
2026-04-20 12:00:00+00:00,-0.000445,v3,12h,XRP,fr,/futures/fundingRate/ohlc-history,2026-04-24T04:02:42.060058+00:00
2026-04-21 00:00:00+00:00,0.005255,v3,12h,XRP,fr,/futures/fundingRate/ohlc-history,2026-04-24T04:02:42.060058+00:00
2026-04-21 12:00:00+00:00,0.002449,v3,12h,XRP,fr,/futures/fundingRate/ohlc-history,2026-04-24T04:02:42.060058+00:00
2026-04-22 00:00:00+00:00,0.003389,v3,12h,XRP,fr,/futures/fundingRate/ohlc-history,2026-04-24T04:02:42.060058+00:00
2026-04-22 12:00:00+00:00,-0.002946,v3,12h,XRP,fr,/futures/fundingRate/ohlc-history,2026-04-24T04:02:42.060058+00:00
2026-04-23 00:00:00+00:00,-0.003084,v3,12h,XRP,fr,/futures/fundingRate/ohlc-history,2026-04-24T04:02:42.060058+00:00
2026-04-23 12:00:00+00:00,0.005088,v3,12h,XRP,fr,/futures/fundingRate/ohlc-history,2026-04-24T04:02:42.060058+00:00
2026-04-24 00:00:00+00:00,0.008383,v3,12h,XRP,fr,/futures/fundingRate/ohlc-history,2026-04-24T04:02:42.060058+00:00
